2026-09-24 08:29:03 | INFO | Site crawler starting
2026-09-24 08:29:03 | INFO | Starting crawl: https://www.singtel.com
2026-09-24 08:29:03 | INFO | Max pages: 9000, Delay: 350ms, Timeout: 15000ms
2026-09-24 08:29:03 | INFO | Max retries per URL: 1
2026-09-24 08:29:03 | INFO | Robots.txt disallow rules found: 1
2026-09-24 08:29:06 | INFO | ✓ 1/9000 | Queue: 9 | ✅ https://www.singtel.com/...
2026-09-24 08:29:07 | INFO | ✓ 2/9000 | Queue: 8 | ✅ https://www.singtel.com/data-protection...
2026-09-24 08:29:08 | INFO | ✓ 3/9000 | Queue: 7 | ✅ https://www.singtel.com/standard-agreement...
2026-09-24 08:29:09 | INFO | ✓ 4/9000 | Queue: 6 | ✅ https://www.singtel.com/personal/terms...
2026-09-24 08:29:10 | INFO | ✓ 5/9000 | Queue: 5 | ✅ https://www.singtel.com/copyright...
2026-09-24 08:29:11 | INFO | ✓ 6/9000 | Queue: 4 | ✅ https://www.singtel.com/contact-us...
2026-09-24 08:29:12 | INFO | ✓ 7/9000 | Queue: 58 | ✅ https://www.singtel.com/business/why-singtel-busin...
2026-09-24 08:29:13 | INFO | ✓ 8/9000 | Queue: 60 | ✅ https://www.singtel.com/store-locator...
2026-09-24 08:29:14 | INFO | ✓ 9/9000 | Queue: 80 | ✅ https://www.singtel.com/business...
2026-09-24 08:29:16 | INFO | ✓ 10/9000 | Queue: 79 | ✅ https://www.singtel.com/personal...
2026-09-24 08:29:18 | INFO | ✓ 11/9000 | Queue: 83 | ✅ https://www.singtel.com/digital-infraco...
2026-09-24 08:29:19 | INFO | ✓ 12/9000 | Queue: 85 | ✅ https://www.singtel.com/support...
2026-09-24 08:29:20 | INFO | ✓ 13/9000 | Queue: 84 | ✅ https://www.singtel.com/about-us...
2026-09-24 08:29:22 | INFO | ✓ 14/9000 | Queue: 83 | ✅ https://www.singtel.com/business/products-services...
2026-09-24 08:29:23 | INFO | ✓ 15/9000 | Queue: 114 | ✅ https://www.singtel.com/business/products-services...
2026-09-24 08:29:24 | INFO | ✓ 16/9000 | Queue: 113 | ✅ https://www.singtel.com/business/products-services...
2026-09-24 08:29:25 | INFO | ✓ 17/9000 | Queue: 121 | ✅ https://www.singtel.com/business/products-services...
2026-09-24 08:29:26 | INFO | ✓ 18/9000 | Queue: 127 | ✅ https://www.singtel.com/business/products-services...
2026-09-24 08:29:27 | INFO | ✓ 19/9000 | Queue: 131 | ✅ https://www.singtel.com/business/products-services...
2026-09-24 08:29:28 | INFO | ✓ 20/9000 | Queue: 133 | ✅ https://www.singtel.com/business/products-services...
2026-09-24 08:29:29 | INFO | ✓ 21/9000 | Queue: 136 | ✅ https://www.singtel.com/business/products-services...
2026-09-24 08:29:30 | INFO | ✓ 22/9000 | Queue: 135 | ✅ https://www.singtel.com/business/products-services...
2026-09-24 08:29:31 | INFO | ✓ 23/9000 | Queue: 134 | ✅ https://www.singtel.com/business/products-services...
2026-09-24 08:29:35 | INFO | ✓ 24/9000 | Queue: 147 | ✅ https://www.singtel.com/business/products-services...
2026-09-24 08:29:36 | INFO | ✓ 25/9000 | Queue: 160 | ✅ https://www.singtel.com/business/products-services...
2026-09-24 08:29:37 | INFO | ✓ 26/9000 | Queue: 159 | ✅ https://www.singtel.com/business/products-services...
2026-09-24 08:29:38 | INFO | ✓ 27/9000 | Queue: 163 | ✅ https://www.singtel.com/business/products-services...
2026-09-24 08:29:39 | INFO | ✓ 28/9000 | Queue: 164 | ✅ https://www.singtel.com/business/products-services...
2026-09-24 08:29:41 | INFO | ✓ 29/9000 | Queue: 163 | ✅ https://www.singtel.com/business/smb...
2026-09-24 08:29:42 | INFO | ✓ 30/9000 | Queue: 162 | ✅ https://www.singtel.com/business/smb/overview...
2026-09-24 08:29:43 | INFO | ✓ 31/9000 | Queue: 162 | ✅ https://www.singtel.com/business/smb/promotions...
2026-09-24 08:29:44 | INFO | ✓ 32/9000 | Queue: 162 | ✅ https://www.singtel.com/business/smb/solutions...
2026-09-24 08:29:46 | INFO | ✓ 33/9000 | Queue: 161 | ✅ https://www.singtel.com/business/smb/resources...
2026-09-24 08:29:49 | INFO | ✓ 34/9000 | Queue: 160 | ✅ https://www.singtel.com/business/smb/eshop...
2026-09-24 08:29:50 | INFO | ✓ 35/9000 | Queue: 159 | ✅ https://www.singtel.com/business/enterprise...
2026-09-24 08:29:52 | INFO | ✓ 36/9000 | Queue: 158 | ✅ https://www.singtel.com/business/enterprise/5g-inn...
2026-09-24 08:29:53 | INFO | ✓ 37/9000 | Queue: 157 | ✅ https://www.singtel.com/business/enterprise/cloud-...
2026-09-24 08:29:54 | INFO | ✓ 38/9000 | Queue: 156 | ✅ https://www.singtel.com/business/enterprise/quantu...
2026-09-24 08:29:56 | INFO | ✓ 39/9000 | Queue: 155 | ✅ https://www.singtel.com/business/enterprise/cyber-...
2026-09-24 08:29:57 | INFO | ✓ 40/9000 | Queue: 154 | ✅ https://www.singtel.com/business/enterprise/iot...
2026-09-24 08:29:59 | INFO | ✓ 41/9000 | Queue: 163 | ✅ https://www.singtel.com/business/enterprise/commun...
2026-09-24 08:30:01 | INFO | ✓ 42/9000 | Queue: 181 | ✅ https://www.singtel.com/business/insights...
2026-09-24 08:30:01 | INFO | ✓ 43/9000 | Queue: 180 | ✅ https://www.singtel.com/business/insights/business...
2026-09-24 08:30:02 | INFO | ✓ 44/9000 | Queue: 179 | ✅ https://www.singtel.com/business/support...
2026-09-24 08:30:03 | INFO | ✓ 45/9000 | Queue: 178 | ✅ https://www.singtel.com/business/support/support...
2026-09-24 08:30:04 | INFO | ✓ 46/9000 | Queue: 177 | ✅ https://www.singtel.com/business/support/support-m...
2026-09-24 08:30:06 | INFO | ✓ 47/9000 | Queue: 176 | ✅ https://www.singtel.com/business/support/support-c...
2026-09-24 08:30:07 | INFO | ✓ 48/9000 | Queue: 175 | ✅ https://www.singtel.com/business/support/support-v...
2026-09-24 08:30:08 | INFO | ✓ 49/9000 | Queue: 174 | ✅ https://www.singtel.com/business/support/support-s...
2026-09-24 08:30:08 | INFO | ✓ 50/9000 | Queue: 173 | ✅ https://www.singtel.com/business/support/check-dat...
2026-09-24 08:30:09 | INFO | ✓ 51/9000 | Queue: 172 | ✅ https://www.singtel.com/business/support/business-...
2026-09-24 08:30:10 | INFO | ✓ 52/9000 | Queue: 171 | ✅ https://www.singtel.com/business/support/support-r...
2026-09-24 08:30:12 | INFO | ✓ 53/9000 | Queue: 170 | ✅ https://www.singtel.com/business/why-singtel-busin...
2026-09-24 08:30:13 | INFO | ✓ 54/9000 | Queue: 169 | ✅ https://www.singtel.com/business/why-singtel-busin...
2026-09-24 08:30:14 | INFO | ✓ 55/9000 | Queue: 169 | ✅ https://www.singtel.com/business/why-singtel-busin...
2026-09-24 08:30:15 | INFO | ✓ 56/9000 | Queue: 170 | ✅ https://www.singtel.com/business/why-singtel-busin...
2026-09-24 08:30:16 | INFO | ✓ 57/9000 | Queue: 169 | ✅ https://www.singtel.com/business/why-singtel-busin...
2026-09-24 08:30:17 | INFO | ✓ 58/9000 | Queue: 168 | ✅ https://www.singtel.com/business/why-singtel-busin...
2026-09-24 08:30:18 | INFO | ✓ 59/9000 | Queue: 166 | ✅ https://www.singtel.com/standard-agreement-new...
2026-09-24 08:30:21 | INFO | ✓ 60/9000 | Queue: 161 | ✅ https://www.singtel.com/personal/products-services...
2026-09-24 08:30:23 | INFO | ✓ 61/9000 | Queue: 160 | ✅ https://www.singtel.com/business/info/apple/iphone...
2026-09-24 08:30:24 | INFO | ✓ 62/9000 | Queue: 158 | ✅ https://www.singtel.com/business/forms/support/bus...
2026-09-24 08:30:25 | INFO | ✓ 63/9000 | Queue: 156 | ✅ https://www.singtel.com/business/forms/support/bus...
2026-09-24 08:30:26 | INFO | ✓ 64/9000 | Queue: 163 | ✅ https://www.singtel.com/business/campaign/cubiclel...
2026-09-24 08:30:27 | INFO | ✓ 65/9000 | Queue: 163 | ✅ https://www.singtel.com/business/smb/campaign/sing...
2026-09-24 08:30:28 | INFO | ✓ 66/9000 | Queue: 162 | ✅ https://www.singtel.com/business/promotions/startu...
2026-09-24 08:30:29 | INFO | ✓ 67/9000 | Queue: 161 | ✅ https://www.singtel.com/business/promotions/busine...
2026-09-24 08:30:30 | INFO | ✓ 68/9000 | Queue: 160 | ✅ https://www.singtel.com/business/promotions/busine...
2026-09-24 08:30:31 | INFO | ✓ 69/9000 | Queue: 159 | ✅ https://www.singtel.com/business/promotions/busine...
2026-09-24 08:30:33 | INFO | ✓ 70/9000 | Queue: 158 | ✅ https://www.singtel.com/business/promotions/ICT-so...
2026-09-24 08:30:35 | INFO | ✓ 71/9000 | Queue: 159 | ✅ https://www.singtel.com/business/products-services...
2026-09-24 08:30:36 | INFO | ✓ 72/9000 | Queue: 158 | ✅ https://www.singtel.com/business/products-services...
2026-09-24 08:30:37 | INFO | ✓ 73/9000 | Queue: 158 | ✅ https://www.singtel.com/business/smb/grants...
2026-09-24 08:30:37 | INFO | ✓ 74/9000 | Queue: 156 | ✅ https://www.singtel.com/contact-us/form...
2026-09-24 08:30:38 | INFO | ✓ 75/9000 | Queue: 154 | ✅ https://www.singtel.com/business/forms/support/con...
2026-09-24 08:30:39 | INFO | ✓ 76/9000 | Queue: 155 | ✅ https://www.singtel.com/about-us/media-centre/news...
2026-09-24 08:30:41 | INFO | ✓ 77/9000 | Queue: 161 | ✅ https://www.singtel.com/paragon...
2026-09-24 08:30:42 | INFO | ✓ 78/9000 | Queue: 163 | ✅ https://www.singtel.com/business/products-services...
2026-09-24 08:30:43 | INFO | ✓ 79/9000 | Queue: 162 | ✅ https://www.singtel.com/personal/support/account-b...
2026-09-24 08:30:45 | INFO | ✓ 80/9000 | Queue: 166 | ✅ https://www.singtel.com/personal/my-account...
2026-09-24 08:30:46 | INFO | ✓ 81/9000 | Queue: 165 | ✅ https://www.singtel.com/personal/i/apps-tv/apps/my...
2026-09-24 08:30:47 | INFO | ✓ 82/9000 | Queue: 167 | ✅ https://www.singtel.com/about-us/media-centre/news...
2026-09-24 08:30:48 | INFO | ✓ 83/9000 | Queue: 173 | ✅ https://www.singtel.com/business/products-services...
2026-09-24 08:30:50 | INFO | ✓ 84/9000 | Queue: 175 | ✅ https://www.singtel.com/business/products-services...
2026-09-24 08:30:51 | INFO | ✓ 85/9000 | Queue: 181 | ✅ https://www.singtel.com/business/products-services...
2026-09-24 08:30:53 | INFO | ✓ 86/9000 | Queue: 181 | ✅ https://www.singtel.com/business/products-services...
2026-09-24 08:30:53 | INFO | ✓ 87/9000 | Queue: 183 | ✅ https://www.singtel.com/about-us/media-centre/news...
2026-09-24 08:30:54 | INFO | ✓ 88/9000 | Queue: 184 | ✅ https://www.singtel.com/business/products-services...
2026-09-24 08:30:55 | INFO | ✓ 89/9000 | Queue: 183 | ✅ https://www.singtel.com/business/products-services...
2026-09-24 08:30:57 | INFO | ✓ 90/9000 | Queue: 188 | ✅ https://www.singtel.com/business/products-services...
2026-09-24 08:30:57 | INFO | ✓ 91/9000 | Queue: 187 | ✅ https://www.singtel.com/business/products-services...
2026-09-24 08:30:58 | INFO | ✓ 92/9000 | Queue: 185 | ✅ https://www.singtel.com/business/articles/5g-and-m...
2026-09-24 08:31:00 | INFO | ✓ 93/9000 | Queue: 184 | ✅ https://www.singtel.com/business/insights/business...
2026-09-24 08:31:01 | INFO | ✓ 94/9000 | Queue: 186 | ✅ https://www.singtel.com/about-us/media-centre/news...
2026-09-24 08:31:02 | INFO | ✓ 95/9000 | Queue: 188 | ✅ https://www.singtel.com/about-us/media-centre/news...
2026-09-24 08:31:02 | INFO | ✓ 96/9000 | Queue: 190 | ✅ https://www.singtel.com/about-us/media-centre/news...
2026-09-24 08:31:03 | INFO | ✓ 97/9000 | Queue: 192 | ✅ https://www.singtel.com/about-us/media-centre/news...
2026-09-24 08:31:04 | INFO | ✓ 98/9000 | Queue: 194 | ✅ https://www.singtel.com/about-us/media-centre/news...
2026-09-24 08:31:05 | INFO | ✓ 99/9000 | Queue: 196 | ✅ https://www.singtel.com/about-us/media-centre/news...
2026-09-24 08:31:06 | INFO | ✓ 100/9000 | Queue: 198 | ✅ https://www.singtel.com/about-us/media-centre/news...
2026-09-24 08:31:06 | INFO | Checkpoint saved: 100 visited, 198 queued
2026-09-24 08:31:06 | INFO | ✓ 101/9000 | Queue: 200 | ✅ https://www.singtel.com/about-us/media-centre/news...
2026-09-24 08:31:07 | INFO | ✓ 102/9000 | Queue: 202 | ✅ https://www.singtel.com/about-us/media-centre/news...
2026-09-24 08:31:08 | INFO | ✓ 103/9000 | Queue: 204 | ✅ https://www.singtel.com/about-us/media-centre/news...
2026-09-24 08:31:09 | INFO | ✓ 104/9000 | Queue: 207 | ✅ https://www.singtel.com/business/insights/singtel-...
2026-09-24 08:31:10 | INFO | ✓ 105/9000 | Queue: 208 | ✅ https://www.singtel.com/business/insights/the-four...
2026-09-24 08:31:14 | INFO | ✓ 106/9000 | Queue: 211 | ✅ https://www.singtel.com/business/insights/the-netw...
2026-09-24 08:31:15 | INFO | ✓ 107/9000 | Queue: 213 | ✅ https://www.singtel.com/business/insights/rewildin...
2026-09-24 08:31:16 | INFO | ✓ 108/9000 | Queue: 217 | ✅ https://www.singtel.com/business/insights/when-sup...
2026-09-24 08:31:17 | INFO | ✓ 109/9000 | Queue: 220 | ✅ https://www.singtel.com/business/insights/restorin...
2026-09-24 08:31:18 | INFO | ✓ 110/9000 | Queue: 217 | ✅ https://www.singtel.com/business/products-services...
2026-09-24 08:31:19 | INFO | ✓ 111/9000 | Queue: 222 | ✅ https://www.singtel.com/business/products-services...
2026-09-24 08:31:20 | INFO | ✓ 112/9000 | Queue: 230 | ✅ https://www.singtel.com/business/products-services...
2026-09-24 08:31:21 | INFO | ✓ 113/9000 | Queue: 236 | ✅ https://www.singtel.com/business/products-services...
2026-09-24 08:31:23 | INFO | ✓ 114/9000 | Queue: 235 | ✅ https://www.singtel.com/business/products-services...
2026-09-24 08:31:24 | INFO | ✓ 115/9000 | Queue: 238 | ✅ https://www.singtel.com/business/insights/hospital...
2026-09-24 08:31:25 | INFO | ✓ 116/9000 | Queue: 241 | ✅ https://www.singtel.com/business/insights/when-tru...
2026-09-24 08:31:26 | INFO | ✓ 117/9000 | Queue: 242 | ✅ https://www.singtel.com/business/insights/ai-s-bre...
2026-09-24 08:31:27 | INFO | ✓ 118/9000 | Queue: 244 | ✅ https://www.singtel.com/business/insights/idc-mark...
2026-09-24 08:31:28 | INFO | ✓ 119/9000 | Queue: 247 | ✅ https://www.singtel.com/business/insights/2025-sin...
2026-09-24 08:31:29 | INFO | ✓ 120/9000 | Queue: 245 | ✅ https://www.singtel.com/business/products-services...
2026-09-24 08:31:30 | INFO | ✓ 121/9000 | Queue: 245 | ✅ https://www.singtel.com/business/products-services...
2026-09-24 08:31:31 | INFO | ✓ 122/9000 | Queue: 244 | ✅ https://www.singtel.com/business/products-services...
2026-09-24 08:31:32 | INFO | ✓ 123/9000 | Queue: 240 | ✅ https://www.singtel.com/business/products-services...
2026-09-24 08:31:34 | INFO | ✓ 124/9000 | Queue: 240 | ✅ https://www.singtel.com/business/products-services...
2026-09-24 08:31:35 | INFO | ✓ 125/9000 | Queue: 239 | ✅ https://www.singtel.com/business/solutions/infrast...
2026-09-24 08:31:36 | INFO | ✓ 126/9000 | Queue: 241 | ✅ https://www.singtel.com/business/products-services...
2026-09-24 08:31:37 | INFO | ✓ 127/9000 | Queue: 240 | ✅ https://www.singtel.com/business/products-services...
2026-09-24 08:31:38 | INFO | ✓ 128/9000 | Queue: 241 | ✅ https://www.singtel.com/business/products-services...
2026-09-24 08:31:39 | INFO | ✓ 129/9000 | Queue: 240 | ✅ https://www.singtel.com/business/products-services...
2026-09-24 08:31:40 | INFO | ✓ 130/9000 | Queue: 242 | ✅ https://www.singtel.com/business/products-services...
2026-09-24 08:31:41 | INFO | ✓ 131/9000 | Queue: 243 | ✅ https://www.singtel.com/business/products-services...
2026-09-24 08:31:42 | INFO | ✓ 132/9000 | Queue: 243 | ✅ https://www.singtel.com/business/products-services...
2026-09-24 08:31:43 | INFO | ✓ 133/9000 | Queue: 245 | ✅ https://www.singtel.com/business/products-services...
2026-09-24 08:31:45 | INFO | ✓ 134/9000 | Queue: 246 | ✅ https://www.singtel.com/business/products-services...
2026-09-24 08:31:47 | INFO | ✓ 135/9000 | Queue: 245 | ✅ https://www.singtel.com/business/products-services...
2026-09-24 08:31:49 | INFO | ✓ 136/9000 | Queue: 246 | ✅ https://www.singtel.com/business/products-services...
2026-09-24 08:31:51 | INFO | ✓ 137/9000 | Queue: 245 | ✅ https://www.singtel.com/business/solutions/cyberse...
2026-09-24 08:31:52 | INFO | ✓ 138/9000 | Queue: 244 | ✅ https://www.singtel.com/business/products-services...
2026-09-24 08:31:53 | INFO | ✓ 139/9000 | Queue: 247 | ✅ https://www.singtel.com/business/insights/network-...
2026-09-24 08:31:54 | INFO | ✓ 140/9000 | Queue: 250 | ✅ https://www.singtel.com/business/insights/singtel-...
2026-09-24 08:31:55 | INFO | ✓ 141/9000 | Queue: 253 | ✅ https://www.singtel.com/business/insights/autonomo...
2026-09-24 08:31:55 | INFO | ✓ 142/9000 | Queue: 254 | ✅ https://www.singtel.com/business/insights/network-...
2026-09-24 08:31:56 | INFO | ✓ 143/9000 | Queue: 257 | ✅ https://www.singtel.com/business/insights/why-the-...
2026-09-24 08:31:57 | INFO | ✓ 144/9000 | Queue: 260 | ✅ https://www.singtel.com/business/products-services...
2026-09-24 08:31:59 | INFO | ✓ 145/9000 | Queue: 261 | ✅ https://www.singtel.com/business/products-services...
2026-09-24 08:32:00 | INFO | ✓ 146/9000 | Queue: 262 | ✅ https://www.singtel.com/business/products-services...
2026-09-24 08:32:01 | INFO | ✓ 147/9000 | Queue: 265 | ✅ https://www.singtel.com/business/insights/xpeng-dr...
2026-09-24 08:32:03 | INFO | ✓ 148/9000 | Queue: 264 | ✅ https://www.singtel.com/business/articles/german-m...
2026-09-24 08:32:04 | INFO | ✓ 149/9000 | Queue: 267 | ✅ https://www.singtel.com/business/articles/byd-driv...
2026-09-24 08:32:06 | INFO | ✓ 150/9000 | Queue: 266 | ✅ https://www.singtel.com/business/articles/european...
2026-09-24 08:32:07 | INFO | ✓ 151/9000 | Queue: 269 | ✅ https://www.singtel.com/business/insights/singtel-...
2026-09-24 08:32:08 | INFO | ✓ 152/9000 | Queue: 270 | ✅ https://www.singtel.com/business/insights/industry...
2026-09-24 08:32:09 | INFO | ✓ 153/9000 | Queue: 270 | ✅ https://www.singtel.com/business/insights/inside-t...
2026-09-24 08:32:11 | INFO | ✓ 154/9000 | Queue: 270 | ✅ https://www.singtel.com/business/insights/2025-sea...
2026-09-24 08:32:12 | INFO | ✓ 155/9000 | Queue: 274 | ✅ https://www.singtel.com/business/insights/securing...
2026-09-24 08:32:14 | INFO | ✓ 156/9000 | Queue: 277 | ✅ https://www.singtel.com/business/insights/lighten-...
2026-09-24 08:32:14 | INFO | ✓ 157/9000 | Queue: 276 | ✅ https://www.singtel.com/business/products-services...
2026-09-24 08:32:15 | INFO | ✓ 158/9000 | Queue: 275 | ✅ https://www.singtel.com/business/products-services...
2026-09-24 08:32:17 | INFO | ✓ 159/9000 | Queue: 274 | ✅ https://www.singtel.com/business/products-services...
2026-09-24 08:32:18 | INFO | ✓ 160/9000 | Queue: 273 | ✅ https://www.singtel.com/business/products-services...
2026-09-24 08:32:19 | INFO | ✓ 161/9000 | Queue: 272 | ✅ https://www.singtel.com/business/products-services...
2026-09-24 08:32:21 | INFO | ✓ 162/9000 | Queue: 271 | ✅ https://www.singtel.com/business/products-services...
2026-09-24 08:32:22 | INFO | ✓ 163/9000 | Queue: 270 | ✅ https://www.singtel.com/business/products-services...
2026-09-24 08:32:23 | INFO | ✓ 164/9000 | Queue: 269 | ✅ https://www.singtel.com/business/solutions/grow-yo...
2026-09-24 08:32:24 | INFO | ✓ 165/9000 | Queue: 268 | ✅ https://www.singtel.com/business/promotions...
2026-09-24 08:32:25 | INFO | ✓ 166/9000 | Queue: 272 | ✅ https://www.singtel.com/business/products-services...
2026-09-24 08:32:26 | INFO | ✓ 167/9000 | Queue: 271 | ✅ https://www.singtel.com/business/products-services...
2026-09-24 08:32:28 | INFO | ✓ 168/9000 | Queue: 270 | ✅ https://www.singtel.com/business/products-services...
2026-09-24 08:32:29 | INFO | ✓ 169/9000 | Queue: 269 | ✅ https://www.singtel.com/business/products-services...
2026-09-24 08:32:30 | INFO | ✓ 170/9000 | Queue: 268 | ✅ https://www.singtel.com/business/products-services...
2026-09-24 08:32:31 | INFO | ✓ 171/9000 | Queue: 267 | ✅ https://www.singtel.com/business/products-services...
2026-09-24 08:32:32 | INFO | ✓ 172/9000 | Queue: 266 | ✅ https://www.singtel.com/business/products-services...
2026-09-24 08:32:33 | INFO | ✓ 173/9000 | Queue: 265 | ✅ https://www.singtel.com/business/products-services...
2026-09-24 08:32:34 | INFO | ✓ 174/9000 | Queue: 264 | ✅ https://www.singtel.com/business/products-services...
2026-09-24 08:32:36 | INFO | ✓ 175/9000 | Queue: 263 | ✅ https://www.singtel.com/business/products-services...
2026-09-24 08:32:37 | INFO | ✓ 176/9000 | Queue: 266 | ✅ https://www.singtel.com/business/insights/ai-is-sp...
2026-09-24 08:32:38 | INFO | ✓ 177/9000 | Queue: 269 | ✅ https://www.singtel.com/business/articles/overcomi...
2026-09-24 08:32:39 | INFO | ✓ 178/9000 | Queue: 272 | ✅ https://www.singtel.com/business/insights/protect-...
2026-09-24 08:32:39 | INFO | ✓ 179/9000 | Queue: 276 | ✅ https://www.singtel.com/business/insights/how-can-...
2026-09-24 08:32:41 | INFO | ✓ 180/9000 | Queue: 282 | ✅ https://www.singtel.com/business/insights/the-powe...
2026-09-24 08:32:43 | INFO | ✓ 181/9000 | Queue: 285 | ✅ https://www.singtel.com/business/insights/reconnec...
2026-09-24 08:32:44 | INFO | ✓ 182/9000 | Queue: 287 | ✅ https://www.singtel.com/business/insights/why-heal...
2026-09-24 08:32:45 | INFO | ✓ 183/9000 | Queue: 291 | ✅ https://www.singtel.com/business/insights/post-qua...
2026-09-24 08:32:45 | INFO | ✓ 184/9000 | Queue: 296 | ✅ https://www.singtel.com/business/insights/singtel-...
2026-09-24 08:32:46 | INFO | ✓ 185/9000 | Queue: 304 | ✅ https://www.singtel.com/business/insights/singtel-...
2026-09-24 08:32:47 | INFO | ✓ 186/9000 | Queue: 305 | ✅ https://www.singtel.com/business/insights/why-pass...
2026-09-24 08:32:49 | INFO | ✓ 187/9000 | Queue: 308 | ✅ https://www.singtel.com/business/insights/the-bran...
2026-09-24 08:32:50 | INFO | ✓ 188/9000 | Queue: 309 | ✅ https://www.singtel.com/business/insights/telcos-a...
2026-09-24 08:32:50 | INFO | ✓ 189/9000 | Queue: 312 | ✅ https://www.singtel.com/business/insights/turning-...
2026-09-24 08:32:52 | INFO | ✓ 190/9000 | Queue: 311 | ✅ https://www.singtel.com/about-us/sustainability.ht...
2026-09-24 08:32:52 | INFO | ✓ 191/9000 | Queue: 309 | ✅ https://www.singtel.com/about-us/media-centre...
2026-09-24 08:32:53 | INFO | ✓ 192/9000 | Queue: 308 | ✅ https://www.singtel.com/personal/my-account/manage...
2026-09-24 08:32:54 | INFO | ✓ 193/9000 | Queue: 308 | ✅ https://www.singtel.com/business/products-services...
2026-09-24 08:32:55 | INFO | ✓ 194/9000 | Queue: 307 | ✅ https://www.singtel.com/business/products-services...
2026-09-24 08:32:56 | INFO | ✓ 195/9000 | Queue: 308 | ✅ https://www.singtel.com/business/products-services...
2026-09-24 08:32:57 | INFO | ✓ 196/9000 | Queue: 315 | ✅ https://www.singtel.com/business/products-services...
2026-09-24 08:32:58 | INFO | ✓ 197/9000 | Queue: 317 | ✅ https://www.singtel.com/business/products-services...
2026-09-24 08:32:59 | INFO | ✓ 198/9000 | Queue: 315 | ✅ https://www.singtel.com/business/insights/2025-sg-...
2026-09-24 08:33:00 | INFO | ✓ 199/9000 | Queue: 312 | ✅ https://www.singtel.com/about-us/media-centre.html...
2026-09-24 08:33:02 | INFO | ✓ 200/9000 | Queue: 311 | ✅ https://www.singtel.com/about-us/media-centre/news...
2026-09-24 08:33:02 | INFO | Checkpoint saved: 200 visited, 311 queued
2026-09-24 08:33:03 | INFO | ✓ 201/9000 | Queue: 309 | ✅ https://www.singtel.com/about-us/media-centre/news...
2026-09-24 08:33:04 | INFO | ✓ 202/9000 | Queue: 310 | ✅ https://www.singtel.com/business/products-services...
2026-09-24 08:33:06 | INFO | ✓ 203/9000 | Queue: 311 | ✅ https://www.singtel.com/business/products-services...
2026-09-24 08:33:07 | INFO | ✓ 204/9000 | Queue: 310 | ✅ https://www.singtel.com/business/products-services...
2026-09-24 08:33:09 | INFO | ✓ 205/9000 | Queue: 309 | ✅ https://www.singtel.com/business/products-services...
2026-09-24 08:33:10 | INFO | ✓ 206/9000 | Queue: 311 | ✅ https://www.singtel.com/business/insights/manufact...
2026-09-24 08:33:11 | INFO | ✓ 207/9000 | Queue: 315 | ✅ https://www.singtel.com/business/insights/getting-...
2026-09-24 08:33:12 | INFO | ✓ 208/9000 | Queue: 314 | ✅ https://www.singtel.com/business/insights/overcomi...
2026-09-24 08:33:14 | INFO | ✓ 209/9000 | Queue: 313 | ✅ https://www.singtel.com/personal/my-account/orders...
2026-09-24 08:33:15 | INFO | ✓ 210/9000 | Queue: 312 | ✅ https://www.singtel.com/personal/my-account/orders...
2026-09-24 08:33:16 | INFO | ✓ 211/9000 | Queue: 313 | ✅ https://www.singtel.com/personal/my-account/bills-...
2026-09-24 08:33:17 | INFO | ✓ 212/9000 | Queue: 312 | ✅ https://www.singtel.com/personal/my-account/manage...
2026-09-24 08:33:18 | INFO | ✓ 213/9000 | Queue: 311 | ✅ https://www.singtel.com/personal/my-account/orders...
2026-09-24 08:33:19 | INFO | ✓ 214/9000 | Queue: 307 | ✅ https://www.singtel.com/business/articles/the-futu...
2026-09-24 08:33:20 | INFO | ✓ 215/9000 | Queue: 307 | ✅ https://www.singtel.com/business/products-services...
2026-09-24 08:33:21 | INFO | ✓ 216/9000 | Queue: 302 | ✅ https://www.singtel.com/business/products-services...
2026-09-24 08:33:22 | INFO | ✓ 217/9000 | Queue: 300 | ✅ https://www.singtel.com/business/articles/manage-f...
2026-09-24 08:33:23 | INFO | ✓ 218/9000 | Queue: 299 | ✅ https://www.singtel.com/business/articles/powering...
2026-09-24 08:33:24 | INFO | ✓ 219/9000 | Queue: 298 | ✅ https://www.singtel.com/business/articles/how-5g-s...
2026-09-24 08:33:25 | INFO | ✓ 220/9000 | Queue: 299 | ✅ https://www.singtel.com/business/campaign/behindev...
2026-09-24 08:33:27 | INFO | ✓ 221/9000 | Queue: 300 | ✅ https://www.singtel.com/business/articles/embracin...
2026-09-24 08:33:28 | INFO | ✓ 222/9000 | Queue: 295 | ✅ https://www.singtel.com/business/products-services...
2026-09-24 08:33:29 | INFO | ✓ 223/9000 | Queue: 291 | ✅ https://www.singtel.com/business/products-services...
2026-09-24 08:33:31 | INFO | ✓ 224/9000 | Queue: 290 | ✅ https://www.singtel.com/business/products-services...
2026-09-24 08:33:32 | INFO | ✓ 225/9000 | Queue: 289 | ✅ https://www.singtel.com/business/forms/support/5g-...
2026-09-24 08:33:33 | INFO | ✓ 226/9000 | Queue: 288 | ✅ https://www.singtel.com/business/products-services...
2026-09-24 08:33:35 | INFO | ✓ 227/9000 | Queue: 287 | ✅ https://www.singtel.com/business/products-services...
2026-09-24 08:33:36 | INFO | ✓ 228/9000 | Queue: 286 | ✅ https://www.singtel.com/business/products-services...
2026-09-24 08:33:37 | INFO | ✓ 229/9000 | Queue: 285 | ✅ https://www.singtel.com/business/products-services...
2026-09-24 08:33:39 | INFO | ✓ 230/9000 | Queue: 284 | ✅ https://www.singtel.com/business/products-services...
2026-09-24 08:33:40 | INFO | ✓ 231/9000 | Queue: 253 | ✅ https://www.singtel.com/business/insights/singtel-...
2026-09-24 08:33:42 | INFO | ✓ 232/9000 | Queue: 249 | ✅ https://www.singtel.com/business/insights/the-four...
2026-09-24 08:33:43 | INFO | ✓ 233/9000 | Queue: 247 | ✅ https://www.singtel.com/business/insights/the-netw...
2026-09-24 08:33:45 | INFO | ✓ 234/9000 | Queue: 243 | ✅ https://www.singtel.com/business/insights/rewildin...
2026-09-24 08:33:46 | INFO | ✓ 235/9000 | Queue: 243 | ✅ https://www.singtel.com/business/insights/why-spee...
2026-09-24 08:33:47 | INFO | ✓ 236/9000 | Queue: 242 | ✅ https://www.singtel.com/business/insights/when-sup...
2026-09-24 08:33:48 | INFO | ✓ 237/9000 | Queue: 242 | ✅ https://www.singtel.com/business/insights/advancin...
2026-09-24 08:33:49 | INFO | ✓ 238/9000 | Queue: 241 | ✅ https://www.singtel.com/business/insights/restorin...
2026-09-24 08:33:50 | INFO | ✓ 239/9000 | Queue: 238 | ✅ https://www.singtel.com/business/products-services...
2026-09-24 08:33:51 | INFO | ✓ 240/9000 | Queue: 237 | ✅ https://www.singtel.com/business/products-services...
2026-09-24 08:33:52 | INFO | ✓ 241/9000 | Queue: 236 | ✅ https://www.singtel.com/business/campaign/sd-conne...
2026-09-24 08:33:53 | INFO | ✓ 242/9000 | Queue: 235 | ✅ https://www.singtel.com/business/products-services...
2026-09-24 08:33:54 | INFO | ✓ 243/9000 | Queue: 234 | ✅ https://www.singtel.com/business/products-services...
2026-09-24 08:33:55 | INFO | ✓ 244/9000 | Queue: 233 | ✅ https://www.singtel.com/business/products-services...
2026-09-24 08:33:56 | INFO | ✓ 245/9000 | Queue: 239 | ✅ https://www.singtel.com/business/products-services...
2026-09-24 08:33:57 | INFO | ✓ 246/9000 | Queue: 239 | ✅ https://www.singtel.com/business/products-services...
2026-09-24 08:33:58 | INFO | ✓ 247/9000 | Queue: 239 | ✅ https://www.singtel.com/business/products-services...
2026-09-24 08:33:59 | INFO | ✓ 248/9000 | Queue: 238 | ✅ https://www.singtel.com/business/products-services...
2026-09-24 08:34:00 | INFO | ✓ 249/9000 | Queue: 239 | ✅ https://www.singtel.com/business/products-services...
2026-09-24 08:34:01 | INFO | ✓ 250/9000 | Queue: 239 | ✅ https://www.singtel.com/business/products-services...
2026-09-24 08:34:02 | INFO | ✓ 251/9000 | Queue: 239 | ✅ https://www.singtel.com/business/products-services...
2026-09-24 08:34:03 | INFO | ✓ 252/9000 | Queue: 238 | ✅ https://www.singtel.com/business/products-services...
2026-09-24 08:34:04 | INFO | ✓ 253/9000 | Queue: 239 | ✅ https://www.singtel.com/business/products-services...
2026-09-24 08:34:05 | INFO | ✓ 254/9000 | Queue: 239 | ✅ https://www.singtel.com/business/products-services...
2026-09-24 08:34:07 | INFO | ✓ 255/9000 | Queue: 240 | ✅ https://www.singtel.com/business/products-services...
2026-09-24 08:34:08 | INFO | ✓ 256/9000 | Queue: 240 | ✅ https://www.singtel.com/business/products-services...
2026-09-24 08:34:09 | INFO | ✓ 257/9000 | Queue: 240 | ✅ https://www.singtel.com/business/products-services...
2026-09-24 08:34:10 | INFO | ✓ 258/9000 | Queue: 241 | ✅ https://www.singtel.com/business/products-services...
2026-09-24 08:34:11 | INFO | ✓ 259/9000 | Queue: 242 | ✅ https://www.singtel.com/business/products-services...
2026-09-24 08:34:15 | INFO | ✓ 260/9000 | Queue: 246 | ✅ https://www.singtel.com/business/insights/business...
2026-09-24 08:34:17 | INFO | ✓ 261/9000 | Queue: 245 | ✅ https://www.singtel.com/business/insights/hospital...
2026-09-24 08:34:18 | INFO | ✓ 262/9000 | Queue: 241 | ✅ https://www.singtel.com/business/insights/when-tru...
2026-09-24 08:34:19 | INFO | ✓ 263/9000 | Queue: 235 | ✅ https://www.singtel.com/business/articles/scalable...
2026-09-24 08:34:21 | INFO | ✓ 264/9000 | Queue: 235 | ✅ https://www.singtel.com/business/insights/frost-an...
2026-09-24 08:34:22 | INFO | ✓ 265/9000 | Queue: 236 | ✅ https://www.singtel.com/business/insights/from-con...
2026-09-24 08:34:23 | INFO | ✓ 266/9000 | Queue: 234 | ✅ https://www.singtel.com/business/forms/support/meg...
2026-09-24 08:34:25 | INFO | ✓ 267/9000 | Queue: 263 | ✅ https://www.singtel.com/business/products-services...
2026-09-24 08:34:26 | INFO | ✓ 268/9000 | Queue: 258 | ✅ https://www.singtel.com/business/articles/is-the-m...
2026-09-24 08:34:27 | INFO | ✓ 269/9000 | Queue: 258 | ✅ https://www.singtel.com/business/products-services...
2026-09-24 08:34:28 | INFO | ✓ 270/9000 | Queue: 256 | ✅ https://www.singtel.com/business/products-services...
2026-09-24 08:34:30 | INFO | ✓ 271/9000 | Queue: 254 | ✅ https://www.singtel.com/business/products-services...
2026-09-24 08:34:32 | INFO | ✓ 272/9000 | Queue: 253 | ✅ https://www.singtel.com/business/products-services...
2026-09-24 08:34:33 | INFO | ✓ 273/9000 | Queue: 253 | ✅ https://www.singtel.com/business/products-services...
2026-09-24 08:34:35 | INFO | ✓ 274/9000 | Queue: 252 | ✅ https://www.singtel.com/business/insights/business...
2026-09-24 08:34:36 | INFO | ✓ 275/9000 | Queue: 251 | ✅ https://www.singtel.com/business/products-services...
2026-09-24 08:34:37 | INFO | ✓ 276/9000 | Queue: 251 | ✅ https://www.singtel.com/business/products-services...
2026-09-24 08:34:38 | INFO | ✓ 277/9000 | Queue: 251 | ✅ https://www.singtel.com/business/products-services...
2026-09-24 08:34:38 | INFO | ✓ 278/9000 | Queue: 249 | ✅ https://www.singtel.com/business/articles/deliveri...
2026-09-24 08:34:40 | INFO | ✓ 279/9000 | Queue: 248 | ✅ https://www.singtel.com/business/products-services...
2026-09-24 08:34:41 | INFO | ✓ 280/9000 | Queue: 247 | ✅ https://www.singtel.com/business/products-services...
2026-09-24 08:34:42 | INFO | ✓ 281/9000 | Queue: 245 | ✅ https://www.singtel.com/business/insights/network-...
2026-09-24 08:34:43 | INFO | ✓ 282/9000 | Queue: 241 | ✅ https://www.singtel.com/business/insights/singtel-...
2026-09-24 08:34:44 | INFO | ✓ 283/9000 | Queue: 237 | ✅ https://www.singtel.com/business/insights/autonomo...
2026-09-24 08:34:45 | INFO | ✓ 284/9000 | Queue: 233 | ✅ https://www.singtel.com/business/insights/network-...
2026-09-24 08:34:46 | INFO | ✓ 285/9000 | Queue: 231 | ✅ https://www.singtel.com/business/insights/why-the-...
2026-09-24 08:34:47 | INFO | ✓ 286/9000 | Queue: 230 | ✅ https://www.singtel.com/about-us/media-centre/news...
2026-09-24 08:34:49 | INFO | ✓ 287/9000 | Queue: 234 | ✅ https://www.singtel.com/business/products-services...
2026-09-24 08:34:51 | INFO | ✓ 288/9000 | Queue: 233 | ✅ https://www.singtel.com/business/products-services...
2026-09-24 08:34:52 | INFO | ✓ 289/9000 | Queue: 230 | ✅ https://www.singtel.com/business/products-services...
2026-09-24 08:34:53 | INFO | ✓ 290/9000 | Queue: 230 | ✅ https://www.singtel.com/business/products-services...
2026-09-24 08:34:54 | INFO | ✓ 291/9000 | Queue: 229 | ✅ https://www.singtel.com/business/forms/support/iot...
2026-09-24 08:34:55 | INFO | ✓ 292/9000 | Queue: 227 | ✅ https://www.singtel.com/business/insights/xpeng-dr...
2026-09-24 08:34:57 | INFO | ✓ 293/9000 | Queue: 219 | ✅ https://www.singtel.com/business/insights/singtel-...
2026-09-24 08:34:58 | INFO | ✓ 294/9000 | Queue: 218 | ✅ https://www.singtel.com/business/insights/industry...
2026-09-24 08:34:59 | INFO | ✓ 295/9000 | Queue: 218 | ✅ https://www.singtel.com/business/insights/transfor...
2026-09-24 08:35:00 | INFO | ✓ 296/9000 | Queue: 216 | ✅ https://www.singtel.com/business/insights/securing...
2026-09-24 08:35:01 | INFO | ✓ 297/9000 | Queue: 211 | ✅ https://www.singtel.com/business/insights/lighten-...
2026-09-24 08:35:02 | INFO | ✓ 298/9000 | Queue: 210 | ✅ https://www.singtel.com/business/insights/why-even...
2026-09-24 08:35:03 | INFO | ✓ 299/9000 | Queue: 214 | ✅ https://www.singtel.com/business/insights/secure-y...
2026-09-24 08:35:05 | INFO | ✓ 300/9000 | Queue: 218 | ✅ https://www.singtel.com/business/insights/are-otps...
2026-09-24 08:35:05 | INFO | Checkpoint saved: 300 visited, 218 queued
2026-09-24 08:35:06 | INFO | ✓ 301/9000 | Queue: 222 | ✅ https://www.singtel.com/business/insights/ipificat...
2026-09-24 08:35:08 | INFO | ✓ 302/9000 | Queue: 221 | ✅ https://www.singtel.com/business/articles/ai-is-sp...
2026-09-24 08:35:09 | INFO | ✓ 303/9000 | Queue: 217 | ✅ https://www.singtel.com/business/articles/overcomi...
2026-09-24 08:35:12 | INFO | ✓ 304/9000 | Queue: 213 | ✅ https://www.singtel.com/business/articles/protect-...
2026-09-24 08:35:13 | INFO | ✓ 305/9000 | Queue: 209 | ✅ https://www.singtel.com/business/articles/how-can-...
2026-09-24 08:35:15 | INFO | ✓ 306/9000 | Queue: 211 | ✅ https://www.singtel.com/business/campaign/quantums...
2026-09-24 08:35:16 | INFO | ✓ 307/9000 | Queue: 207 | ✅ https://www.singtel.com/business/articles/the-powe...
2026-09-24 08:35:17 | INFO | ✓ 308/9000 | Queue: 206 | ✅ https://www.singtel.com/business/products-services...
2026-09-24 08:35:19 | INFO | ✓ 309/9000 | Queue: 205 | ✅ https://www.singtel.com/business/products-services...
2026-09-24 08:35:20 | INFO | ✓ 310/9000 | Queue: 200 | ✅ https://www.singtel.com/business/insights/reconnec...
2026-09-24 08:35:22 | INFO | ✓ 311/9000 | Queue: 199 | ✅ https://www.singtel.com/business/insights/why-heal...
2026-09-24 08:35:23 | INFO | ✓ 312/9000 | Queue: 199 | ✅ https://www.singtel.com/business/campaign/sha-2026...
2026-09-24 08:35:24 | INFO | ✓ 313/9000 | Queue: 196 | ✅ https://www.singtel.com/business/insights/revoluti...
2026-09-24 08:35:25 | INFO | ✓ 314/9000 | Queue: 201 | ✅ https://www.singtel.com/business/insights/healthte...
2026-09-24 08:35:26 | INFO | ✓ 315/9000 | Queue: 204 | ✅ https://www.singtel.com/business/insights/differen...
2026-09-24 08:35:27 | INFO | ✓ 316/9000 | Queue: 200 | ✅ https://www.singtel.com/business/insights/post-qua...
2026-09-24 08:35:28 | INFO | ✓ 317/9000 | Queue: 197 | ✅ https://www.singtel.com/business/insights/2025-sin...
2026-09-24 08:35:29 | INFO | ✓ 318/9000 | Queue: 196 | ✅ https://www.singtel.com/business/insights/singtel-...
2026-09-24 08:35:30 | INFO | ✓ 319/9000 | Queue: 195 | ✅ https://www.singtel.com/business/insights/the-clou...
2026-09-24 08:35:31 | INFO | ✓ 320/9000 | Queue: 194 | ✅ https://www.singtel.com/business/insights/2025-sg-...
2026-09-24 08:35:32 | INFO | ✓ 321/9000 | Queue: 193 | ✅ https://www.singtel.com/business/insights/singtel-...
2026-09-24 08:35:33 | INFO | ✓ 322/9000 | Queue: 194 | ✅ https://www.singtel.com/business/insights/carbon-c...
2026-09-24 08:35:34 | INFO | ✓ 323/9000 | Queue: 204 | ✅ https://www.singtel.com/business/insights/sme/how-...
2026-09-24 08:35:35 | INFO | ✓ 324/9000 | Queue: 211 | ✅ https://www.singtel.com/business/insights/sme/choo...
2026-09-24 08:35:36 | INFO | ✓ 325/9000 | Queue: 214 | ✅ https://www.singtel.com/business/insights/managing...
2026-09-24 08:35:37 | INFO | ✓ 326/9000 | Queue: 221 | ✅ https://www.singtel.com/business/insights/sme/Secu...
2026-09-24 08:35:38 | INFO | ✓ 327/9000 | Queue: 220 | ✅ https://www.singtel.com/business/insights/why-pass...
2026-09-24 08:35:39 | INFO | ✓ 328/9000 | Queue: 218 | ✅ https://www.singtel.com/business/insights/the-bran...
2026-09-24 08:35:41 | INFO | ✓ 329/9000 | Queue: 214 | ✅ https://www.singtel.com/business/insights/telcos-a...
2026-09-24 08:35:42 | INFO | ✓ 330/9000 | Queue: 212 | ✅ https://www.singtel.com/business/insights/turning-...
2026-09-24 08:35:43 | INFO | ✓ 331/9000 | Queue: 206 | ✅ https://www.singtel.com/business/products-services...
2026-09-24 08:35:44 | INFO | ✓ 332/9000 | Queue: 205 | ✅ https://www.singtel.com/business/products-services...
2026-09-24 08:35:45 | INFO | ✓ 333/9000 | Queue: 211 | ✅ https://www.singtel.com/business/insights/network-...
2026-09-24 08:35:46 | INFO | ✓ 334/9000 | Queue: 214 | ✅ https://www.singtel.com/business/insights/securing...
2026-09-24 08:35:47 | INFO | ✓ 335/9000 | Queue: 218 | ✅ https://www.singtel.com/business/insights/guard-yo...
2026-09-24 08:35:48 | INFO | ✓ 336/9000 | Queue: 224 | ✅ https://www.singtel.com/business/insights/unlockin...
2026-09-24 08:35:49 | INFO | ✓ 337/9000 | Queue: 228 | ✅ https://www.singtel.com/business/insights/protect-...
2026-09-24 08:35:50 | INFO | ✓ 338/9000 | Queue: 227 | ✅ https://www.singtel.com/business/products-services...
2026-09-24 08:35:51 | INFO | ✓ 339/9000 | Queue: 226 | ✅ https://www.singtel.com/business/products-services...
2026-09-24 08:35:53 | INFO | ✓ 340/9000 | Queue: 222 | ✅ https://www.singtel.com/business/articles/cyber-br...
2026-09-24 08:35:54 | INFO | ✓ 341/9000 | Queue: 218 | ✅ https://www.singtel.com/business/articles/getting-...
2026-09-24 08:35:55 | INFO | ✓ 342/9000 | Queue: 213 | ✅ https://www.singtel.com/personal/my-account/bills-...
2026-09-24 08:35:55 | INFO | ✓ 343/9000 | Queue: 212 | ✅ https://www.singtel.com/personal/my-account/bills-...
2026-09-24 08:35:57 | INFO | ✓ 344/9000 | Queue: 210 | ✅ https://www.singtel.com/business/articles/3-steps-...
2026-09-24 08:35:58 | INFO | ✓ 345/9000 | Queue: 209 | ✅ https://www.singtel.com/business/articles/embracin...
2026-09-24 08:35:59 | INFO | ✓ 346/9000 | Queue: 205 | ✅ https://www.singtel.com/business/insights/why-spee...
2026-09-24 08:36:00 | INFO | ✓ 347/9000 | Queue: 203 | ✅ https://www.singtel.com/business/insights/advancin...
2026-09-24 08:36:02 | INFO | ✓ 348/9000 | Queue: 199 | ✅ https://www.singtel.com/business/products-services...
2026-09-24 08:36:03 | INFO | ✓ 349/9000 | Queue: 198 | ✅ https://www.singtel.com/personal/support/broadband...
2026-09-24 08:36:05 | INFO | ✓ 350/9000 | Queue: 196 | ✅ https://www.singtel.com/business/articles/sme/sing...
2026-09-24 08:36:06 | INFO | ✓ 351/9000 | Queue: 195 | ✅ https://www.singtel.com/business/articles/sme/choo...
2026-09-24 08:36:07 | INFO | ✓ 352/9000 | Queue: 195 | ✅ https://www.singtel.com/business/solutions/grow-yo...
2026-09-24 08:36:09 | INFO | ✓ 353/9000 | Queue: 194 | ✅ https://www.singtel.com/business/products-services...
2026-09-24 08:36:09 | INFO | ✓ 354/9000 | Queue: 189 | ✅ https://www.singtel.com/business/forms/support/wir...
2026-09-24 08:36:10 | INFO | ✓ 355/9000 | Queue: 188 | ✅ https://www.singtel.com/business/forms/support/sin...
2026-09-24 08:36:11 | INFO | ✓ 356/9000 | Queue: 187 | ✅ https://www.singtel.com/business/forms/support/sin...
2026-09-24 08:36:12 | INFO | ✓ 357/9000 | Queue: 180 | ⚠️ https://www.singtel.com/business/products-services...
2026-09-24 08:36:13 | INFO | ✓ 358/9000 | Queue: 179 | ✅ https://www.singtel.com/business/insights/business...
2026-09-24 08:36:15 | INFO | ✓ 359/9000 | Queue: 168 | ✅ https://www.singtel.com/business/insights/frost-an...
2026-09-24 08:36:16 | INFO | ✓ 360/9000 | Queue: 163 | ⚠️ https://www.singtel.com/our-reach...
2026-09-24 08:36:17 | INFO | ✓ 361/9000 | Queue: 162 | ⚠️ https://www.singtel.com/our-reach/our-reach...
2026-09-24 08:36:18 | INFO | ✓ 362/9000 | Queue: 161 | ⚠️ https://www.singtel.com/our-reach/singapore-dc-tua...
2026-09-24 08:36:18 | INFO | ✓ 363/9000 | Queue: 160 | ⚠️ https://www.singtel.com/our-reach/singapore-dc-wes...
2026-09-24 08:36:19 | INFO | ✓ 364/9000 | Queue: 159 | ⚠️ https://www.singtel.com/our-reach/singapore-dc-kim...
2026-09-24 08:36:20 | INFO | ✓ 365/9000 | Queue: 158 | ⚠️ https://www.singtel.com/our-reach/indonesia...
2026-09-24 08:36:20 | INFO | ✓ 366/9000 | Queue: 157 | ⚠️ https://www.singtel.com/our-reach/tm-nxera...
2026-09-24 08:36:21 | INFO | ✓ 367/9000 | Queue: 156 | ⚠️ https://www.singtel.com/our-reach/thailand...
2026-09-24 08:36:22 | INFO | ✓ 368/9000 | Queue: 155 | ⚠️ https://www.singtel.com/products-and-services...
2026-09-24 08:36:22 | INFO | ✓ 369/9000 | Queue: 154 | ⚠️ https://www.singtel.com/products-and-services/colo...
2026-09-24 08:36:23 | INFO | ✓ 370/9000 | Queue: 153 | ⚠️ https://www.singtel.com/products-and-services/priv...
2026-09-24 08:36:24 | INFO | ✓ 371/9000 | Queue: 152 | ⚠️ https://www.singtel.com/products-and-services/priv...
2026-09-24 08:36:25 | INFO | ✓ 372/9000 | Queue: 151 | ⚠️ https://www.singtel.com/products-and-services/cros...
2026-09-24 08:36:25 | INFO | ✓ 373/9000 | Queue: 150 | ⚠️ https://www.singtel.com/products-and-services/para...
2026-09-24 08:36:26 | INFO | ✓ 374/9000 | Queue: 149 | ⚠️ https://www.singtel.com/products-and-services/smar...
2026-09-24 08:36:27 | INFO | ✓ 375/9000 | Queue: 148 | ⚠️ https://www.singtel.com/products-and-services/it-a...
2026-09-24 08:36:28 | INFO | ✓ 376/9000 | Queue: 147 | ⚠️ https://www.singtel.com/sustainability...
2026-09-24 08:36:28 | INFO | ✓ 377/9000 | Queue: 146 | ⚠️ https://www.singtel.com/sustainability/energy-effi...
2026-09-24 08:36:29 | INFO | ✓ 378/9000 | Queue: 145 | ⚠️ https://www.singtel.com/insights...
2026-09-24 08:36:30 | INFO | ✓ 379/9000 | Queue: 144 | ⚠️ https://www.singtel.com/insights/business-insights...
2026-09-24 08:36:31 | INFO | ✓ 380/9000 | Queue: 143 | ⚠️ https://www.singtel.com/about-us/who-we-are...
2026-09-24 08:36:31 | INFO | ✓ 381/9000 | Queue: 142 | ⚠️ https://www.singtel.com/about-us/leadership...
2026-09-24 08:36:33 | INFO | ✓ 382/9000 | Queue: 175 | ✅ https://www.singtel.com/about-us/careers...
2026-09-24 08:36:34 | INFO | ✓ 383/9000 | Queue: 174 | ⚠️ https://www.singtel.com/about-us/newsroom...
2026-09-24 08:36:35 | INFO | ✓ 384/9000 | Queue: 173 | ⚠️ https://www.singtel.com/about-us/contact-us...
2026-09-24 08:36:35 | INFO | ✓ 385/9000 | Queue: 171 | ⚠️ https://www.singtel.com/terms-of-use...
2026-09-24 08:36:36 | INFO | ✓ 386/9000 | Queue: 172 | ✅ https://www.singtel.com/business/insights/beyond-s...
2026-09-24 08:36:37 | INFO | ✓ 387/9000 | Queue: 166 | ✅ https://www.singtel.com/business/insights/2025-sea...
2026-09-24 08:36:39 | INFO | ✓ 388/9000 | Queue: 169 | ✅ https://www.singtel.com/business/articles/byd-driv...
2026-09-24 08:36:40 | INFO | ✓ 389/9000 | Queue: 168 | ✅ https://www.singtel.com/business/articles/european...
2026-09-24 08:36:40 | INFO | ✓ 390/9000 | Queue: 167 | ✅ https://www.singtel.com/business/articles/global-a...
2026-09-24 08:36:41 | INFO | ✓ 391/9000 | Queue: 166 | ✅ https://www.singtel.com/business/articles/german-m...
2026-09-24 08:36:43 | INFO | ✓ 392/9000 | Queue: 159 | ✅ https://www.singtel.com/business/insights/why-even...
2026-09-24 08:36:44 | INFO | ✓ 393/9000 | Queue: 159 | ✅ https://www.singtel.com/business/articles/are-iot-...
2026-09-24 08:36:45 | INFO | ✓ 394/9000 | Queue: 154 | ✅ https://www.singtel.com/business/insights/are-otps...
2026-09-24 08:36:46 | INFO | ✓ 395/9000 | Queue: 149 | ✅ https://www.singtel.com/business/articles/ipificat...
2026-09-24 08:36:48 | INFO | ✓ 396/9000 | Queue: 145 | ✅ https://www.singtel.com/business/articles/how-tech...
2026-09-24 08:36:49 | INFO | ✓ 397/9000 | Queue: 146 | ✅ https://www.singtel.com/business/insights/reshapin...
2026-09-24 08:36:50 | INFO | ✓ 398/9000 | Queue: 150 | ✅ https://www.singtel.com/business/insights/how-agri...
2026-09-24 08:36:52 | INFO | ✓ 399/9000 | Queue: 144 | ✅ https://www.singtel.com/business/articles/vertical...
2026-09-24 08:36:52 | INFO | ✓ 400/9000 | Queue: 146 | ✅ https://www.singtel.com/about-us/media-centre/news...
2026-09-24 08:36:53 | INFO | Checkpoint saved: 400 visited, 146 queued
2026-09-24 08:36:54 | INFO | ✓ 401/9000 | Queue: 143 | ✅ https://www.singtel.com/business/articles/sme/how-...
2026-09-24 08:36:56 | INFO | ✓ 402/9000 | Queue: 133 | ✅ https://www.singtel.com/business/articles/sme/choo...
2026-09-24 08:36:57 | INFO | ✓ 403/9000 | Queue: 133 | ✅ https://www.singtel.com/business/insights/sme/How-...
2026-09-24 08:36:58 | INFO | ✓ 404/9000 | Queue: 140 | ✅ https://www.singtel.com/business/insights/sme/Defe...
2026-09-24 08:36:59 | INFO | ✓ 405/9000 | Queue: 148 | ✅ https://www.singtel.com/business/insights/sme/How-...
2026-09-24 08:37:00 | INFO | ✓ 406/9000 | Queue: 148 | ✅ https://www.singtel.com/business/articles/managing...
2026-09-24 08:37:02 | INFO | ✓ 407/9000 | Queue: 144 | ✅ https://www.singtel.com/business/articles/sme/Secu...
2026-09-24 08:37:03 | INFO | ✓ 408/9000 | Queue: 142 | ✅ https://www.singtel.com/business/solutions/cyberse...
2026-09-24 08:37:04 | INFO | ✓ 409/9000 | Queue: 142 | ✅ https://www.singtel.com/business/products-services...
2026-09-24 08:37:07 | INFO | ✓ 410/9000 | Queue: 141 | ✅ https://www.singtel.com/business/promotions/teleph...
2026-09-24 08:37:08 | INFO | ✓ 411/9000 | Queue: 137 | ✅ https://www.singtel.com/terms-general-enterprise...
2026-09-24 08:37:09 | INFO | ✓ 412/9000 | Queue: 136 | ✅ https://www.singtel.com/enterprise-mobile-terms-an...
2026-09-24 08:37:11 | INFO | ✓ 413/9000 | Queue: 135 | ✅ https://www.singtel.com/business/insights/network-...
2026-09-24 08:37:12 | INFO | ✓ 414/9000 | Queue: 135 | ✅ https://www.singtel.com/business/insights/why-digi...
2026-09-24 08:37:13 | INFO | ✓ 415/9000 | Queue: 140 | ✅ https://www.singtel.com/business/insights/wan-tran...
2026-09-24 08:37:14 | INFO | ✓ 416/9000 | Queue: 144 | ✅ https://www.singtel.com/business/insights/solving-...
2026-09-24 08:37:15 | INFO | ✓ 417/9000 | Queue: 146 | ✅ https://www.singtel.com/business/articles/making-c...
2026-09-24 08:37:16 | INFO | ✓ 418/9000 | Queue: 142 | ✅ https://www.singtel.com/business/articles/guard-yo...
2026-09-24 08:37:18 | INFO | ✓ 419/9000 | Queue: 137 | ✅ https://www.singtel.com/business/articles/unlockin...
2026-09-24 08:37:19 | INFO | ✓ 420/9000 | Queue: 137 | ✅ https://www.singtel.com/business/products-services...
2026-09-24 08:37:20 | INFO | ✓ 421/9000 | Queue: 136 | ✅ https://www.singtel.com/about-us/media-centre/news...
2026-09-24 08:37:21 | INFO | ✓ 422/9000 | Queue: 138 | ✅ https://www.singtel.com/about-us/media-centre/news...
2026-09-24 08:37:22 | INFO | ✓ 423/9000 | Queue: 137 | ✅ https://www.singtel.com/business/articles/protect-...
2026-09-24 08:37:23 | INFO | ✓ 424/9000 | Queue: 137 | ✅ https://www.singtel.com/business/products-services...
2026-09-24 08:37:26 | INFO | ✓ 425/9000 | Queue: 134 | ✅ https://www.singtel.com/personal/products-services...
2026-09-24 08:37:27 | INFO | ✓ 426/9000 | Queue: 134 | ✅ https://www.singtel.com/business/products-services...
2026-09-24 08:37:29 | INFO | ✓ 427/9000 | Queue: 133 | ✅ https://www.singtel.com/business/products-services...
2026-09-24 08:37:30 | INFO | ✓ 428/9000 | Queue: 121 | ⚠️ https://www.singtel.com/content/Our-Story?locale=e...
2026-09-24 08:37:30 | INFO | ✓ 429/9000 | Queue: 108 | ⚠️ https://www.singtel.com/viewalljobs...
2026-09-24 08:37:31 | INFO | ✓ 430/9000 | Queue: 105 | ⚠️ https://www.singtel.com/content/Life-at-Singtel-Gr...
2026-09-24 08:37:33 | INFO | ✓ 431/9000 | Queue: 104 | ⚠️ https://www.singtel.com/go/Retail-and-Customer-Ser...
2026-09-24 08:37:33 | INFO | ✓ 432/9000 | Queue: 103 | ⚠️ https://www.singtel.com/go/Technology/4559400...
2026-09-24 08:37:34 | INFO | ✓ 433/9000 | Queue: 102 | ⚠️ https://www.singtel.com/go/Jobs-at-Singtel/4567910...
2026-09-24 08:37:35 | INFO | ✓ 434/9000 | Queue: 101 | ⚠️ https://www.singtel.com/go/Business-Strategy-&-Pla...
2026-09-24 08:37:36 | INFO | ✓ 435/9000 | Queue: 100 | ⚠️ https://www.singtel.com/go/Communications-Engineer...
2026-09-24 08:37:36 | INFO | ✓ 436/9000 | Queue: 99 | ⚠️ https://www.singtel.com/go/Consulting-&-Client-Ser...
2026-09-24 08:37:37 | INFO | ✓ 437/9000 | Queue: 98 | ⚠️ https://www.singtel.com/go/Corporate/4702910...
2026-09-24 08:37:38 | INFO | ✓ 438/9000 | Queue: 97 | ⚠️ https://www.singtel.com/go/Data-&-Digital/4703010...
2026-09-24 08:37:39 | INFO | ✓ 439/9000 | Queue: 96 | ⚠️ https://www.singtel.com/go/Infrastructure-&-Manage...
2026-09-24 08:37:39 | INFO | ✓ 440/9000 | Queue: 95 | ⚠️ https://www.singtel.com/go/IT-Business-Application...
2026-09-24 08:37:41 | INFO | ✓ 441/9000 | Queue: 94 | ⚠️ https://www.singtel.com/go/Sales-&-Marketing/47034...
2026-09-24 08:37:44 | INFO | ✓ 442/9000 | Queue: 93 | ✅ https://www.singtel.com/search...
2026-09-24 08:37:45 | INFO | ✓ 443/9000 | Queue: 90 | ⚠️ https://www.singtel.com/topjobs...
2026-09-24 08:37:46 | INFO | ✓ 444/9000 | Queue: 93 | ✅ https://www.singtel.com/business/articles/beyond-s...
2026-09-24 08:37:46 | INFO | ✓ 445/9000 | Queue: 77 | ✅ https://www.singtel.com/business/articles/a-leadin...
2026-09-24 08:37:47 | INFO | ✓ 446/9000 | Queue: 76 | ✅ https://www.singtel.com/business/articles/the-chan...
2026-09-24 08:37:49 | INFO | ✓ 447/9000 | Queue: 75 | ✅ https://www.singtel.com/business/articles/quantum-...
2026-09-24 08:37:50 | INFO | ✓ 448/9000 | Queue: 74 | ✅ https://www.singtel.com/business/articles/reshapin...
2026-09-24 08:37:52 | INFO | ✓ 449/9000 | Queue: 69 | ✅ https://www.singtel.com/business/articles/how-agri...
2026-09-24 08:37:53 | INFO | ✓ 450/9000 | Queue: 74 | ✅ https://www.singtel.com/business/articles/creating...
2026-09-24 08:37:56 | INFO | ✓ 451/9000 | Queue: 64 | ⚠️ https://www.singtel.com/business/solutions/grow-yo...
2026-09-24 08:37:58 | INFO | ✓ 452/9000 | Queue: 63 | ✅ https://www.singtel.com/business/articles/sme/How-...
2026-09-24 08:37:59 | INFO | ✓ 453/9000 | Queue: 58 | ✅ https://www.singtel.com/business/articles/sme/Defe...
2026-09-24 08:38:00 | INFO | ✓ 454/9000 | Queue: 54 | ✅ https://www.singtel.com/business/products-services...
2026-09-24 08:38:01 | INFO | ✓ 455/9000 | Queue: 51 | ✅ https://www.singtel.com/business/articles/sme/How-...
2026-09-24 08:38:02 | INFO | ✓ 456/9000 | Queue: 48 | ✅ https://www.singtel.com/business/solutions/cyberse...
2026-09-24 08:38:03 | INFO | ✓ 457/9000 | Queue: 46 | ✅ https://www.singtel.com/business/solutions/cyberse...
2026-09-24 08:38:04 | INFO | ✓ 458/9000 | Queue: 40 | ✅ https://www.singtel.com/business/articles/unlockin...
2026-09-24 08:38:05 | INFO | ✓ 459/9000 | Queue: 36 | ✅ https://www.singtel.com/business/insights/wan-tran...
2026-09-24 08:38:06 | INFO | ✓ 460/9000 | Queue: 36 | ✅ https://www.singtel.com/business/products-services...
2026-09-24 08:38:07 | INFO | ✓ 461/9000 | Queue: 31 | ✅ https://www.singtel.com/business/insights/solving-...
2026-09-24 08:38:08 | INFO | ✓ 462/9000 | Queue: 30 | ✅ https://www.singtel.com/business/products-services...
2026-09-24 08:38:10 | INFO | ✓ 463/9000 | Queue: 30 | ✅ https://www.singtel.com/personal/products-services...
2026-09-24 08:38:12 | INFO | ✓ 464/9000 | Queue: 28 | ✅ https://www.singtel.com/business/articles/creating...
2026-09-24 08:38:14 | INFO | ✓ 465/9000 | Queue: 19 | ✅ https://www.singtel.com/personal/products-services...
2026-09-24 08:38:15 | INFO | ✓ 466/9000 | Queue: 26 | ✅ https://www.singtel.com/personal/products-services...
2026-09-24 08:38:17 | INFO | ✓ 467/9000 | Queue: 65 | ✅ https://www.singtel.com/personal/products-services...
2026-09-24 08:38:18 | INFO | ✓ 468/9000 | Queue: 64 | ✅ https://www.singtel.com/personal/products-services...
2026-09-24 08:38:19 | INFO | ✓ 469/9000 | Queue: 62 | ✅ https://www.singtel.com/personal/support/mobile-po...
2026-09-24 08:38:19 | INFO | ✓ 470/9000 | Queue: 61 | ✅ https://www.singtel.com/personal/support/self-serv...
2026-09-24 08:38:21 | INFO | ✓ 471/9000 | Queue: 61 | ✅ https://www.singtel.com/personal/products-services...
2026-09-24 08:38:22 | INFO | ✓ 472/9000 | Queue: 57 | ✅ http://singtel.com/personal/products-services/mobi...
2026-09-24 08:38:23 | INFO | ✓ 473/9000 | Queue: 56 | ✅ https://www.singtel.com/personal/terms/postpaid-mo...
2026-09-24 08:38:24 | INFO | ✓ 474/9000 | Queue: 51 | ✅ https://www.singtel.com/personal/products-services...
2026-09-24 08:38:26 | INFO | ✓ 475/9000 | Queue: 52 | ✅ https://www.singtel.com/personal/products-services...
2026-09-24 08:38:27 | INFO | ✓ 476/9000 | Queue: 51 | ✅ https://www.singtel.com/personal/products-services...
2026-09-24 08:38:28 | INFO | ✓ 477/9000 | Queue: 52 | ✅ https://www.singtel.com/personal/products-services...
2026-09-24 08:38:30 | INFO | ✓ 478/9000 | Queue: 57 | ✅ https://www.singtel.com/personal/products-services...
2026-09-24 08:38:31 | INFO | ✓ 479/9000 | Queue: 62 | ✅ https://www.singtel.com/personal/products-services...
2026-09-24 08:38:32 | INFO | ✓ 480/9000 | Queue: 76 | ✅ https://www.singtel.com/personal/products-services...
2026-09-24 08:38:34 | INFO | ✓ 481/9000 | Queue: 71 | ✅ https://www.singtel.com/personal/products-services...
2026-09-24 08:38:35 | INFO | ✓ 482/9000 | Queue: 69 | ✅ https://www.singtel.com/personal/products-services...
2026-09-24 08:38:37 | INFO | ✓ 483/9000 | Queue: 62 | ✅ https://www.singtel.com/personal/products-services...
2026-09-24 08:38:37 | INFO | ✓ 484/9000 | Queue: 59 | ✅ https://www.singtel.com/personal/products-services...
2026-09-24 08:38:38 | INFO | ✓ 485/9000 | Queue: 58 | ✅ https://www.singtel.com/personal/products-services...
2026-09-24 08:38:40 | INFO | ✓ 486/9000 | Queue: 54 | ✅ https://www.singtel.com/personal/products-services...
2026-09-24 08:38:40 | INFO | ✓ 487/9000 | Queue: 53 | ✅ https://www.singtel.com/personal/support/mobile-po...
2026-09-24 08:38:43 | INFO | ✓ 488/9000 | Queue: 53 | ✅ https://www.singtel.com/personal/mobile/plans/sim-...
2026-09-24 08:38:44 | INFO | ✓ 489/9000 | Queue: 52 | ✅ https://www.singtel.com/personal/products-services...
2026-09-24 08:38:45 | INFO | ✓ 490/9000 | Queue: 51 | ✅ https://www.singtel.com/personal/products-services...
2026-09-24 08:38:46 | INFO | ✓ 491/9000 | Queue: 50 | ✅ https://www.singtel.com/personal/support/mobile-po...
2026-09-24 08:38:47 | INFO | ✓ 492/9000 | Queue: 49 | ✅ https://www.singtel.com/personal/support/mobile-po...
2026-09-24 08:38:48 | INFO | ✓ 493/9000 | Queue: 69 | ✅ http://singtel.com/roaming...
2026-09-24 08:38:49 | INFO | ✓ 494/9000 | Queue: 68 | ✅ https://singtel.com/roaming...
2026-09-24 08:38:51 | INFO | ✓ 495/9000 | Queue: 67 | ✅ https://www.singtel.com/personal/products-services...
2026-09-24 08:38:51 | INFO | ✓ 496/9000 | Queue: 66 | ✅ https://www.singtel.com/personal/products-services...
2026-09-24 08:38:53 | INFO | ✓ 497/9000 | Queue: 65 | ✅ https://www.singtel.com/personal/products-services...
2026-09-24 08:38:58 | INFO | ✓ 498/9000 | Queue: 91 | ✅ https://www.singtel.com/personal/promotions/always...
2026-09-24 08:38:59 | INFO | ✓ 499/9000 | Queue: 90 | ✅ https://www.singtel.com/personal/my-account/manage...
2026-09-24 08:39:00 | INFO | ✓ 500/9000 | Queue: 89 | ✅ https://www.singtel.com/personal/products-services...
2026-09-24 08:39:00 | INFO | Checkpoint saved: 500 visited, 89 queued
2026-09-24 08:39:02 | INFO | ✓ 501/9000 | Queue: 88 | ✅ https://www.singtel.com/personal/products-services...
2026-09-24 08:39:03 | INFO | ✓ 502/9000 | Queue: 89 | ✅ http://singtel.com/personal/products-services/life...
2026-09-24 08:39:06 | INFO | ✓ 503/9000 | Queue: 92 | ✅ https://www.singtel.com/personal/mobile/services/p...
2026-09-24 08:39:06 | INFO | ✓ 504/9000 | Queue: 106 | ✅ https://www.singtel.com/personal/mobile/plans/sim-...
2026-09-24 08:39:09 | INFO | ✓ 505/9000 | Queue: 108 | ✅ https://singtel.com/personal/products-services/lif...
2026-09-24 08:39:11 | INFO | ✓ 506/9000 | Queue: 107 | ✅ https://singtel.com/personal/products-services/lif...
2026-09-24 08:39:11 | INFO | ✓ 507/9000 | Queue: 106 | ✅ https://www.singtel.com/personal/support/scam-advi...
2026-09-24 08:39:13 | INFO | ✓ 508/9000 | Queue: 105 | ✅ https://www.singtel.com/personal/products-services...
2026-09-24 08:39:15 | INFO | ✓ 509/9000 | Queue: 104 | ✅ https://www.singtel.com/personal/products-services...
2026-09-24 08:39:15 | INFO | ✓ 510/9000 | Queue: 103 | ✅ https://www.singtel.com/personal/products-services...
2026-09-24 08:39:16 | INFO | ✓ 511/9000 | Queue: 102 | ✅ https://www.singtel.com/personal/products-services...
2026-09-24 08:39:17 | INFO | ✓ 512/9000 | Queue: 102 | ✅ https://www.singtel.com/personal/products-services...
2026-09-24 08:39:18 | INFO | ✓ 513/9000 | Queue: 101 | ✅ https://www.singtel.com/personal/products-services...
2026-09-24 08:39:20 | INFO | ✓ 514/9000 | Queue: 100 | ✅ https://www.singtel.com/personal/products-services...
2026-09-24 08:39:22 | INFO | ✓ 515/9000 | Queue: 110 | ✅ https://www.singtel.com/personal/products-services...
2026-09-24 08:39:24 | INFO | ✓ 516/9000 | Queue: 111 | ✅ https://www.singtel.com/personal/products-services...
2026-09-24 08:39:26 | INFO | ✓ 517/9000 | Queue: 113 | ✅ https://www.singtel.com/personal/products-services...
2026-09-24 08:39:28 | INFO | ✓ 518/9000 | Queue: 114 | ✅ https://www.singtel.com/personal/products-services...
2026-09-24 08:39:29 | INFO | ✓ 519/9000 | Queue: 115 | ✅ https://www.singtel.com/personal/products-services...
2026-09-24 08:39:31 | INFO | ✓ 520/9000 | Queue: 114 | ✅ https://www.singtel.com/personal/products-services...
2026-09-24 08:39:32 | INFO | ✓ 521/9000 | Queue: 115 | ✅ https://www.singtel.com/personal/products-services...
2026-09-24 08:39:33 | INFO | ✓ 522/9000 | Queue: 116 | ✅ https://www.singtel.com/personal/products-services...
2026-09-24 08:39:35 | INFO | ✓ 523/9000 | Queue: 117 | ✅ https://www.singtel.com/personal/products-services...
2026-09-24 08:39:36 | INFO | ✓ 524/9000 | Queue: 118 | ✅ https://www.singtel.com/personal/products-services...
2026-09-24 08:39:38 | INFO | ✓ 525/9000 | Queue: 119 | ✅ https://www.singtel.com/personal/products-services...
2026-09-24 08:39:41 | INFO | ✓ 526/9000 | Queue: 115 | ✅ https://www.singtel.com/personal/products-services...
2026-09-24 08:39:43 | INFO | ✓ 527/9000 | Queue: 120 | ✅ https://www.singtel.com/circle...
2026-09-24 08:39:44 | INFO | ✓ 528/9000 | Queue: 119 | ⚠️ https://www.singtel.com/personal/mobile/plans/sim-...
2026-09-24 08:39:45 | INFO | ✓ 529/9000 | Queue: 93 | ✅ https://www.singtel.com/personal/products-services...
2026-09-24 08:39:46 | INFO | ✓ 530/9000 | Queue: 92 | ✅ https://www.singtel.com/personal/products-services...
2026-09-24 08:39:48 | INFO | ✓ 531/9000 | Queue: 90 | ✅ https://www.singtel.com/personal/mobile/plans/sim-...
2026-09-24 08:39:50 | INFO | ✓ 532/9000 | Queue: 89 | ✅ https://www.singtel.com/personal/mobile/plans/sim-...
2026-09-24 08:39:51 | INFO | ✓ 533/9000 | Queue: 89 | ✅ https://www.singtel.com/personal/my-account/reward...
2026-09-24 08:39:51 | INFO | ✓ 534/9000 | Queue: 87 | ✅ https://www.singtel.com/personal/products-services...
2026-09-24 08:39:53 | INFO | ✓ 535/9000 | Queue: 86 | ✅ https://www.singtel.com/personal/products-services...
2026-09-24 08:39:54 | INFO | ✓ 536/9000 | Queue: 85 | ✅ https://www.singtel.com/personal/products-services...
2026-09-24 08:39:54 | INFO | ✓ 537/9000 | Queue: 84 | ✅ https://www.singtel.com/personal/products-services...
2026-09-24 08:39:56 | INFO | ✓ 538/9000 | Queue: 78 | ✅ https://www.singtel.com/personal/products-services...
2026-09-24 08:39:56 | INFO | ✓ 539/9000 | Queue: 74 | ✅ https://www.singtel.com/personal/my-account/reward...
2026-09-24 08:39:57 | INFO | ✓ 540/9000 | Queue: 80 | ✅ https://www.singtel.com/personal/my-account/reward...
2026-09-24 08:39:58 | INFO | ✓ 541/9000 | Queue: 79 | ✅ https://www.singtel.com/personal/my-account/reward...
2026-09-24 08:39:59 | INFO | ✓ 542/9000 | Queue: 77 | ✅ https://www.singtel.com/secured...
2026-09-24 08:40:00 | INFO | ✓ 543/9000 | Queue: 75 | ✅ https://www.singtel.com/personal/support/mobile-po...
2026-09-24 08:40:02 | INFO | ✓ 544/9000 | Queue: 79 | ✅ https://www.singtel.com/personal/mobile/services/p...
2026-09-24 08:40:03 | INFO | ✓ 545/9000 | Queue: 77 | ✅ https://www.singtel.com/personal/support/mobile-po...
2026-09-24 08:40:04 | INFO | ✓ 546/9000 | Queue: 72 | ✅ https://www.singtel.com/personal/products-services...
2026-09-24 08:40:05 | INFO | ✓ 547/9000 | Queue: 71 | ✅ https://www.singtel.com/personal/my-account/reward...
2026-09-24 08:40:06 | INFO | ✓ 548/9000 | Queue: 66 | ✅ https://www.singtel.com/personal/mobile/plans/sim-...
2026-09-24 08:40:08 | INFO | ✓ 549/9000 | Queue: 63 | ✅ https://www.singtel.com/personal/support/mobile-po...
2026-09-24 08:40:09 | INFO | ✓ 550/9000 | Queue: 64 | ✅ https://www.singtel.com/personal/products-services...
2026-09-24 08:40:10 | INFO | ✓ 551/9000 | Queue: 63 | ✅ https://www.singtel.com/personal/products-services...
2026-09-24 08:40:12 | INFO | ✓ 552/9000 | Queue: 62 | ✅ https://www.singtel.com/content/singtel/en/persona...
2026-09-24 08:40:12 | INFO | ✓ 553/9000 | Queue: 51 | ✅ https://www.singtel.com/personal/products-services...
2026-09-24 08:40:14 | INFO | ✓ 554/9000 | Queue: 53 | ✅ https://www.singtel.com/personal/products-services...
2026-09-24 08:40:16 | INFO | ✓ 555/9000 | Queue: 52 | ✅ https://www.singtel.com/personal/products-services...
2026-09-24 08:40:17 | INFO | ✓ 556/9000 | Queue: 53 | ✅ https://www.singtel.com/personal/products-services...
2026-09-24 08:40:18 | INFO | ✓ 557/9000 | Queue: 52 | ✅ https://www.singtel.com/personal/products-services...
2026-09-24 08:40:19 | INFO | ✓ 558/9000 | Queue: 51 | ✅ https://www.singtel.com/personal/products-services...
2026-09-24 08:40:21 | INFO | ✓ 559/9000 | Queue: 56 | ✅ http://www.singtel.com/...
2026-09-24 08:40:23 | INFO | ✓ 560/9000 | Queue: 55 | ✅ https://www.singtel.com/personal/products-services...
2026-09-24 08:40:25 | INFO | ✓ 561/9000 | Queue: 53 | ✅ http://www.singtel.com/readyroam...
2026-09-24 08:40:27 | INFO | ✓ 562/9000 | Queue: 56 | ✅ https://www.singtel.com/personal/products-services...
2026-09-24 08:40:30 | INFO | ✓ 563/9000 | Queue: 55 | ✅ https://www.singtel.com/personal/products-services...
2026-09-24 08:40:31 | INFO | ✓ 564/9000 | Queue: 54 | ✅ https://www.singtel.com/personal/products-services...
2026-09-24 08:40:32 | INFO | ✓ 565/9000 | Queue: 52 | ✅ https://www.singtel.com/personal/products-services...
2026-09-24 08:40:33 | INFO | ✓ 566/9000 | Queue: 51 | ✅ https://www.singtel.com/personal/products-services...
2026-09-24 08:40:35 | INFO | ✓ 567/9000 | Queue: 50 | ✅ https://www.singtel.com/personal/products-services...
2026-09-24 08:40:39 | INFO | ✓ 568/9000 | Queue: 69 | ✅ https://www.singtel.com/personal/products-services...
2026-09-24 08:40:41 | INFO | ✓ 569/9000 | Queue: 70 | ✅ https://www.singtel.com/personal/products-services...
2026-09-24 08:40:42 | INFO | ✓ 570/9000 | Queue: 68 | ✅ http://www.singtel.com/help...
2026-09-24 08:40:43 | INFO | ✓ 571/9000 | Queue: 67 | ✅ https://www.singtel.com/personal/products-services...
2026-09-24 08:40:44 | INFO | ✓ 572/9000 | Queue: 60 | ✅ https://www.singtel.com/personal/my-account/reward...
2026-09-24 08:40:47 | INFO | ✓ 573/9000 | Queue: 65 | ✅ https://www.singtel.com/personal/my-account/reward...
2026-09-24 08:40:47 | INFO | ✓ 574/9000 | Queue: 64 | ✅ https://www.singtel.com/personal/support/mobile-po...
2026-09-24 08:40:48 | INFO | ✓ 575/9000 | Queue: 59 | ✅ https://www.singtel.com/personal/terms/general-con...
2026-09-24 08:40:50 | INFO | ✓ 576/9000 | Queue: 55 | ✅ https://www.singtel.com/mobile-terms-and-condition...
2026-09-24 08:40:51 | INFO | ✓ 577/9000 | Queue: 51 | ✅ https://www.singtel.com/personal/products-services...
2026-09-24 08:40:52 | INFO | ✓ 578/9000 | Queue: 50 | ✅ https://www.singtel.com/personal/products-services...
2026-09-24 08:40:53 | INFO | ✓ 579/9000 | Queue: 49 | ✅ https://www.singtel.com/10gbps...
2026-09-24 08:40:56 | INFO | ✓ 580/9000 | Queue: 120 | ✅ https://www.singtel.com/personal/products-services...
2026-09-24 08:40:57 | INFO | ✓ 581/9000 | Queue: 118 | ✅ http://www.singtel.com/data-protection...
2026-09-24 08:40:58 | INFO | ✓ 582/9000 | Queue: 117 | ✅ http://www.singtel.com/standard-agreement...
2026-09-24 08:40:58 | INFO | ✓ 583/9000 | Queue: 116 | ✅ http://www.singtel.com/copyright...
2026-09-24 08:40:59 | INFO | ✓ 584/9000 | Queue: 115 | ✅ http://www.singtel.com/contact-us...
2026-09-24 08:41:01 | INFO | ✓ 585/9000 | Queue: 169 | ✅ http://www.singtel.com/business/why-singtel-busine...
2026-09-24 08:41:02 | INFO | ✓ 586/9000 | Queue: 170 | ✅ http://www.singtel.com/store-locator...
2026-09-24 08:41:03 | INFO | ✓ 587/9000 | Queue: 169 | ✅ http://www.singtel.com/personal/products-services/...
2026-09-24 08:41:05 | INFO | ✓ 588/9000 | Queue: 191 | ✅ https://www.singtel.com/personal/support/broadband...
2026-09-24 08:41:06 | INFO | ✓ 589/9000 | Queue: 188 | ✅ https://www.singtel.com/personal/products-services...
2026-09-24 08:41:07 | INFO | ✓ 590/9000 | Queue: 187 | ✅ https://www.singtel.com/personal/products-services...
2026-09-24 08:41:08 | INFO | ✓ 591/9000 | Queue: 186 | ✅ https://www.singtel.com/personal/products-services...
2026-09-24 08:41:09 | INFO | ✓ 592/9000 | Queue: 185 | ✅ https://www.singtel.com/personal/products-services...
2026-09-24 08:41:09 | INFO | ✓ 593/9000 | Queue: 184 | ✅ https://www.singtel.com/personal/products-services...
2026-09-24 08:41:10 | INFO | ✓ 594/9000 | Queue: 183 | ✅ https://www.singtel.com/personal/products-services...
2026-09-24 08:41:11 | INFO | ✓ 595/9000 | Queue: 182 | ✅ https://www.singtel.com/personal/products-services...
2026-09-24 08:41:11 | INFO | ✓ 596/9000 | Queue: 181 | ✅ https://www.singtel.com/personal/products-services...
2026-09-24 08:41:12 | INFO | ✓ 597/9000 | Queue: 180 | ✅ https://www.singtel.com/personal/products-services...
2026-09-24 08:41:13 | INFO | ✓ 598/9000 | Queue: 179 | ✅ https://www.singtel.com/personal/products-services...
2026-09-24 08:41:14 | INFO | ✓ 599/9000 | Queue: 178 | ✅ https://www.singtel.com/personal/products-services...
2026-09-24 08:41:14 | INFO | ✓ 600/9000 | Queue: 177 | ✅ https://www.singtel.com/personal/products-services...
2026-09-24 08:41:14 | INFO | Checkpoint saved: 600 visited, 177 queued
2026-09-24 08:41:15 | INFO | ✓ 601/9000 | Queue: 176 | ✅ https://www.singtel.com/personal/products-services...
2026-09-24 08:41:16 | INFO | ✓ 602/9000 | Queue: 175 | ✅ https://www.singtel.com/personal/products-services...
2026-09-24 08:41:17 | INFO | ✓ 603/9000 | Queue: 174 | ✅ https://www.singtel.com/personal/products-services...
2026-09-24 08:41:17 | INFO | ✓ 604/9000 | Queue: 173 | ✅ https://www.singtel.com/personal/products-services...
2026-09-24 08:41:18 | INFO | ✓ 605/9000 | Queue: 172 | ✅ https://www.singtel.com/personal/products-services...
2026-09-24 08:41:20 | INFO | ✓ 606/9000 | Queue: 171 | ✅ https://www.singtel.com/personal/terms/singtel-tv-...
2026-09-24 08:41:21 | INFO | ✓ 607/9000 | Queue: 174 | ✅ https://www.singtel.com/personal/products-services...
2026-09-24 08:41:22 | INFO | ✓ 608/9000 | Queue: 173 | ✅ https://www.singtel.com/personal/products-services...
2026-09-24 08:41:23 | INFO | ✓ 609/9000 | Queue: 172 | ✅ http://www.singtel.com/circlenomination...
2026-09-24 08:41:24 | INFO | ✓ 610/9000 | Queue: 173 | ✅ https://www.singtel.com/personal/products-services...
2026-09-24 08:41:25 | INFO | ✓ 611/9000 | Queue: 172 | ⚠️ https://www.singtel.com/personal/terms/postpaid-mo...
2026-09-24 08:41:26 | INFO | ✓ 612/9000 | Queue: 170 | ✅ https://www.singtel.com/personal/terms/fibre-broad...
2026-09-24 08:41:28 | INFO | ✓ 613/9000 | Queue: 169 | ✅ https://www.singtel.com/personal/terms/cast-terms...
2026-09-24 08:41:29 | INFO | ✓ 614/9000 | Queue: 167 | ✅ https://www.singtel.com/personal/my-account/reward...
2026-09-24 08:41:31 | INFO | ✓ 615/9000 | Queue: 171 | ✅ https://www.singtel.com/personal/my-account/reward...
2026-09-24 08:41:32 | INFO | ✓ 616/9000 | Queue: 172 | ✅ https://www.singtel.com/personal/mobile...
2026-09-24 08:41:33 | INFO | ✓ 617/9000 | Queue: 171 | ✅ https://www.singtel.com/personal/mobile/devices...
2026-09-24 08:41:35 | INFO | ✓ 618/9000 | Queue: 170 | ✅ https://www.singtel.com/personal/mobile/devices/wi...
2026-09-24 08:41:36 | INFO | ✓ 619/9000 | Queue: 169 | ✅ https://www.singtel.com/personal/mobile/devices/wi...
2026-09-24 08:41:37 | INFO | ✓ 620/9000 | Queue: 168 | ✅ https://www.singtel.com/personal/mobile/devices/wi...
2026-09-24 08:41:38 | INFO | ✓ 621/9000 | Queue: 167 | ✅ https://www.singtel.com/personal/mobile/plans...
2026-09-24 08:41:39 | INFO | ✓ 622/9000 | Queue: 166 | ✅ https://www.singtel.com/personal/mobile/plans/post...
2026-09-24 08:41:41 | INFO | ✓ 623/9000 | Queue: 179 | ✅ https://www.singtel.com/personal/mobile/plans/mega...
2026-09-24 08:41:42 | INFO | ✓ 624/9000 | Queue: 202 | ✅ https://www.singtel.com/personal/mobile/plans/prep...
2026-09-24 08:41:43 | INFO | ✓ 625/9000 | Queue: 204 | ✅ https://www.singtel.com/personal/mobile/plans/corp...
2026-09-24 08:41:44 | INFO | ✓ 626/9000 | Queue: 207 | ✅ https://www.singtel.com/personal/mobile/plans/esim...
2026-09-24 08:41:46 | INFO | ✓ 627/9000 | Queue: 212 | ✅ https://www.singtel.com/personal/mobile/services...
2026-09-24 08:41:47 | INFO | ✓ 628/9000 | Queue: 215 | ✅ https://www.singtel.com/personal/mobile/services/5...
2026-09-24 08:41:48 | INFO | ✓ 629/9000 | Queue: 239 | ✅ https://www.singtel.com/personal/mobile/services/r...
2026-09-24 08:41:51 | INFO | ✓ 630/9000 | Queue: 238 | ✅ https://www.singtel.com/personal/mobile/services/a...
2026-09-24 08:41:52 | INFO | ✓ 631/9000 | Queue: 238 | ✅ https://www.singtel.com/personal/mobile/services/s...
2026-09-24 08:41:53 | INFO | ✓ 632/9000 | Queue: 237 | ✅ https://www.singtel.com/personal/mobile/services/t...
2026-09-24 08:41:55 | INFO | ✓ 633/9000 | Queue: 236 | ✅ https://www.singtel.com/personal/broadband...
2026-09-24 08:41:56 | INFO | ✓ 634/9000 | Queue: 235 | ✅ https://www.singtel.com/personal/broadband/fibre...
2026-09-24 08:41:57 | INFO | ✓ 635/9000 | Queue: 234 | ✅ https://www.singtel.com/personal/broadband/fibre/p...
2026-09-24 08:41:59 | INFO | ✓ 636/9000 | Queue: 234 | ✅ https://www.singtel.com/personal/broadband/fibre/a...
2026-09-24 08:42:01 | INFO | ✓ 637/9000 | Queue: 233 | ✅ https://www.singtel.com/personal/broadband/fibre/n...
2026-09-24 08:42:02 | INFO | ✓ 638/9000 | Queue: 232 | ✅ https://www.singtel.com/personal/broadband/solutio...
2026-09-24 08:42:05 | INFO | ✓ 639/9000 | Queue: 233 | ✅ https://www.singtel.com/personal/broadband/solutio...
2026-09-24 08:42:06 | INFO | ✓ 640/9000 | Queue: 232 | ✅ https://www.singtel.com/personal/broadband/solutio...
2026-09-24 08:42:07 | INFO | ✓ 641/9000 | Queue: 233 | ✅ https://www.singtel.com/personal/broadband/solutio...
2026-09-24 08:42:08 | INFO | ✓ 642/9000 | Queue: 232 | ✅ https://www.singtel.com/personal/broadband/solutio...
2026-09-24 08:42:10 | INFO | ✓ 643/9000 | Queue: 231 | ✅ https://www.singtel.com/personal/broadband/solutio...
2026-09-24 08:42:11 | INFO | ✓ 644/9000 | Queue: 230 | ✅ https://www.singtel.com/personal/entertainment...
2026-09-24 08:42:13 | INFO | ✓ 645/9000 | Queue: 229 | ✅ https://www.singtel.com/personal/entertainment/ser...
2026-09-24 08:42:14 | INFO | ✓ 646/9000 | Queue: 228 | ✅ https://www.singtel.com/personal/entertainment/ser...
2026-09-24 08:42:17 | INFO | ✓ 647/9000 | Queue: 228 | ✅ https://www.singtel.com/personal/entertainment/ser...
2026-09-24 08:42:23 | INFO | ✓ 648/9000 | Queue: 296 | ✅ https://www.singtel.com/personal/entertainment/ser...
2026-09-24 08:42:25 | INFO | ✓ 649/9000 | Queue: 295 | ✅ https://www.singtel.com/personal/entertainment/pro...
2026-09-24 08:42:26 | INFO | ✓ 650/9000 | Queue: 294 | ✅ https://www.singtel.com/personal/entertainment/pro...
2026-09-24 08:42:27 | INFO | ✓ 651/9000 | Queue: 293 | ✅ https://www.singtel.com/personal/entertainment/pro...
2026-09-24 08:42:29 | INFO | ✓ 652/9000 | Queue: 293 | ✅ https://www.singtel.com/personal/entertainment/pro...
2026-09-24 08:42:30 | INFO | ✓ 653/9000 | Queue: 292 | ✅ https://www.singtel.com/personal/lifestyle...
2026-09-24 08:42:31 | INFO | ✓ 654/9000 | Queue: 291 | ✅ https://www.singtel.com/personal/lifestyle/devices...
2026-09-24 08:42:32 | INFO | ✓ 655/9000 | Queue: 290 | ✅ https://www.singtel.com/personal/lifestyle/devices...
2026-09-24 08:42:33 | INFO | ✓ 656/9000 | Queue: 289 | ✅ https://www.singtel.com/personal/lifestyle/devices...
2026-09-24 08:42:34 | INFO | ✓ 657/9000 | Queue: 288 | ✅ https://www.singtel.com/personal/lifestyle/devices...
2026-09-24 08:42:35 | INFO | ✓ 658/9000 | Queue: 287 | ✅ https://www.singtel.com/personal/lifestyle/devices...
2026-09-24 08:42:37 | INFO | ✓ 659/9000 | Queue: 286 | ✅ https://www.singtel.com/personal/lifestyle/devices...
2026-09-24 08:42:38 | INFO | ✓ 660/9000 | Queue: 285 | ✅ https://www.singtel.com/personal/lifestyle/devices...
2026-09-24 08:42:40 | INFO | ✓ 661/9000 | Queue: 284 | ✅ https://www.singtel.com/personal/lifestyle/service...
2026-09-24 08:42:42 | INFO | ✓ 662/9000 | Queue: 283 | ✅ https://www.singtel.com/personal/lifestyle/service...
2026-09-24 08:42:45 | INFO | ✓ 663/9000 | Queue: 288 | ✅ https://www.singtel.com/personal/lifestyle/service...
2026-09-24 08:42:48 | INFO | ✓ 664/9000 | Queue: 290 | ✅ https://www.singtel.com/personal/lifestyle/service...
2026-09-24 08:42:49 | INFO | ✓ 665/9000 | Queue: 289 | ✅ https://www.singtel.com/personal/lifestyle/service...
2026-09-24 08:42:50 | INFO | ✓ 666/9000 | Queue: 289 | ✅ https://www.singtel.com/personal/lifestyle/service...
2026-09-24 08:42:52 | INFO | ✓ 667/9000 | Queue: 288 | ✅ https://www.singtel.com/personal/lifestyle/service...
2026-09-24 08:42:53 | INFO | ✓ 668/9000 | Queue: 287 | ✅ https://www.singtel.com/personal/lifestyle/service...
2026-09-24 08:42:55 | INFO | ✓ 669/9000 | Queue: 287 | ✅ https://www.singtel.com/personal/lifestyle/service...
2026-09-24 08:42:57 | INFO | ✓ 670/9000 | Queue: 298 | ✅ https://www.singtel.com/personal/lifestyle/service...
2026-09-24 08:42:58 | INFO | ✓ 671/9000 | Queue: 299 | ✅ https://www.singtel.com/personal/rewards...
2026-09-24 08:42:59 | INFO | ✓ 672/9000 | Queue: 298 | ✅ https://www.singtel.com/personal/rewards/all-rewar...
2026-09-24 08:43:01 | INFO | ✓ 673/9000 | Queue: 297 | ✅ https://www.singtel.com/personal/rewards/all-rewar...
2026-09-24 08:43:02 | INFO | ✓ 674/9000 | Queue: 296 | ✅ https://www.singtel.com/personal/rewards/all-rewar...
2026-09-24 08:43:03 | INFO | ✓ 675/9000 | Queue: 296 | ✅ https://www.singtel.com/personal/rewards/all-rewar...
2026-09-24 08:43:05 | INFO | ✓ 676/9000 | Queue: 295 | ✅ https://www.singtel.com/personal/rewards/all-rewar...
2026-09-24 08:43:07 | INFO | ✓ 677/9000 | Queue: 294 | ✅ https://www.singtel.com/personal/my-account-megame...
2026-09-24 08:43:09 | INFO | ✓ 678/9000 | Queue: 293 | ✅ https://www.singtel.com/personal/my-account-megame...
2026-09-24 08:43:13 | INFO | ✓ 679/9000 | Queue: 292 | ✅ https://www.singtel.com/personal/my-account-megame...
2026-09-24 08:43:15 | INFO | ✓ 680/9000 | Queue: 291 | ✅ https://www.singtel.com/personal/my-account-megame...
2026-09-24 08:43:17 | INFO | ✓ 681/9000 | Queue: 290 | ✅ https://www.singtel.com/personal/my-account-megame...
2026-09-24 08:43:19 | INFO | ✓ 682/9000 | Queue: 289 | ✅ https://www.singtel.com/personal/my-account-megame...
2026-09-24 08:43:20 | INFO | ✓ 683/9000 | Queue: 288 | ✅ https://www.singtel.com/personal/my-account-megame...
2026-09-24 08:43:22 | INFO | ✓ 684/9000 | Queue: 287 | ✅ https://www.singtel.com/personal/my-account-megame...
2026-09-24 08:43:24 | INFO | ✓ 685/9000 | Queue: 291 | ✅ https://www.singtel.com/personal/my-account-megame...
2026-09-24 08:43:26 | INFO | ✓ 686/9000 | Queue: 290 | ✅ https://www.singtel.com/personal/my-account-megame...
2026-09-24 08:43:28 | INFO | ✓ 687/9000 | Queue: 289 | ✅ https://www.singtel.com/personal/my-account-megame...
2026-09-24 08:43:29 | INFO | ✓ 688/9000 | Queue: 288 | ✅ https://www.singtel.com/personal/my-account-megame...
2026-09-24 08:43:30 | INFO | ✓ 689/9000 | Queue: 287 | ✅ https://www.singtel.com/personal/my-account-megame...
2026-09-24 08:43:32 | INFO | ✓ 690/9000 | Queue: 286 | ✅ https://www.singtel.com/personal/my-account-megame...
2026-09-24 08:43:34 | INFO | ✓ 691/9000 | Queue: 285 | ✅ https://www.singtel.com/personal/my-account-megame...
2026-09-24 08:43:35 | INFO | ✓ 692/9000 | Queue: 298 | ✅ https://www.singtel.com/personal/promotions...
2026-09-24 08:43:37 | INFO | ✓ 693/9000 | Queue: 297 | ✅ http://www.singtel.com/personal...
2026-09-24 08:43:38 | INFO | ✓ 694/9000 | Queue: 313 | ✅ http://www.singtel.com/business...
2026-09-24 08:43:40 | INFO | ✓ 695/9000 | Queue: 314 | ✅ http://www.singtel.com/digital-infraco...
2026-09-24 08:43:41 | INFO | ✓ 696/9000 | Queue: 316 | ✅ http://www.singtel.com/support...
2026-09-24 08:43:41 | INFO | ✓ 697/9000 | Queue: 315 | ✅ http://www.singtel.com/about-us...
2026-09-24 08:43:43 | INFO | ✓ 698/9000 | Queue: 314 | ✅ http://www.singtel.com/business/products-services...
2026-09-24 08:43:43 | INFO | ✓ 699/9000 | Queue: 329 | ✅ http://www.singtel.com/business/products-services/...
2026-09-24 08:43:44 | INFO | ✓ 700/9000 | Queue: 328 | ✅ http://www.singtel.com/business/products-services/...
2026-09-24 08:43:44 | INFO | Checkpoint saved: 700 visited, 328 queued
2026-09-24 08:43:45 | INFO | ✓ 701/9000 | Queue: 332 | ✅ http://www.singtel.com/business/products-services/...
2026-09-24 08:43:46 | INFO | ✓ 702/9000 | Queue: 335 | ✅ http://www.singtel.com/business/products-services/...
2026-09-24 08:43:47 | INFO | ✓ 703/9000 | Queue: 337 | ✅ http://www.singtel.com/business/products-services/...
2026-09-24 08:43:48 | INFO | ✓ 704/9000 | Queue: 336 | ✅ http://www.singtel.com/business/products-services/...
2026-09-24 08:43:49 | INFO | ✓ 705/9000 | Queue: 338 | ✅ http://www.singtel.com/business/products-services/...
2026-09-24 08:43:50 | INFO | ✓ 706/9000 | Queue: 337 | ✅ http://www.singtel.com/business/products-services/...
2026-09-24 08:43:50 | INFO | ✓ 707/9000 | Queue: 336 | ✅ http://www.singtel.com/business/products-services/...
2026-09-24 08:43:52 | INFO | ✓ 708/9000 | Queue: 346 | ✅ http://www.singtel.com/business/products-services/...
2026-09-24 08:43:52 | INFO | ✓ 709/9000 | Queue: 356 | ✅ http://www.singtel.com/business/products-services/...
2026-09-24 08:43:53 | INFO | ✓ 710/9000 | Queue: 355 | ✅ http://www.singtel.com/business/products-services/...
2026-09-24 08:43:54 | INFO | ✓ 711/9000 | Queue: 359 | ✅ http://www.singtel.com/business/products-services/...
2026-09-24 08:43:55 | INFO | ✓ 712/9000 | Queue: 360 | ✅ http://www.singtel.com/business/products-services/...
2026-09-24 08:43:57 | INFO | ✓ 713/9000 | Queue: 360 | ✅ http://www.singtel.com/business/smb...
2026-09-24 08:43:57 | INFO | ✓ 714/9000 | Queue: 359 | ✅ http://www.singtel.com/business/smb/overview...
2026-09-24 08:43:59 | INFO | ✓ 715/9000 | Queue: 359 | ✅ http://www.singtel.com/business/smb/promotions...
2026-09-24 08:43:59 | INFO | ✓ 716/9000 | Queue: 359 | ✅ http://www.singtel.com/business/smb/solutions...
2026-09-24 08:44:01 | INFO | ✓ 717/9000 | Queue: 358 | ✅ http://www.singtel.com/business/smb/resources...
2026-09-24 08:44:03 | INFO | ✓ 718/9000 | Queue: 357 | ✅ http://www.singtel.com/business/smb/eshop...
2026-09-24 08:44:04 | INFO | ✓ 719/9000 | Queue: 356 | ✅ http://www.singtel.com/business/enterprise...
2026-09-24 08:44:06 | INFO | ✓ 720/9000 | Queue: 355 | ✅ http://www.singtel.com/business/enterprise/5g-inno...
2026-09-24 08:44:07 | INFO | ✓ 721/9000 | Queue: 354 | ✅ http://www.singtel.com/business/enterprise/cloud-n...
2026-09-24 08:44:08 | INFO | ✓ 722/9000 | Queue: 353 | ✅ http://www.singtel.com/business/enterprise/quantum...
2026-09-24 08:44:09 | INFO | ✓ 723/9000 | Queue: 352 | ✅ http://www.singtel.com/business/enterprise/cyber-r...
2026-09-24 08:44:11 | INFO | ✓ 724/9000 | Queue: 351 | ✅ http://www.singtel.com/business/enterprise/iot...
2026-09-24 08:44:12 | INFO | ✓ 725/9000 | Queue: 360 | ✅ http://www.singtel.com/business/enterprise/communi...
2026-09-24 08:44:13 | INFO | ✓ 726/9000 | Queue: 378 | ✅ http://www.singtel.com/business/insights...
2026-09-24 08:44:14 | INFO | ✓ 727/9000 | Queue: 377 | ✅ http://www.singtel.com/business/insights/business-...
2026-09-24 08:44:15 | INFO | ✓ 728/9000 | Queue: 376 | ✅ http://www.singtel.com/business/support...
2026-09-24 08:44:16 | INFO | ✓ 729/9000 | Queue: 375 | ✅ http://www.singtel.com/business/support/support...
2026-09-24 08:44:17 | INFO | ✓ 730/9000 | Queue: 374 | ✅ http://www.singtel.com/business/support/support-mo...
2026-09-24 08:44:18 | INFO | ✓ 731/9000 | Queue: 373 | ✅ http://www.singtel.com/business/support/support-co...
2026-09-24 08:44:18 | INFO | ✓ 732/9000 | Queue: 372 | ✅ http://www.singtel.com/business/support/support-vo...
2026-09-24 08:44:19 | INFO | ✓ 733/9000 | Queue: 371 | ✅ http://www.singtel.com/business/support/support-sa...
2026-09-24 08:44:20 | INFO | ✓ 734/9000 | Queue: 370 | ✅ http://www.singtel.com/business/support/check-data...
2026-09-24 08:44:21 | INFO | ✓ 735/9000 | Queue: 369 | ✅ http://www.singtel.com/business/support/business-p...
2026-09-24 08:44:21 | INFO | ✓ 736/9000 | Queue: 368 | ✅ http://www.singtel.com/business/support/support-ro...
2026-09-24 08:44:23 | INFO | ✓ 737/9000 | Queue: 367 | ✅ http://www.singtel.com/business/why-singtel-busine...
2026-09-24 08:44:24 | INFO | ✓ 738/9000 | Queue: 366 | ✅ http://www.singtel.com/business/why-singtel-busine...
2026-09-24 08:44:25 | INFO | ✓ 739/9000 | Queue: 366 | ✅ http://www.singtel.com/business/why-singtel-busine...
2026-09-24 08:44:25 | INFO | ✓ 740/9000 | Queue: 366 | ✅ http://www.singtel.com/business/why-singtel-busine...
2026-09-24 08:44:26 | INFO | ✓ 741/9000 | Queue: 365 | ✅ http://www.singtel.com/business/why-singtel-busine...
2026-09-24 08:44:27 | INFO | ✓ 742/9000 | Queue: 364 | ✅ http://www.singtel.com/business/why-singtel-busine...
2026-09-24 08:44:28 | INFO | ✓ 743/9000 | Queue: 362 | ✅ http://www.singtel.com/standard-agreement-new...
2026-09-24 08:44:29 | INFO | ✓ 744/9000 | Queue: 360 | ✅ https://www.singtel.com/personal/support/broadband...
2026-09-24 08:44:30 | INFO | ✓ 745/9000 | Queue: 361 | ✅ https://www.singtel.com/personal/support/broadband...
2026-09-24 08:44:34 | INFO | ✓ 746/9000 | Queue: 363 | ✅ https://www.singtel.com/personal/support/broadband...
2026-09-24 08:44:35 | INFO | ✓ 747/9000 | Queue: 366 | ✅ https://www.singtel.com/personal/support/broadband...
2026-09-24 08:44:36 | INFO | ✓ 748/9000 | Queue: 365 | ✅ https://www.singtel.com/personal/support/broadband...
2026-09-24 08:44:37 | INFO | ✓ 749/9000 | Queue: 364 | ✅ https://www.singtel.com/personal/support/broadband...
2026-09-24 08:44:39 | INFO | ✓ 750/9000 | Queue: 364 | ✅ http://singtel.com/personal/support/broadband/trou...
2026-09-24 08:44:40 | INFO | ✓ 751/9000 | Queue: 363 | ✅ https://www.singtel.com/personal/support/broadband...
2026-09-24 08:44:41 | INFO | ✓ 752/9000 | Queue: 362 | ✅ https://www.singtel.com/personal/support/broadband...
2026-09-24 08:44:42 | INFO | ✓ 753/9000 | Queue: 361 | ✅ https://www.singtel.com/personal/support/broadband...
2026-09-24 08:44:43 | INFO | ✓ 754/9000 | Queue: 363 | ✅ https://www.singtel.com/personal/support/broadband...
2026-09-24 08:44:45 | INFO | ✓ 755/9000 | Queue: 364 | ✅ https://www.singtel.com/personal/support/broadband...
2026-09-24 08:44:47 | INFO | ✓ 756/9000 | Queue: 364 | ✅ https://www.singtel.com/personal/support/broadband...
2026-09-24 08:44:49 | INFO | ✓ 757/9000 | Queue: 363 | ⚠️ https://www.singtel.com/personal/support/broadband...
2026-09-24 08:44:50 | INFO | ✓ 758/9000 | Queue: 362 | ⚠️ https://www.singtel.com/personal/support/broadband...
2026-09-24 08:44:51 | INFO | ✓ 759/9000 | Queue: 362 | ✅ https://www.singtel.com/personal/support/broadband...
2026-09-24 08:44:52 | INFO | ✓ 760/9000 | Queue: 365 | ✅ https://www.singtel.com/personal/support/broadband...
2026-09-24 08:44:53 | INFO | ✓ 761/9000 | Queue: 368 | ✅ https://www.singtel.com/personal/support/broadband...
2026-09-24 08:44:54 | INFO | ✓ 762/9000 | Queue: 367 | ✅ https://www.singtel.com/personal/support/broadband...
2026-09-24 08:44:55 | INFO | ✓ 763/9000 | Queue: 366 | ✅ https://www.singtel.com/personal/support/broadband...
2026-09-24 08:44:55 | INFO | ✓ 764/9000 | Queue: 368 | ✅ https://www.singtel.com/personal/support/broadband...
2026-09-24 08:44:58 | INFO | ✓ 765/9000 | Queue: 370 | ✅ https://www.singtel.com/personal/support/broadband...
2026-09-24 08:45:00 | INFO | ✓ 766/9000 | Queue: 370 | ✅ https://www.singtel.com/personal/support/broadband...
2026-09-24 08:45:01 | INFO | ✓ 767/9000 | Queue: 369 | ✅ https://www.singtel.com/personal/products-services...
2026-09-24 08:45:02 | INFO | ✓ 768/9000 | Queue: 366 | ✅ https://www.singtel.com/personal/products-services...
2026-09-24 08:45:02 | INFO | ✓ 769/9000 | Queue: 365 | ✅ https://www.singtel.com/personal/support/singtel-t...
2026-09-24 08:45:04 | INFO | ✓ 770/9000 | Queue: 358 | ✅ https://www.singtel.com/personal/products-services...
2026-09-24 08:45:07 | INFO | ✓ 771/9000 | Queue: 358 | ✅ https://www.singtel.com/personal/products-services...
2026-09-24 08:45:07 | INFO | ✓ 772/9000 | Queue: 341 | ✅ https://www.singtel.com/personal/products-services...
2026-09-24 08:45:08 | INFO | ✓ 773/9000 | Queue: 341 | ✅ https://www.singtel.com/personal/products-services...
2026-09-24 08:45:09 | INFO | ✓ 774/9000 | Queue: 341 | ✅ https://www.singtel.com/personal/products-services...
2026-09-24 08:45:11 | INFO | ✓ 775/9000 | Queue: 341 | ✅ https://www.singtel.com/personal/products-services...
2026-09-24 08:45:12 | INFO | ✓ 776/9000 | Queue: 340 | ✅ https://www.singtel.com/personal/products-services...
2026-09-24 08:45:14 | INFO | ✓ 777/9000 | Queue: 337 | ✅ https://www.singtel.com/personal/products-services...
2026-09-24 08:45:16 | INFO | ✓ 778/9000 | Queue: 337 | ✅ https://www.singtel.com/personal/products-services...
2026-09-24 08:45:17 | INFO | ✓ 779/9000 | Queue: 337 | ✅ https://www.singtel.com/personal/products-services...
2026-09-24 08:45:19 | INFO | ✓ 780/9000 | Queue: 336 | ✅ https://www.singtel.com/personal/products-services...
2026-09-24 08:45:21 | INFO | ✓ 781/9000 | Queue: 335 | ✅ https://www.singtel.com/personal/products-services...
2026-09-24 08:45:23 | INFO | ✓ 782/9000 | Queue: 336 | ✅ https://www.singtel.com/personal/products-services...
2026-09-24 08:45:24 | INFO | ✓ 783/9000 | Queue: 335 | ✅ https://www.singtel.com/personal/terms/prepaid-mob...
2026-09-24 08:45:25 | INFO | ✓ 784/9000 | Queue: 329 | ✅ https://www.singtel.com/personal/products-services...
2026-09-24 08:45:30 | INFO | ✓ 785/9000 | Queue: 328 | ✅ https://www.singtel.com/personal/products-services...
2026-09-24 08:45:33 | INFO | ✓ 786/9000 | Queue: 327 | ✅ https://www.singtel.com/personal/products-services...
2026-09-24 08:45:34 | INFO | ✓ 787/9000 | Queue: 332 | ✅ https://singtel.com/mobile...
2026-09-24 08:45:35 | INFO | ✓ 788/9000 | Queue: 331 | ✅ https://www.singtel.com/personal/products-services...
2026-09-24 08:45:36 | INFO | ✓ 789/9000 | Queue: 301 | ⚠️ https://www.singtel.com/personal/mobile/services/K...
2026-09-24 08:45:38 | INFO | ✓ 790/9000 | Queue: 300 | ✅ https://www.singtel.com/personal/products-services...
2026-09-24 08:45:39 | INFO | ✓ 791/9000 | Queue: 299 | ✅ https://www.singtel.com/personal/products-services...
2026-09-24 08:45:41 | INFO | ✓ 792/9000 | Queue: 296 | ✅ https://www.singtel.com/personal/products-services...
2026-09-24 08:45:41 | INFO | ✓ 793/9000 | Queue: 294 | ⚠️ https://www.singtel.com/product/7d01fb11-b2b8-475d...
2026-09-24 08:45:42 | INFO | ✓ 794/9000 | Queue: 293 | ⚠️ https://www.singtel.com/product/b341ad2b-ccf3-4420...
2026-09-24 08:45:43 | INFO | ✓ 795/9000 | Queue: 292 | ⚠️ https://www.singtel.com/product/66dc7a41-ffbf-4242...
2026-09-24 08:45:44 | INFO | ✓ 796/9000 | Queue: 291 | ⚠️ https://www.singtel.com/product/709e0832-391d-47ec...
2026-09-24 08:45:45 | INFO | ✓ 797/9000 | Queue: 290 | ⚠️ https://www.singtel.com/product/c2e5b6a7-93d6-40f3...
2026-09-24 08:45:45 | INFO | ✓ 798/9000 | Queue: 289 | ⚠️ https://www.singtel.com/product/d26c8d41-87c3-4e79...
2026-09-24 08:45:46 | INFO | ✓ 799/9000 | Queue: 288 | ⚠️ https://www.singtel.com/product/63d9d0bd-f9c7-451b...
2026-09-24 08:45:47 | INFO | ✓ 800/9000 | Queue: 287 | ⚠️ https://www.singtel.com/product/84ac29db-2ce1-4579...
2026-09-24 08:45:47 | INFO | Checkpoint saved: 800 visited, 287 queued
2026-09-24 08:45:48 | INFO | ✓ 801/9000 | Queue: 286 | ⚠️ https://www.singtel.com/product/b996bbb8-0372-4ff4...
2026-09-24 08:45:48 | INFO | ✓ 802/9000 | Queue: 285 | ⚠️ https://www.singtel.com/product/41fbb709-8839-4a9f...
2026-09-24 08:45:49 | INFO | ✓ 803/9000 | Queue: 284 | ⚠️ https://www.singtel.com/product/d25876ad-0b9c-48c9...
2026-09-24 08:45:50 | INFO | ✓ 804/9000 | Queue: 283 | ⚠️ https://www.singtel.com/product/e76673aa-96cb-49f8...
2026-09-24 08:45:50 | INFO | ✓ 805/9000 | Queue: 282 | ⚠️ https://www.singtel.com/product/61fc34fb-1a87-494c...
2026-09-24 08:45:51 | INFO | ✓ 806/9000 | Queue: 281 | ⚠️ https://www.singtel.com/product/8c798db9-f28d-409a...
2026-09-24 08:45:52 | INFO | ✓ 807/9000 | Queue: 280 | ⚠️ https://www.singtel.com/product/49c457ca-95be-4237...
2026-09-24 08:45:53 | INFO | ✓ 808/9000 | Queue: 279 | ⚠️ https://www.singtel.com/product/02afba9f-9924-41d9...
2026-09-24 08:45:53 | INFO | ✓ 809/9000 | Queue: 278 | ⚠️ https://www.singtel.com/product/428a462a-3d47-4298...
2026-09-24 08:45:55 | INFO | ✓ 810/9000 | Queue: 277 | ⚠️ https://www.singtel.com/product/da5416e7-2b77-4f24...
2026-09-24 08:45:56 | INFO | ✓ 811/9000 | Queue: 276 | ⚠️ https://www.singtel.com/product/9b3155d3-120d-4226...
2026-09-24 08:45:56 | INFO | ✓ 812/9000 | Queue: 275 | ⚠️ https://www.singtel.com/product/067ad1fa-b911-4f1c...
2026-09-24 08:45:57 | INFO | ✓ 813/9000 | Queue: 274 | ⚠️ https://www.singtel.com/product/7b7c8280-ff3f-4e39...
2026-09-24 08:45:58 | INFO | ✓ 814/9000 | Queue: 273 | ⚠️ https://www.singtel.com/product/806554ca-edef-46df...
2026-09-24 08:45:59 | INFO | ✓ 815/9000 | Queue: 272 | ⚠️ https://www.singtel.com/product/1f7d083f-b8e9-490d...
2026-09-24 08:46:00 | INFO | ✓ 816/9000 | Queue: 271 | ⚠️ https://www.singtel.com/product/75b8dad0-e891-44ed...
2026-09-24 08:46:01 | INFO | ✓ 817/9000 | Queue: 270 | ⚠️ https://www.singtel.com/product/7c71668e-8953-4be6...
2026-09-24 08:46:02 | INFO | ✓ 818/9000 | Queue: 269 | ⚠️ https://www.singtel.com/product/13407005-81a3-413c...
2026-09-24 08:46:03 | INFO | ✓ 819/9000 | Queue: 268 | ⚠️ https://www.singtel.com/product/76906690-2f64-41bb...
2026-09-24 08:46:04 | INFO | ✓ 820/9000 | Queue: 267 | ⚠️ https://www.singtel.com/product/5277d226-2463-42c9...
2026-09-24 08:46:05 | INFO | ✓ 821/9000 | Queue: 266 | ⚠️ https://www.singtel.com/product/c4021c21-701a-4eb5...
2026-09-24 08:46:06 | INFO | ✓ 822/9000 | Queue: 265 | ⚠️ https://www.singtel.com/product/7fd6423d-748a-486f...
2026-09-24 08:46:07 | INFO | ✓ 823/9000 | Queue: 264 | ⚠️ https://www.singtel.com/product/360c8d98-93f6-4d95...
2026-09-24 08:46:07 | INFO | ✓ 824/9000 | Queue: 263 | ⚠️ https://www.singtel.com/product/e02480e5-498c-4f11...
2026-09-24 08:46:08 | INFO | ✓ 825/9000 | Queue: 262 | ⚠️ https://www.singtel.com/product/892c7896-180b-4eb9...
2026-09-24 08:46:09 | INFO | ✓ 826/9000 | Queue: 261 | ⚠️ https://www.singtel.com/product/0500c588-e0f2-4ef7...
2026-09-24 08:46:10 | INFO | ✓ 827/9000 | Queue: 260 | ⚠️ https://www.singtel.com/product/e0100ab7-9714-4caa...
2026-09-24 08:46:11 | INFO | ✓ 828/9000 | Queue: 259 | ⚠️ https://www.singtel.com/product/526afdf1-9453-4c1f...
2026-09-24 08:46:12 | INFO | ✓ 829/9000 | Queue: 258 | ⚠️ https://www.singtel.com/product/dd83b693-3e5b-4e7d...
2026-09-24 08:46:13 | INFO | ✓ 830/9000 | Queue: 257 | ⚠️ https://www.singtel.com/product/34643062-3e2a-4f53...
2026-09-24 08:46:14 | INFO | ✓ 831/9000 | Queue: 256 | ⚠️ https://www.singtel.com/product/1dbe2b73-8003-4334...
2026-09-24 08:46:14 | INFO | ✓ 832/9000 | Queue: 255 | ⚠️ https://www.singtel.com/product/e858172a-5d0d-4061...
2026-09-24 08:46:15 | INFO | ✓ 833/9000 | Queue: 254 | ⚠️ https://www.singtel.com/product/8db2974d-1202-4f1d...
2026-09-24 08:46:16 | INFO | ✓ 834/9000 | Queue: 253 | ⚠️ https://www.singtel.com/product/2bc4119c-3abd-404e...
2026-09-24 08:46:17 | INFO | ✓ 835/9000 | Queue: 252 | ⚠️ https://www.singtel.com/product/6e036323-d620-453c...
2026-09-24 08:46:18 | INFO | ✓ 836/9000 | Queue: 251 | ⚠️ https://www.singtel.com/product/65483a18-ed10-425f...
2026-09-24 08:46:18 | INFO | ✓ 837/9000 | Queue: 250 | ⚠️ https://www.singtel.com/product/c42c23a1-379c-492e...
2026-09-24 08:46:19 | INFO | ✓ 838/9000 | Queue: 249 | ⚠️ https://www.singtel.com/product/4505a758-8b69-4da1...
2026-09-24 08:46:20 | INFO | ✓ 839/9000 | Queue: 248 | ⚠️ https://www.singtel.com/product/dc5ce4a2-2a66-470c...
2026-09-24 08:46:21 | INFO | ✓ 840/9000 | Queue: 247 | ⚠️ https://www.singtel.com/product/de17a603-6087-4bdd...
2026-09-24 08:46:21 | INFO | ✓ 841/9000 | Queue: 246 | ⚠️ https://www.singtel.com/product/bc7dd7a1-06e7-4953...
2026-09-24 08:46:22 | INFO | ✓ 842/9000 | Queue: 245 | ⚠️ https://www.singtel.com/product/8cb79f7a-21a8-49f5...
2026-09-24 08:46:23 | INFO | ✓ 843/9000 | Queue: 244 | ⚠️ https://www.singtel.com/product/61488bdc-9f9b-452f...
2026-09-24 08:46:23 | INFO | ✓ 844/9000 | Queue: 243 | ⚠️ https://www.singtel.com/product/2a3bef74-ea28-4bd9...
2026-09-24 08:46:24 | INFO | ✓ 845/9000 | Queue: 242 | ⚠️ https://www.singtel.com/product/bf821659-d712-4601...
2026-09-24 08:46:25 | INFO | ✓ 846/9000 | Queue: 241 | ⚠️ https://www.singtel.com/product/1adf3657-6041-4da5...
2026-09-24 08:46:26 | INFO | ✓ 847/9000 | Queue: 240 | ⚠️ https://www.singtel.com/product/6498df27-389a-48a6...
2026-09-24 08:46:26 | INFO | ✓ 848/9000 | Queue: 239 | ⚠️ https://www.singtel.com/product/2b15e921-7787-4ec6...
2026-09-24 08:46:27 | INFO | ✓ 849/9000 | Queue: 238 | ⚠️ https://www.singtel.com/product/a04aef18-b810-4dcb...
2026-09-24 08:46:28 | INFO | ✓ 850/9000 | Queue: 237 | ⚠️ https://www.singtel.com/product/65401d0d-ccc5-486a...
2026-09-24 08:46:28 | INFO | ✓ 851/9000 | Queue: 236 | ⚠️ https://www.singtel.com/product/30d14318-c614-4e8a...
2026-09-24 08:46:29 | INFO | ✓ 852/9000 | Queue: 235 | ⚠️ https://www.singtel.com/product/5c767c0c-78c4-4751...
2026-09-24 08:46:30 | INFO | ✓ 853/9000 | Queue: 234 | ⚠️ https://www.singtel.com/product/9d07a8b6-a53c-4aed...
2026-09-24 08:46:31 | INFO | ✓ 854/9000 | Queue: 233 | ⚠️ https://www.singtel.com/product/e79d6ba7-996f-4545...
2026-09-24 08:46:31 | INFO | ✓ 855/9000 | Queue: 232 | ⚠️ https://www.singtel.com/product/d76edd2d-a962-43fc...
2026-09-24 08:46:32 | INFO | ✓ 856/9000 | Queue: 231 | ⚠️ https://www.singtel.com/product/da9bcab6-0fdb-4253...
2026-09-24 08:46:34 | INFO | ✓ 857/9000 | Queue: 230 | ✅ https://www.singtel.com/content/dam/singtel/terms-...
2026-09-24 08:46:35 | INFO | ✓ 858/9000 | Queue: 227 | ✅ https://www.singtel.com/terms-general...
2026-09-24 08:46:37 | INFO | ✓ 859/9000 | Queue: 226 | ✅ https://www.singtel.com/content/dam/singtel/person...
2026-09-24 08:46:39 | INFO | ✓ 860/9000 | Queue: 228 | ✅ https://www.singtel.com/personal/products-services...
2026-09-24 08:46:40 | INFO | ✓ 861/9000 | Queue: 227 | ✅ https://www.singtel.com/personal/products-services...
2026-09-24 08:46:41 | INFO | ✓ 862/9000 | Queue: 226 | ✅ https://www.singtel.com/personal/products-services...
2026-09-24 08:46:43 | INFO | ✓ 863/9000 | Queue: 224 | ✅ https://www.singtel.com/personal/my-account/reward...
2026-09-24 08:46:44 | INFO | ✓ 864/9000 | Queue: 226 | ✅ https://www.singtel.com/personal/products-services...
2026-09-24 08:46:46 | INFO | ✓ 865/9000 | Queue: 223 | ✅ https://www.singtel.com/personal/products-services...
2026-09-24 08:46:47 | INFO | ✓ 866/9000 | Queue: 221 | ✅ https://www.singtel.com/personal/products-services...
2026-09-24 08:46:47 | INFO | ✓ 867/9000 | Queue: 220 | ✅ https://www.singtel.com/personal/products-services...
2026-09-24 08:46:49 | INFO | ✓ 868/9000 | Queue: 218 | ✅ http://singtel.com/personal/products-services/life...
2026-09-24 08:46:49 | INFO | ✓ 869/9000 | Queue: 217 | ✅ http://singtel.com/personal/products-services/life...
2026-09-24 08:46:51 | INFO | ✓ 870/9000 | Queue: 212 | ✅ https://www.singtel.com/hifportal...
2026-09-24 08:46:52 | INFO | ✓ 871/9000 | Queue: 211 | ✅ https://www.singtel.com/mifportal...
2026-09-24 08:46:52 | INFO | ✓ 872/9000 | Queue: 210 | ⚠️ https://www.singtel.com/docs/webmail_help.pdf...
2026-09-24 08:46:53 | INFO | ✓ 873/9000 | Queue: 209 | ✅ https://www.singtel.com/personal/support/singnet...
2026-09-24 08:46:55 | INFO | ✓ 874/9000 | Queue: 193 | ✅ http://www.singtel.com/business/forms/support/busi...
2026-09-24 08:46:56 | INFO | ✓ 875/9000 | Queue: 191 | ✅ http://www.singtel.com/business/forms/support/busi...
2026-09-24 08:46:58 | INFO | ✓ 876/9000 | Queue: 190 | ✅ http://www.singtel.com/business/promotions/startup...
2026-09-24 08:47:00 | INFO | ✓ 877/9000 | Queue: 189 | ✅ http://www.singtel.com/business/promotions/busines...
2026-09-24 08:47:00 | INFO | ✓ 878/9000 | Queue: 188 | ✅ http://www.singtel.com/business/promotions/busines...
2026-09-24 08:47:01 | INFO | ✓ 879/9000 | Queue: 187 | ✅ http://www.singtel.com/business/promotions/busines...
2026-09-24 08:47:02 | INFO | ✓ 880/9000 | Queue: 186 | ✅ http://www.singtel.com/business/promotions/ICT-sol...
2026-09-24 08:47:03 | INFO | ✓ 881/9000 | Queue: 192 | ✅ http://www.singtel.com/business/products-services/...
2026-09-24 08:47:03 | INFO | ✓ 882/9000 | Queue: 191 | ✅ http://www.singtel.com/business/products-services/...
2026-09-24 08:47:04 | INFO | ✓ 883/9000 | Queue: 191 | ✅ http://www.singtel.com/business/smb/grants...
2026-09-24 08:47:05 | INFO | ✓ 884/9000 | Queue: 188 | ✅ http://www.singtel.com/business/forms/support/cont...
2026-09-24 08:47:06 | INFO | ✓ 885/9000 | Queue: 184 | ✅ http://www.singtel.com/personal/support/account-bi...
2026-09-24 08:47:07 | INFO | ✓ 886/9000 | Queue: 188 | ✅ http://www.singtel.com/personal/my-account...
2026-09-24 08:47:09 | INFO | ✓ 887/9000 | Queue: 187 | ✅ http://www.singtel.com/personal/i/apps-tv/apps/my-...
2026-09-24 08:47:10 | INFO | ✓ 888/9000 | Queue: 193 | ✅ http://www.singtel.com/business/products-services/...
2026-09-24 08:47:11 | INFO | ✓ 889/9000 | Queue: 192 | ✅ http://www.singtel.com/business/products-services/...
2026-09-24 08:47:12 | INFO | ✓ 890/9000 | Queue: 198 | ✅ http://www.singtel.com/business/products-services/...
2026-09-24 08:47:14 | INFO | ✓ 891/9000 | Queue: 198 | ✅ http://www.singtel.com/business/products-services/...
2026-09-24 08:47:14 | INFO | ✓ 892/9000 | Queue: 200 | ✅ http://www.singtel.com/business/products-services/...
2026-09-24 08:47:15 | INFO | ✓ 893/9000 | Queue: 205 | ✅ http://www.singtel.com/business/products-services/...
2026-09-24 08:47:16 | INFO | ✓ 894/9000 | Queue: 207 | ✅ http://www.singtel.com/business/insights/singtel-r...
2026-09-24 08:47:17 | INFO | ✓ 895/9000 | Queue: 208 | ✅ http://www.singtel.com/business/insights/the-four-...
2026-09-24 08:47:18 | INFO | ✓ 896/9000 | Queue: 211 | ✅ http://www.singtel.com/business/insights/the-netwo...
2026-09-24 08:47:19 | INFO | ✓ 897/9000 | Queue: 212 | ✅ http://www.singtel.com/business/insights/rewilding...
2026-09-24 08:47:20 | INFO | ✓ 898/9000 | Queue: 217 | ✅ http://www.singtel.com/business/insights/when-supp...
2026-09-24 08:47:21 | INFO | ✓ 899/9000 | Queue: 220 | ✅ http://www.singtel.com/business/insights/restoring...
2026-09-24 08:47:22 | INFO | ✓ 900/9000 | Queue: 217 | ✅ http://www.singtel.com/business/products-services/...
2026-09-24 08:47:22 | INFO | Checkpoint saved: 900 visited, 217 queued
2026-09-24 08:47:23 | INFO | ✓ 901/9000 | Queue: 220 | ✅ http://www.singtel.com/business/insights/hospitali...
2026-09-24 08:47:24 | INFO | ✓ 902/9000 | Queue: 223 | ✅ http://www.singtel.com/business/insights/when-trus...
2026-09-24 08:47:25 | INFO | ✓ 903/9000 | Queue: 224 | ✅ http://www.singtel.com/business/insights/ai-s-brea...
2026-09-24 08:47:26 | INFO | ✓ 904/9000 | Queue: 226 | ✅ http://www.singtel.com/business/insights/idc-marke...
2026-09-24 08:47:27 | INFO | ✓ 905/9000 | Queue: 229 | ✅ http://www.singtel.com/business/insights/2025-sing...
2026-09-24 08:47:28 | INFO | ✓ 906/9000 | Queue: 223 | ✅ http://www.singtel.com/business/products-services/...
2026-09-24 08:47:29 | INFO | ✓ 907/9000 | Queue: 225 | ✅ http://www.singtel.com/business/products-services/...
2026-09-24 08:47:30 | INFO | ✓ 908/9000 | Queue: 224 | ✅ http://www.singtel.com/business/products-services/...
2026-09-24 08:47:31 | INFO | ✓ 909/9000 | Queue: 224 | ✅ http://www.singtel.com/business/products-services/...
2026-09-24 08:47:32 | INFO | ✓ 910/9000 | Queue: 224 | ✅ http://www.singtel.com/business/products-services/...
2026-09-24 08:47:33 | INFO | ✓ 911/9000 | Queue: 226 | ✅ http://www.singtel.com/business/products-services/...
2026-09-24 08:47:34 | INFO | ✓ 912/9000 | Queue: 225 | ✅ http://www.singtel.com/business/products-services/...
2026-09-24 08:47:35 | INFO | ✓ 913/9000 | Queue: 228 | ✅ http://www.singtel.com/business/insights/network-l...
2026-09-24 08:47:36 | INFO | ✓ 914/9000 | Queue: 231 | ✅ http://www.singtel.com/business/insights/singtel-n...
2026-09-24 08:47:37 | INFO | ✓ 915/9000 | Queue: 234 | ✅ http://www.singtel.com/business/insights/autonomou...
2026-09-24 08:47:38 | INFO | ✓ 916/9000 | Queue: 235 | ✅ http://www.singtel.com/business/insights/network-g...
2026-09-24 08:47:38 | INFO | ✓ 917/9000 | Queue: 238 | ✅ http://www.singtel.com/business/insights/why-the-f...
2026-09-24 08:47:40 | INFO | ✓ 918/9000 | Queue: 240 | ✅ http://www.singtel.com/business/products-services/...
2026-09-24 08:47:42 | INFO | ✓ 919/9000 | Queue: 239 | ✅ http://www.singtel.com/business/articles/german-mu...
2026-09-24 08:47:44 | INFO | ✓ 920/9000 | Queue: 242 | ✅ http://www.singtel.com/business/articles/byd-drive...
2026-09-24 08:47:45 | INFO | ✓ 921/9000 | Queue: 241 | ✅ http://www.singtel.com/business/articles/european-...
2026-09-24 08:47:46 | INFO | ✓ 922/9000 | Queue: 244 | ✅ http://www.singtel.com/business/insights/singtel-n...
2026-09-24 08:47:46 | INFO | ✓ 923/9000 | Queue: 245 | ✅ http://www.singtel.com/business/insights/industry-...
2026-09-24 08:47:47 | INFO | ✓ 924/9000 | Queue: 245 | ✅ http://www.singtel.com/business/insights/inside-th...
2026-09-24 08:47:48 | INFO | ✓ 925/9000 | Queue: 245 | ✅ http://www.singtel.com/business/insights/2025-sea-...
2026-09-24 08:47:49 | INFO | ✓ 926/9000 | Queue: 249 | ✅ http://www.singtel.com/business/insights/securing-...
2026-09-24 08:47:50 | INFO | ✓ 927/9000 | Queue: 252 | ✅ http://www.singtel.com/business/insights/lighten-h...
2026-09-24 08:47:51 | INFO | ✓ 928/9000 | Queue: 251 | ✅ http://www.singtel.com/business/products-services/...
2026-09-24 08:47:52 | INFO | ✓ 929/9000 | Queue: 250 | ✅ http://www.singtel.com/business/products-services/...
2026-09-24 08:47:53 | INFO | ✓ 930/9000 | Queue: 249 | ✅ http://www.singtel.com/business/products-services/...
2026-09-24 08:47:54 | INFO | ✓ 931/9000 | Queue: 248 | ✅ http://www.singtel.com/business/products-services/...
2026-09-24 08:47:55 | INFO | ✓ 932/9000 | Queue: 247 | ✅ http://www.singtel.com/business/products-services/...
2026-09-24 08:47:56 | INFO | ✓ 933/9000 | Queue: 246 | ✅ http://www.singtel.com/business/products-services/...
2026-09-24 08:47:57 | INFO | ✓ 934/9000 | Queue: 245 | ✅ http://www.singtel.com/business/products-services/...
2026-09-24 08:47:58 | INFO | ✓ 935/9000 | Queue: 245 | ✅ http://www.singtel.com/business/smb/campaign/singa...
2026-09-24 08:47:59 | INFO | ✓ 936/9000 | Queue: 244 | ✅ http://www.singtel.com/business/solutions/grow-you...
2026-09-24 08:48:00 | INFO | ✓ 937/9000 | Queue: 243 | ✅ http://www.singtel.com/business/promotions...
2026-09-24 08:48:01 | INFO | ✓ 938/9000 | Queue: 247 | ✅ http://www.singtel.com/business/products-services/...
2026-09-24 08:48:02 | INFO | ✓ 939/9000 | Queue: 246 | ✅ http://www.singtel.com/business/products-services/...
2026-09-24 08:48:03 | INFO | ✓ 940/9000 | Queue: 245 | ✅ http://www.singtel.com/business/products-services/...
2026-09-24 08:48:04 | INFO | ✓ 941/9000 | Queue: 244 | ✅ http://www.singtel.com/business/products-services/...
2026-09-24 08:48:04 | INFO | ✓ 942/9000 | Queue: 243 | ✅ http://www.singtel.com/business/products-services/...
2026-09-24 08:48:05 | INFO | ✓ 943/9000 | Queue: 242 | ✅ http://www.singtel.com/business/products-services/...
2026-09-24 08:48:07 | INFO | ✓ 944/9000 | Queue: 241 | ✅ http://www.singtel.com/business/products-services/...
2026-09-24 08:48:08 | INFO | ✓ 945/9000 | Queue: 240 | ✅ http://www.singtel.com/business/products-services/...
2026-09-24 08:48:09 | INFO | ✓ 946/9000 | Queue: 239 | ✅ http://www.singtel.com/business/products-services/...
2026-09-24 08:48:10 | INFO | ✓ 947/9000 | Queue: 238 | ✅ http://www.singtel.com/business/products-services/...
2026-09-24 08:48:11 | INFO | ✓ 948/9000 | Queue: 240 | ✅ http://www.singtel.com/business/campaign/cubicleli...
2026-09-24 08:48:12 | INFO | ✓ 949/9000 | Queue: 243 | ✅ http://www.singtel.com/business/insights/ai-is-spi...
2026-09-24 08:48:13 | INFO | ✓ 950/9000 | Queue: 246 | ✅ http://www.singtel.com/business/insights/protect-y...
2026-09-24 08:48:14 | INFO | ✓ 951/9000 | Queue: 250 | ✅ http://www.singtel.com/business/insights/how-can-y...
2026-09-24 08:48:15 | INFO | ✓ 952/9000 | Queue: 255 | ✅ http://www.singtel.com/business/insights/the-power...
2026-09-24 08:48:16 | INFO | ✓ 953/9000 | Queue: 257 | ✅ http://www.singtel.com/business/insights/reconnect...
2026-09-24 08:48:17 | INFO | ✓ 954/9000 | Queue: 259 | ✅ http://www.singtel.com/business/insights/why-healt...
2026-09-24 08:48:17 | INFO | ✓ 955/9000 | Queue: 263 | ✅ http://www.singtel.com/business/insights/post-quan...
2026-09-24 08:48:18 | INFO | ✓ 956/9000 | Queue: 268 | ✅ http://www.singtel.com/business/insights/singtel-n...
2026-09-24 08:48:19 | INFO | ✓ 957/9000 | Queue: 276 | ✅ http://www.singtel.com/business/insights/singtel-w...
2026-09-24 08:48:20 | INFO | ✓ 958/9000 | Queue: 277 | ✅ http://www.singtel.com/business/insights/why-passw...
2026-09-24 08:48:21 | INFO | ✓ 959/9000 | Queue: 280 | ✅ http://www.singtel.com/business/insights/the-branc...
2026-09-24 08:48:22 | INFO | ✓ 960/9000 | Queue: 281 | ✅ http://www.singtel.com/business/insights/telcos-ar...
2026-09-24 08:48:23 | INFO | ✓ 961/9000 | Queue: 284 | ✅ http://www.singtel.com/business/insights/turning-n...
2026-09-24 08:48:24 | INFO | ✓ 962/9000 | Queue: 283 | ✅ http://www.singtel.com/about-us/sustainability.htm...
2026-09-24 08:48:24 | INFO | ✓ 963/9000 | Queue: 282 | ✅ https://www.singtel.com/personal/support/broadband...
2026-09-24 08:48:26 | INFO | ✓ 964/9000 | Queue: 281 | ✅ https://www.singtel.com/personal/support/broadband...
2026-09-24 08:48:27 | INFO | ✓ 965/9000 | Queue: 280 | ✅ https://www.singtel.com/personal/support/broadband...
2026-09-24 08:48:28 | INFO | ✓ 966/9000 | Queue: 279 | ✅ https://www.singtel.com/personal/support/broadband...
2026-09-24 08:48:28 | INFO | ✓ 967/9000 | Queue: 278 | ✅ http://singtel.com/personal/support/broadband/unab...
2026-09-24 08:48:29 | INFO | ✓ 968/9000 | Queue: 277 | ✅ http://singtel.com/personal/support/broadband/unab...
2026-09-24 08:48:30 | INFO | ✓ 969/9000 | Queue: 276 | ✅ https://www.singtel.com/personal/support/broadband...
2026-09-24 08:48:31 | INFO | ✓ 970/9000 | Queue: 275 | ✅ https://www.singtel.com/personal/support/broadband...
2026-09-24 08:48:34 | INFO | ✓ 971/9000 | Queue: 275 | ✅ https://www.singtel.com/personal/support/broadband...
2026-09-24 08:48:35 | INFO | ✓ 972/9000 | Queue: 274 | ✅ https://www.singtel.com/personal/support/broadband...
2026-09-24 08:48:36 | INFO | ✓ 973/9000 | Queue: 273 | ✅ https://www.singtel.com/personal/support/broadband...
2026-09-24 08:48:38 | INFO | ✓ 974/9000 | Queue: 272 | ✅ https://www.singtel.com/personal/support/broadband...
2026-09-24 08:48:40 | INFO | ✓ 975/9000 | Queue: 271 | ✅ https://www.singtel.com/personal/support/broadband...
2026-09-24 08:48:41 | INFO | ✓ 976/9000 | Queue: 284 | ✅ https://www.singtel.com/personal/support/broadband...
2026-09-24 08:48:43 | INFO | ✓ 977/9000 | Queue: 283 | ✅ https://www.singtel.com/personal/support/broadband...
2026-09-24 08:48:45 | INFO | ✓ 978/9000 | Queue: 282 | ✅ https://www.singtel.com/personal/support/broadband...
2026-09-24 08:48:47 | INFO | ✓ 979/9000 | Queue: 282 | ✅ https://www.singtel.com/personal/support/broadband...
2026-09-24 08:48:48 | INFO | ✓ 980/9000 | Queue: 281 | ✅ https://www.singtel.com/personal/support/broadband...
2026-09-24 08:48:49 | INFO | ✓ 981/9000 | Queue: 280 | ✅ https://www.singtel.com/personal/support/broadband...
2026-09-24 08:48:50 | INFO | ✓ 982/9000 | Queue: 278 | ✅ https://www.singtel.com/personal/support/broadband...
2026-09-24 08:48:51 | INFO | ✓ 983/9000 | Queue: 277 | ✅ https://www.singtel.com/personal/support/broadband...
2026-09-24 08:48:52 | INFO | ✓ 984/9000 | Queue: 276 | ✅ https://www.singtel.com/personal/support/broadband...
2026-09-24 08:48:53 | INFO | ✓ 985/9000 | Queue: 275 | ✅ https://www.singtel.com/personal/support/broadband...
2026-09-24 08:48:54 | INFO | ✓ 986/9000 | Queue: 274 | ✅ https://www.singtel.com/personal/support/broadband...
2026-09-24 08:48:55 | INFO | ✓ 987/9000 | Queue: 273 | ✅ https://www.singtel.com/personal/support/broadband...
2026-09-24 08:48:57 | INFO | ✓ 988/9000 | Queue: 272 | ✅ https://www.singtel.com/personal/support/broadband...
2026-09-24 08:48:58 | INFO | ✓ 989/9000 | Queue: 271 | ✅ https://www.singtel.com/personal/support/broadband...
2026-09-24 08:48:59 | INFO | ✓ 990/9000 | Queue: 270 | ✅ https://www.singtel.com/personal/support/broadband...
2026-09-24 08:49:00 | INFO | ✓ 991/9000 | Queue: 269 | ✅ https://www.singtel.com/personal/support/broadband...
2026-09-24 08:49:01 | INFO | ✓ 992/9000 | Queue: 268 | ✅ https://www.singtel.com/personal/support/broadband...
2026-09-24 08:49:02 | INFO | ✓ 993/9000 | Queue: 267 | ✅ https://www.singtel.com/personal/support/broadband...
2026-09-24 08:49:04 | INFO | ✓ 994/9000 | Queue: 266 | ✅ https://www.singtel.com/personal/support/broadband...
2026-09-24 08:49:05 | INFO | ✓ 995/9000 | Queue: 265 | ✅ https://www.singtel.com/personal/support/broadband...
2026-09-24 08:49:08 | INFO | ✓ 996/9000 | Queue: 264 | ✅ https://www.singtel.com/personal/support/broadband...
2026-09-24 08:49:10 | INFO | ✓ 997/9000 | Queue: 263 | ✅ https://www.singtel.com/personal/support/broadband...
2026-09-24 08:49:10 | INFO | ✓ 998/9000 | Queue: 262 | ⚠️ https://www.singtel.com/personal/products-services...
2026-09-24 08:49:11 | INFO | ✓ 999/9000 | Queue: 260 | ✅ https://www.singtel.com/personal/products-services...
2026-09-24 08:49:14 | INFO | ✓ 1000/9000 | Queue: 259 | ✅ https://www.singtel.com/personal/products-services...
2026-09-24 08:49:14 | INFO | Checkpoint saved: 1000 visited, 259 queued
2026-09-24 08:49:16 | INFO | ✓ 1001/9000 | Queue: 261 | ✅ https://www.singtel.com/personal/products-services...
2026-09-24 08:49:17 | INFO | ✓ 1002/9000 | Queue: 260 | ✅ https://www.singtel.com/personal/products-services...
2026-09-24 08:49:18 | INFO | ✓ 1003/9000 | Queue: 259 | ✅ https://www.singtel.com/personal/products-services...
2026-09-24 08:49:20 | INFO | ✓ 1004/9000 | Queue: 255 | ✅ https://www.singtel.com/personal/products-services...
2026-09-24 08:49:20 | INFO | ✓ 1005/9000 | Queue: 255 | ✅ https://www.singtel.com/personal/products-services...
2026-09-24 08:49:21 | INFO | ✓ 1006/9000 | Queue: 254 | ✅ https://singtel.com/personal/products-services/mob...
2026-09-24 08:49:22 | INFO | ✓ 1007/9000 | Queue: 264 | ✅ http://www.singtel.com/hi...
2026-09-24 08:49:23 | INFO | ✓ 1008/9000 | Queue: 263 | ✅ https://singtel.com/hi...
2026-09-24 08:49:24 | INFO | ✓ 1009/9000 | Queue: 261 | ✅ https://www.singtel.com/personal/products-services...
2026-09-24 08:49:24 | INFO | ✓ 1010/9000 | Queue: 260 | ✅ https://singtel.com/data-protection...
2026-09-24 08:49:26 | INFO | ✓ 1011/9000 | Queue: 259 | ✅ https://singtel.com/standard-agreement...
2026-09-24 08:49:26 | INFO | ✓ 1012/9000 | Queue: 258 | ✅ https://singtel.com/copyright...
2026-09-24 08:49:27 | INFO | ✓ 1013/9000 | Queue: 257 | ✅ https://singtel.com/contact-us...
2026-09-24 08:49:30 | INFO | ✓ 1014/9000 | Queue: 307 | ✅ https://singtel.com/business/why-singtel-business/...
2026-09-24 08:49:31 | INFO | ✓ 1015/9000 | Queue: 308 | ✅ https://singtel.com/store-locator...
2026-09-24 08:49:31 | INFO | ✓ 1016/9000 | Queue: 307 | ⚠️ https://www.singtel.com/personal/i/talkmore-unlimi...
2026-09-24 08:49:33 | INFO | ✓ 1017/9000 | Queue: 306 | ✅ https://www.singtel.com/personal/products-services...
2026-09-24 08:49:35 | INFO | ✓ 1018/9000 | Queue: 305 | ✅ https://www.singtel.com/personal/terms/rewards-ter...
2026-09-24 08:49:35 | INFO | ✓ 1019/9000 | Queue: 304 | ✅ https://www.singtel.com/personal/products-services...
2026-09-24 08:49:37 | INFO | ✓ 1020/9000 | Queue: 302 | ✅ https://www.singtel.com/personal/my-account/reward...
2026-09-24 08:49:38 | INFO | ✓ 1021/9000 | Queue: 292 | ✅ http://www.singtel.com/business/insights/2025-sg-m...
2026-09-24 08:49:39 | INFO | ✓ 1022/9000 | Queue: 297 | ✅ http://www.singtel.com/business/products-services/...
2026-09-24 08:49:39 | INFO | ✓ 1023/9000 | Queue: 298 | ✅ http://www.singtel.com/business/products-services/...
2026-09-24 08:49:41 | INFO | ✓ 1024/9000 | Queue: 293 | ✅ http://www.singtel.com/personal/my-account/orders-...
2026-09-24 08:49:42 | INFO | ✓ 1025/9000 | Queue: 292 | ✅ http://www.singtel.com/personal/my-account/orders-...
2026-09-24 08:49:43 | INFO | ✓ 1026/9000 | Queue: 293 | ✅ http://www.singtel.com/personal/my-account/bills-p...
2026-09-24 08:49:43 | INFO | ✓ 1027/9000 | Queue: 292 | ✅ http://www.singtel.com/personal/my-account/manage-...
2026-09-24 08:49:44 | INFO | ✓ 1028/9000 | Queue: 291 | ✅ http://www.singtel.com/personal/my-account/orders-...
2026-09-24 08:49:45 | INFO | ✓ 1029/9000 | Queue: 290 | ✅ http://www.singtel.com/business/articles/the-futur...
2026-09-24 08:49:46 | INFO | ✓ 1030/9000 | Queue: 294 | ✅ http://www.singtel.com/business/products-services/...
2026-09-24 08:49:49 | INFO | ✓ 1031/9000 | Queue: 289 | ✅ http://www.singtel.com/business/products-services/...
2026-09-24 08:49:50 | INFO | ✓ 1032/9000 | Queue: 290 | ✅ http://www.singtel.com/business/articles/embracing...
2026-09-24 08:49:51 | INFO | ✓ 1033/9000 | Queue: 284 | ✅ http://www.singtel.com/business/products-services/...
2026-09-24 08:49:52 | INFO | ✓ 1034/9000 | Queue: 283 | ✅ http://www.singtel.com/business/products-services/...
2026-09-24 08:49:54 | INFO | ✓ 1035/9000 | Queue: 282 | ✅ http://www.singtel.com/business/products-services/...
2026-09-24 08:49:54 | INFO | ✓ 1036/9000 | Queue: 287 | ✅ http://www.singtel.com/business/products-services/...
2026-09-24 08:49:55 | INFO | ✓ 1037/9000 | Queue: 286 | ✅ http://www.singtel.com/business/forms/support/5g-p...
2026-09-24 08:49:56 | INFO | ✓ 1038/9000 | Queue: 285 | ✅ http://www.singtel.com/business/products-services/...
2026-09-24 08:49:58 | INFO | ✓ 1039/9000 | Queue: 284 | ✅ http://www.singtel.com/business/products-services/...
2026-09-24 08:49:59 | INFO | ✓ 1040/9000 | Queue: 283 | ✅ http://www.singtel.com/business/products-services/...
2026-09-24 08:50:01 | INFO | ✓ 1041/9000 | Queue: 282 | ✅ http://www.singtel.com/business/products-services/...
2026-09-24 08:50:02 | INFO | ✓ 1042/9000 | Queue: 281 | ✅ http://www.singtel.com/business/products-services/...
2026-09-24 08:50:03 | INFO | ✓ 1043/9000 | Queue: 280 | ✅ http://www.singtel.com/business/insights/singtel-r...
2026-09-24 08:50:05 | INFO | ✓ 1044/9000 | Queue: 276 | ✅ http://www.singtel.com/business/insights/the-four-...
2026-09-24 08:50:06 | INFO | ✓ 1045/9000 | Queue: 274 | ✅ http://www.singtel.com/business/insights/the-netwo...
2026-09-24 08:50:07 | INFO | ✓ 1046/9000 | Queue: 270 | ✅ http://www.singtel.com/business/insights/rewilding...
2026-09-24 08:50:09 | INFO | ✓ 1047/9000 | Queue: 268 | ✅ http://www.singtel.com/business/insights/when-supp...
2026-09-24 08:50:09 | INFO | ✓ 1048/9000 | Queue: 266 | ✅ http://www.singtel.com/business/insights/why-speed...
2026-09-24 08:50:10 | INFO | ✓ 1049/9000 | Queue: 269 | ✅ http://www.singtel.com/business/insights/advancing...
2026-09-24 08:50:12 | INFO | ✓ 1050/9000 | Queue: 268 | ✅ http://www.singtel.com/business/insights/restoring...
2026-09-24 08:50:13 | INFO | ✓ 1051/9000 | Queue: 264 | ✅ http://www.singtel.com/business/insights/hospitali...
2026-09-24 08:50:14 | INFO | ✓ 1052/9000 | Queue: 260 | ✅ http://www.singtel.com/business/insights/when-trus...
2026-09-24 08:50:15 | INFO | ✓ 1053/9000 | Queue: 254 | ✅ http://www.singtel.com/business/articles/scalable-...
2026-09-24 08:50:18 | INFO | ✓ 1054/9000 | Queue: 254 | ✅ http://www.singtel.com/business/insights/frost-and...
2026-09-24 08:50:18 | INFO | ✓ 1055/9000 | Queue: 255 | ✅ http://www.singtel.com/business/insights/from-conn...
2026-09-24 08:50:20 | INFO | ✓ 1056/9000 | Queue: 255 | ✅ http://www.singtel.com/business/products-services/...
2026-09-24 08:50:21 | INFO | ✓ 1057/9000 | Queue: 255 | ✅ http://www.singtel.com/business/products-services/...
2026-09-24 08:50:22 | INFO | ✓ 1058/9000 | Queue: 253 | ✅ http://www.singtel.com/business/products-services/...
2026-09-24 08:50:23 | INFO | ✓ 1059/9000 | Queue: 252 | ✅ http://www.singtel.com/business/products-services/...
2026-09-24 08:50:25 | INFO | ✓ 1060/9000 | Queue: 252 | ✅ http://www.singtel.com/business/products-services/...
2026-09-24 08:50:26 | INFO | ✓ 1061/9000 | Queue: 251 | ✅ http://www.singtel.com/business/products-services/...
2026-09-24 08:50:27 | INFO | ✓ 1062/9000 | Queue: 251 | ✅ http://www.singtel.com/business/products-services/...
2026-09-24 08:50:28 | INFO | ✓ 1063/9000 | Queue: 251 | ✅ http://www.singtel.com/business/products-services/...
2026-09-24 08:50:29 | INFO | ✓ 1064/9000 | Queue: 249 | ✅ http://www.singtel.com/business/insights/network-l...
2026-09-24 08:50:31 | INFO | ✓ 1065/9000 | Queue: 245 | ✅ http://www.singtel.com/business/insights/singtel-n...
2026-09-24 08:50:32 | INFO | ✓ 1066/9000 | Queue: 241 | ✅ http://www.singtel.com/business/insights/autonomou...
2026-09-24 08:50:33 | INFO | ✓ 1067/9000 | Queue: 237 | ✅ http://www.singtel.com/business/insights/network-g...
2026-09-24 08:50:34 | INFO | ✓ 1068/9000 | Queue: 235 | ✅ http://www.singtel.com/business/insights/why-the-f...
2026-09-24 08:50:35 | INFO | ✓ 1069/9000 | Queue: 231 | ✅ http://www.singtel.com/business/forms/support/iot-...
2026-09-24 08:50:37 | INFO | ✓ 1070/9000 | Queue: 232 | ✅ http://www.singtel.com/business/products-services/...
2026-09-24 08:50:38 | INFO | ✓ 1071/9000 | Queue: 231 | ✅ http://www.singtel.com/business/products-services/...
2026-09-24 08:50:39 | INFO | ✓ 1072/9000 | Queue: 226 | ✅ http://www.singtel.com/business/insights/singtel-n...
2026-09-24 08:50:40 | INFO | ✓ 1073/9000 | Queue: 225 | ✅ http://www.singtel.com/business/insights/industry-...
2026-09-24 08:50:40 | INFO | ✓ 1074/9000 | Queue: 225 | ✅ http://www.singtel.com/business/insights/transform...
2026-09-24 08:50:42 | INFO | ✓ 1075/9000 | Queue: 223 | ✅ http://www.singtel.com/business/insights/securing-...
2026-09-24 08:50:43 | INFO | ✓ 1076/9000 | Queue: 218 | ✅ http://www.singtel.com/business/insights/lighten-h...
2026-09-24 08:50:44 | INFO | ✓ 1077/9000 | Queue: 216 | ✅ http://www.singtel.com/business/insights/why-even-...
2026-09-24 08:50:45 | INFO | ✓ 1078/9000 | Queue: 220 | ✅ http://www.singtel.com/business/insights/secure-yo...
2026-09-24 08:50:46 | INFO | ✓ 1079/9000 | Queue: 224 | ✅ http://www.singtel.com/business/insights/are-otps-...
2026-09-24 08:50:47 | INFO | ✓ 1080/9000 | Queue: 228 | ✅ http://www.singtel.com/business/insights/ipificati...
2026-09-24 08:50:48 | INFO | ✓ 1081/9000 | Queue: 228 | ✅ http://www.singtel.com/business/products-services/...
2026-09-24 08:50:49 | INFO | ✓ 1082/9000 | Queue: 227 | ✅ http://www.singtel.com/business/products-services/...
2026-09-24 08:50:50 | INFO | ✓ 1083/9000 | Queue: 228 | ✅ http://www.singtel.com/business/products-services/...
2026-09-24 08:50:51 | INFO | ✓ 1084/9000 | Queue: 227 | ✅ http://www.singtel.com/business/articles/ai-is-spi...
2026-09-24 08:50:52 | INFO | ✓ 1085/9000 | Queue: 223 | ✅ http://www.singtel.com/business/articles/protect-y...
2026-09-24 08:50:54 | INFO | ✓ 1086/9000 | Queue: 219 | ✅ http://www.singtel.com/business/articles/how-can-y...
2026-09-24 08:50:55 | INFO | ✓ 1087/9000 | Queue: 221 | ✅ http://www.singtel.com/business/campaign/quantumsa...
2026-09-24 08:50:57 | INFO | ✓ 1088/9000 | Queue: 217 | ✅ http://www.singtel.com/business/articles/the-power...
2026-09-24 08:50:58 | INFO | ✓ 1089/9000 | Queue: 216 | ✅ http://www.singtel.com/business/products-services/...
2026-09-24 08:50:59 | INFO | ✓ 1090/9000 | Queue: 211 | ✅ http://www.singtel.com/business/insights/reconnect...
2026-09-24 08:51:00 | INFO | ✓ 1091/9000 | Queue: 210 | ✅ http://www.singtel.com/business/insights/why-healt...
2026-09-24 08:51:01 | INFO | ✓ 1092/9000 | Queue: 207 | ✅ http://www.singtel.com/business/insights/revolutio...
2026-09-24 08:51:02 | INFO | ✓ 1093/9000 | Queue: 212 | ✅ http://www.singtel.com/business/insights/healthtec...
2026-09-24 08:51:03 | INFO | ✓ 1094/9000 | Queue: 215 | ✅ http://www.singtel.com/business/insights/different...
2026-09-24 08:51:04 | INFO | ✓ 1095/9000 | Queue: 211 | ✅ http://www.singtel.com/business/insights/post-quan...
2026-09-24 08:51:05 | INFO | ✓ 1096/9000 | Queue: 208 | ✅ http://www.singtel.com/business/insights/2025-sing...
2026-09-24 08:51:06 | INFO | ✓ 1097/9000 | Queue: 207 | ✅ http://www.singtel.com/business/insights/singtel-n...
2026-09-24 08:51:09 | INFO | ✓ 1098/9000 | Queue: 207 | ✅ http://www.singtel.com/business/insights/the-cloud...
2026-09-24 08:51:10 | INFO | ✓ 1099/9000 | Queue: 206 | ✅ http://www.singtel.com/business/insights/2025-sg-m...
2026-09-24 08:51:11 | INFO | ✓ 1100/9000 | Queue: 205 | ✅ http://www.singtel.com/business/insights/singtel-w...
2026-09-24 08:51:11 | INFO | Checkpoint saved: 1100 visited, 205 queued
2026-09-24 08:51:12 | INFO | ✓ 1101/9000 | Queue: 205 | ✅ http://www.singtel.com/business/insights/carbon-cu...
2026-09-24 08:51:13 | INFO | ✓ 1102/9000 | Queue: 215 | ✅ http://www.singtel.com/business/insights/sme/how-c...
2026-09-24 08:51:14 | INFO | ✓ 1103/9000 | Queue: 222 | ✅ http://www.singtel.com/business/insights/sme/choos...
2026-09-24 08:51:15 | INFO | ✓ 1104/9000 | Queue: 226 | ✅ http://www.singtel.com/business/insights/managing-...
2026-09-24 08:51:15 | INFO | ✓ 1105/9000 | Queue: 230 | ✅ http://www.singtel.com/business/insights/sme/Secur...
2026-09-24 08:51:16 | INFO | ✓ 1106/9000 | Queue: 229 | ✅ http://www.singtel.com/business/insights/why-passw...
2026-09-24 08:51:18 | INFO | ✓ 1107/9000 | Queue: 227 | ✅ http://www.singtel.com/business/insights/the-branc...
2026-09-24 08:51:19 | INFO | ✓ 1108/9000 | Queue: 223 | ✅ http://www.singtel.com/business/insights/telcos-ar...
2026-09-24 08:51:20 | INFO | ✓ 1109/9000 | Queue: 221 | ✅ http://www.singtel.com/business/insights/turning-n...
2026-09-24 08:51:21 | INFO | ✓ 1110/9000 | Queue: 217 | ✅ https://www.singtel.com/personal/support/replaceme...
2026-09-24 08:51:22 | INFO | ✓ 1111/9000 | Queue: 225 | ✅ https://www.singtel.com/personal/support/broadband...
2026-09-24 08:51:23 | INFO | ✓ 1112/9000 | Queue: 224 | ✅ https://www.singtel.com/personal/support/broadband...
2026-09-24 08:51:25 | INFO | ✓ 1113/9000 | Queue: 225 | ✅ https://www.singtel.com/personal/support/broadband...
2026-09-24 08:51:27 | INFO | ✓ 1114/9000 | Queue: 225 | ✅ https://www.singtel.com/personal/support/broadband...
2026-09-24 08:51:29 | INFO | ✓ 1115/9000 | Queue: 225 | ✅ https://www.singtel.com/personal/support/broadband...
2026-09-24 08:51:31 | INFO | ✓ 1116/9000 | Queue: 225 | ✅ https://www.singtel.com/personal/support/broadband...
2026-09-24 08:51:34 | INFO | ✓ 1117/9000 | Queue: 226 | ✅ https://www.singtel.com/personal/support/broadband...
2026-09-24 08:51:35 | INFO | ✓ 1118/9000 | Queue: 227 | ✅ https://www.singtel.com/personal/support/broadband...
2026-09-24 08:51:36 | INFO | ✓ 1119/9000 | Queue: 227 | ✅ https://www.singtel.com/personal/support/broadband...
2026-09-24 08:51:37 | INFO | ✓ 1120/9000 | Queue: 227 | ✅ https://www.singtel.com/personal/support/broadband...
2026-09-24 08:51:38 | INFO | ✓ 1121/9000 | Queue: 227 | ✅ https://www.singtel.com/personal/support/broadband...
2026-09-24 08:51:39 | INFO | ✓ 1122/9000 | Queue: 227 | ✅ https://www.singtel.com/personal/support/broadband...
2026-09-24 08:51:40 | INFO | ✓ 1123/9000 | Queue: 227 | ✅ https://www.singtel.com/personal/support/broadband...
2026-09-24 08:51:42 | INFO | ✓ 1124/9000 | Queue: 227 | ✅ https://www.singtel.com/personal/support/broadband...
2026-09-24 08:51:43 | INFO | ✓ 1125/9000 | Queue: 227 | ✅ https://www.singtel.com/personal/support/broadband...
2026-09-24 08:51:44 | INFO | ✓ 1126/9000 | Queue: 226 | ✅ https://www.singtel.com/personal/support/recontrac...
2026-09-24 08:51:46 | INFO | ✓ 1127/9000 | Queue: 225 | ✅ https://singtel.com/content/dam/singtel/personal/p...
2026-09-24 08:51:47 | INFO | ✓ 1128/9000 | Queue: 225 | ✅ https://www.singtel.com/hitourist...
2026-09-24 08:51:47 | INFO | ✓ 1129/9000 | Queue: 225 | ✅ https://www.singtel.com/personal/products-services...
2026-09-24 08:51:49 | INFO | ✓ 1130/9000 | Queue: 212 | ✅ https://singtel.com/personal...
2026-09-24 08:51:50 | INFO | ✓ 1131/9000 | Queue: 228 | ✅ https://singtel.com/business...
2026-09-24 08:51:51 | INFO | ✓ 1132/9000 | Queue: 229 | ✅ https://singtel.com/digital-infraco...
2026-09-24 08:51:52 | INFO | ✓ 1133/9000 | Queue: 231 | ✅ https://singtel.com/support...
2026-09-24 08:51:53 | INFO | ✓ 1134/9000 | Queue: 230 | ✅ https://singtel.com/about-us...
2026-09-24 08:51:55 | INFO | ✓ 1135/9000 | Queue: 229 | ✅ https://singtel.com/business/products-services...
2026-09-24 08:51:56 | INFO | ✓ 1136/9000 | Queue: 242 | ✅ https://singtel.com/business/products-services/5g...
2026-09-24 08:51:57 | INFO | ✓ 1137/9000 | Queue: 241 | ✅ https://singtel.com/business/products-services/mob...
2026-09-24 08:51:58 | INFO | ✓ 1138/9000 | Queue: 245 | ✅ https://singtel.com/business/products-services/con...
2026-09-24 08:51:58 | INFO | ✓ 1139/9000 | Queue: 245 | ✅ https://singtel.com/business/products-services/qua...
2026-09-24 08:52:00 | INFO | ✓ 1140/9000 | Queue: 246 | ✅ https://singtel.com/business/products-services/sof...
2026-09-24 08:52:01 | INFO | ✓ 1141/9000 | Queue: 245 | ✅ https://singtel.com/business/products-services/man...
2026-09-24 08:52:02 | INFO | ✓ 1142/9000 | Queue: 247 | ✅ https://singtel.com/business/products-services/ai-...
2026-09-24 08:52:03 | INFO | ✓ 1143/9000 | Queue: 246 | ✅ https://singtel.com/business/products-services/clo...
2026-09-24 08:52:04 | INFO | ✓ 1144/9000 | Queue: 245 | ✅ https://singtel.com/business/products-services/dat...
2026-09-24 08:52:05 | INFO | ✓ 1145/9000 | Queue: 255 | ✅ https://singtel.com/business/products-services/cyb...
2026-09-24 08:52:06 | INFO | ✓ 1146/9000 | Queue: 265 | ✅ https://singtel.com/business/products-services/iot...
2026-09-24 08:52:07 | INFO | ✓ 1147/9000 | Queue: 264 | ✅ https://singtel.com/business/products-services/com...
2026-09-24 08:52:08 | INFO | ✓ 1148/9000 | Queue: 268 | ✅ https://singtel.com/business/products-services/sat...
2026-09-24 08:52:09 | INFO | ✓ 1149/9000 | Queue: 269 | ✅ https://singtel.com/business/products-services/tv...
2026-09-24 08:52:11 | INFO | ✓ 1150/9000 | Queue: 269 | ✅ https://singtel.com/business/smb...
2026-09-24 08:52:12 | INFO | ✓ 1151/9000 | Queue: 268 | ✅ https://singtel.com/business/smb/overview...
2026-09-24 08:52:13 | INFO | ✓ 1152/9000 | Queue: 268 | ✅ https://singtel.com/business/smb/promotions...
2026-09-24 08:52:15 | INFO | ✓ 1153/9000 | Queue: 268 | ✅ https://singtel.com/business/smb/solutions...
2026-09-24 08:52:16 | INFO | ✓ 1154/9000 | Queue: 267 | ✅ https://singtel.com/business/smb/resources...
2026-09-24 08:52:18 | INFO | ✓ 1155/9000 | Queue: 266 | ✅ https://singtel.com/business/smb/eshop...
2026-09-24 08:52:20 | INFO | ✓ 1156/9000 | Queue: 265 | ✅ https://singtel.com/business/enterprise...
2026-09-24 08:52:21 | INFO | ✓ 1157/9000 | Queue: 264 | ✅ https://singtel.com/business/enterprise/5g-innovat...
2026-09-24 08:52:23 | INFO | ✓ 1158/9000 | Queue: 263 | ✅ https://singtel.com/business/enterprise/cloud-netw...
2026-09-24 08:52:25 | INFO | ✓ 1159/9000 | Queue: 262 | ✅ https://singtel.com/business/enterprise/quantumsaf...
2026-09-24 08:52:27 | INFO | ✓ 1160/9000 | Queue: 261 | ✅ https://singtel.com/business/enterprise/cyber-resi...
2026-09-24 08:52:28 | INFO | ✓ 1161/9000 | Queue: 260 | ✅ https://singtel.com/business/enterprise/iot...
2026-09-24 08:52:30 | INFO | ✓ 1162/9000 | Queue: 269 | ✅ https://singtel.com/business/enterprise/communicat...
2026-09-24 08:52:31 | INFO | ✓ 1163/9000 | Queue: 287 | ✅ https://singtel.com/business/insights...
2026-09-24 08:52:32 | INFO | ✓ 1164/9000 | Queue: 286 | ✅ https://singtel.com/business/insights/business-ins...
2026-09-24 08:52:33 | INFO | ✓ 1165/9000 | Queue: 285 | ✅ https://singtel.com/business/support...
2026-09-24 08:52:34 | INFO | ✓ 1166/9000 | Queue: 284 | ✅ https://singtel.com/business/support/support...
2026-09-24 08:52:36 | INFO | ✓ 1167/9000 | Queue: 283 | ✅ https://singtel.com/business/support/support-mobil...
2026-09-24 08:52:37 | INFO | ✓ 1168/9000 | Queue: 282 | ✅ https://singtel.com/business/support/support-conne...
2026-09-24 08:52:38 | INFO | ✓ 1169/9000 | Queue: 281 | ✅ https://singtel.com/business/support/support-voice...
2026-09-24 08:52:39 | INFO | ✓ 1170/9000 | Queue: 280 | ✅ https://singtel.com/business/support/support-saas...
2026-09-24 08:52:40 | INFO | ✓ 1171/9000 | Queue: 279 | ✅ https://singtel.com/business/support/check-data-us...
2026-09-24 08:52:43 | INFO | ✓ 1172/9000 | Queue: 278 | ✅ https://singtel.com/business/support/business-port...
2026-09-24 08:52:44 | INFO | ✓ 1173/9000 | Queue: 277 | ✅ https://singtel.com/business/support/support-route...
2026-09-24 08:52:45 | INFO | ✓ 1174/9000 | Queue: 276 | ✅ https://singtel.com/business/why-singtel-business...
2026-09-24 08:52:46 | INFO | ✓ 1175/9000 | Queue: 275 | ✅ https://singtel.com/business/why-singtel-business/...
2026-09-24 08:52:47 | INFO | ✓ 1176/9000 | Queue: 275 | ✅ https://singtel.com/business/why-singtel-business/...
2026-09-24 08:52:48 | INFO | ✓ 1177/9000 | Queue: 275 | ✅ https://singtel.com/business/why-singtel-business/...
2026-09-24 08:52:49 | INFO | ✓ 1178/9000 | Queue: 274 | ✅ https://singtel.com/business/why-singtel-business/...
2026-09-24 08:52:51 | INFO | ✓ 1179/9000 | Queue: 273 | ✅ https://singtel.com/business/why-singtel-business/...
2026-09-24 08:52:52 | INFO | ✓ 1180/9000 | Queue: 272 | ✅ https://singtel.com/standard-agreement-new...
2026-09-24 08:52:53 | INFO | ✓ 1181/9000 | Queue: 267 | ✅ http://www.singtel.com/business/products-services/...
2026-09-24 08:52:54 | INFO | ✓ 1182/9000 | Queue: 273 | ✅ http://www.singtel.com/business/insights/network-b...
2026-09-24 08:52:54 | INFO | ✓ 1183/9000 | Queue: 276 | ✅ http://www.singtel.com/business/insights/securing-...
2026-09-24 08:52:55 | INFO | ✓ 1184/9000 | Queue: 280 | ✅ http://www.singtel.com/business/insights/guard-you...
2026-09-24 08:52:56 | INFO | ✓ 1185/9000 | Queue: 284 | ✅ http://www.singtel.com/business/insights/unlocking...
2026-09-24 08:52:57 | INFO | ✓ 1186/9000 | Queue: 288 | ✅ http://www.singtel.com/business/insights/protect-d...
2026-09-24 08:52:58 | INFO | ✓ 1187/9000 | Queue: 286 | ✅ http://www.singtel.com/business/products-services/...
2026-09-24 08:52:59 | INFO | ✓ 1188/9000 | Queue: 285 | ✅ http://www.singtel.com/personal/my-account/bills-p...
2026-09-24 08:53:00 | INFO | ✓ 1189/9000 | Queue: 284 | ✅ http://www.singtel.com/personal/my-account/bills-p...
2026-09-24 08:53:01 | INFO | ✓ 1190/9000 | Queue: 281 | ✅ http://www.singtel.com/business/articles/embracing...
2026-09-24 08:53:02 | INFO | ✓ 1191/9000 | Queue: 279 | ✅ http://www.singtel.com/business/products-services/...
2026-09-24 08:53:03 | INFO | ✓ 1192/9000 | Queue: 280 | ✅ http://www.singtel.com/business/products-services/...
2026-09-24 08:53:03 | INFO | ✓ 1193/9000 | Queue: 279 | ✅ http://www.singtel.com/business/products-services/...
2026-09-24 08:53:06 | INFO | ✓ 1194/9000 | Queue: 278 | ✅ http://www.singtel.com/business/products-services/...
2026-09-24 08:53:07 | INFO | ✓ 1195/9000 | Queue: 276 | ✅ http://www.singtel.com/business/insights/why-speed...
2026-09-24 08:53:08 | INFO | ✓ 1196/9000 | Queue: 274 | ✅ http://www.singtel.com/business/insights/advancing...
2026-09-24 08:53:09 | INFO | ✓ 1197/9000 | Queue: 267 | ✅ http://www.singtel.com/business/insights/frost-and...
2026-09-24 08:53:10 | INFO | ✓ 1198/9000 | Queue: 267 | ✅ http://www.singtel.com/business/insights/beyond-si...
2026-09-24 08:53:11 | INFO | ✓ 1199/9000 | Queue: 266 | ✅ http://www.singtel.com/business/products-services/...
2026-09-24 08:53:12 | INFO | ✓ 1200/9000 | Queue: 262 | ✅ http://www.singtel.com/business/insights/2025-sea-...
2026-09-24 08:53:12 | INFO | Checkpoint saved: 1200 visited, 262 queued
2026-09-24 08:53:13 | INFO | ✓ 1201/9000 | Queue: 265 | ✅ http://www.singtel.com/business/insights/xpeng-dri...
2026-09-24 08:53:14 | INFO | ✓ 1202/9000 | Queue: 265 | ✅ http://www.singtel.com/business/products-services/...
2026-09-24 08:53:15 | INFO | ✓ 1203/9000 | Queue: 259 | ✅ http://www.singtel.com/business/insights/why-even-...
2026-09-24 08:53:16 | INFO | ✓ 1204/9000 | Queue: 259 | ✅ http://www.singtel.com/business/articles/are-iot-d...
2026-09-24 08:53:17 | INFO | ✓ 1205/9000 | Queue: 254 | ✅ http://www.singtel.com/business/insights/are-otps-...
2026-09-24 08:53:19 | INFO | ✓ 1206/9000 | Queue: 249 | ✅ http://www.singtel.com/business/articles/ipificati...
2026-09-24 08:53:20 | INFO | ✓ 1207/9000 | Queue: 240 | ✅ http://www.singtel.com/business/articles/how-tech-...
2026-09-24 08:53:21 | INFO | ✓ 1208/9000 | Queue: 241 | ✅ http://www.singtel.com/business/insights/reshaping...
2026-09-24 08:53:22 | INFO | ✓ 1209/9000 | Queue: 244 | ✅ http://www.singtel.com/business/insights/how-agri-...
2026-09-24 08:53:24 | INFO | ✓ 1210/9000 | Queue: 242 | ✅ http://www.singtel.com/business/articles/cyber-bre...
2026-09-24 08:53:25 | INFO | ✓ 1211/9000 | Queue: 241 | ✅ http://www.singtel.com/business/articles/vertical-...
2026-09-24 08:53:26 | INFO | ✓ 1212/9000 | Queue: 238 | ✅ http://www.singtel.com/business/articles/sme/how-c...
2026-09-24 08:53:27 | INFO | ✓ 1213/9000 | Queue: 228 | ✅ http://www.singtel.com/business/articles/sme/choos...
2026-09-24 08:53:28 | INFO | ✓ 1214/9000 | Queue: 228 | ✅ http://www.singtel.com/business/insights/sme/How-S...
2026-09-24 08:53:29 | INFO | ✓ 1215/9000 | Queue: 234 | ✅ http://www.singtel.com/business/insights/sme/Defen...
2026-09-24 08:53:30 | INFO | ✓ 1216/9000 | Queue: 240 | ✅ http://www.singtel.com/business/insights/sme/How-t...
2026-09-24 08:53:31 | INFO | ✓ 1217/9000 | Queue: 239 | ✅ http://www.singtel.com/business/articles/managing-...
2026-09-24 08:53:32 | INFO | ✓ 1218/9000 | Queue: 234 | ✅ http://www.singtel.com/business/articles/sme/Secur...
2026-09-24 08:53:34 | INFO | ✓ 1219/9000 | Queue: 221 | ✅ https://www.singtel.com/personal/support/broadband...
2026-09-24 08:53:35 | INFO | ✓ 1220/9000 | Queue: 200 | ✅ https://www.singtel.com/personal/products-services...
2026-09-24 08:53:36 | INFO | ✓ 1221/9000 | Queue: 196 | ✅ https://singtel.com/business/forms/support/busines...
2026-09-24 08:53:38 | INFO | ✓ 1222/9000 | Queue: 194 | ✅ https://singtel.com/business/forms/support/busines...
2026-09-24 08:53:39 | INFO | ✓ 1223/9000 | Queue: 193 | ✅ https://singtel.com/business/promotions/startup-pr...
2026-09-24 08:53:40 | INFO | ✓ 1224/9000 | Queue: 192 | ✅ https://singtel.com/business/promotions/business-f...
2026-09-24 08:53:40 | INFO | ✓ 1225/9000 | Queue: 191 | ✅ https://singtel.com/business/promotions/business-m...
2026-09-24 08:53:41 | INFO | ✓ 1226/9000 | Queue: 190 | ✅ https://singtel.com/business/promotions/business-p...
2026-09-24 08:53:42 | INFO | ✓ 1227/9000 | Queue: 189 | ✅ https://singtel.com/business/promotions/ICT-soluti...
2026-09-24 08:53:43 | INFO | ✓ 1228/9000 | Queue: 194 | ✅ https://singtel.com/business/products-services/con...
2026-09-24 08:53:44 | INFO | ✓ 1229/9000 | Queue: 194 | ✅ https://singtel.com/business/products-services/con...
2026-09-24 08:53:45 | INFO | ✓ 1230/9000 | Queue: 194 | ✅ https://singtel.com/business/smb/grants...
2026-09-24 08:53:46 | INFO | ✓ 1231/9000 | Queue: 191 | ✅ https://singtel.com/business/forms/support/contact...
2026-09-24 08:53:47 | INFO | ✓ 1232/9000 | Queue: 187 | ✅ https://singtel.com/personal/support/account-billi...
2026-09-24 08:53:49 | INFO | ✓ 1233/9000 | Queue: 191 | ✅ https://singtel.com/personal/my-account...
2026-09-24 08:53:50 | INFO | ✓ 1234/9000 | Queue: 190 | ✅ https://singtel.com/personal/i/apps-tv/apps/my-sin...
2026-09-24 08:53:51 | INFO | ✓ 1235/9000 | Queue: 197 | ✅ https://singtel.com/business/products-services/5g/...
2026-09-24 08:53:53 | INFO | ✓ 1236/9000 | Queue: 196 | ✅ https://singtel.com/business/products-services/5g/...
2026-09-24 08:53:54 | INFO | ✓ 1237/9000 | Queue: 202 | ✅ https://singtel.com/business/products-services/5g/...
2026-09-24 08:53:55 | INFO | ✓ 1238/9000 | Queue: 202 | ✅ https://singtel.com/business/products-services/5g/...
2026-09-24 08:53:56 | INFO | ✓ 1239/9000 | Queue: 204 | ✅ https://singtel.com/business/products-services/5g/...
2026-09-24 08:53:57 | INFO | ✓ 1240/9000 | Queue: 209 | ✅ https://singtel.com/business/products-services/5g/...
2026-09-24 08:53:58 | INFO | ✓ 1241/9000 | Queue: 211 | ✅ https://singtel.com/business/insights/singtel-reco...
2026-09-24 08:53:59 | INFO | ✓ 1242/9000 | Queue: 212 | ✅ https://singtel.com/business/insights/the-four-tec...
2026-09-24 08:54:00 | INFO | ✓ 1243/9000 | Queue: 215 | ✅ https://singtel.com/business/insights/the-network-...
2026-09-24 08:54:01 | INFO | ✓ 1244/9000 | Queue: 217 | ✅ https://singtel.com/business/insights/rewilding-ci...
2026-09-24 08:54:02 | INFO | ✓ 1245/9000 | Queue: 221 | ✅ https://singtel.com/business/insights/when-supply-...
2026-09-24 08:54:03 | INFO | ✓ 1246/9000 | Queue: 224 | ✅ https://singtel.com/business/insights/restoring-li...
2026-09-24 08:54:05 | INFO | ✓ 1247/9000 | Queue: 223 | ✅ https://singtel.com/business/products-services/con...
2026-09-24 08:54:06 | INFO | ✓ 1248/9000 | Queue: 226 | ✅ https://singtel.com/business/insights/hospitalitys...
2026-09-24 08:54:06 | INFO | ✓ 1249/9000 | Queue: 229 | ✅ https://singtel.com/business/insights/when-trust-b...
2026-09-24 08:54:09 | INFO | ✓ 1250/9000 | Queue: 230 | ✅ https://singtel.com/business/insights/ai-s-breakth...
2026-09-24 08:54:10 | INFO | ✓ 1251/9000 | Queue: 232 | ✅ https://singtel.com/business/insights/idc-marketsc...
2026-09-24 08:54:11 | INFO | ✓ 1252/9000 | Queue: 235 | ✅ https://singtel.com/business/insights/2025-singapo...
2026-09-24 08:54:12 | INFO | ✓ 1253/9000 | Queue: 233 | ✅ https://singtel.com/business/products-services/cyb...
2026-09-24 08:54:13 | INFO | ✓ 1254/9000 | Queue: 235 | ✅ https://singtel.com/business/products-services/cyb...
2026-09-24 08:54:14 | INFO | ✓ 1255/9000 | Queue: 234 | ✅ https://singtel.com/business/products-services/cyb...
2026-09-24 08:54:15 | INFO | ✓ 1256/9000 | Queue: 234 | ✅ https://singtel.com/business/products-services/cyb...
2026-09-24 08:54:16 | INFO | ✓ 1257/9000 | Queue: 234 | ✅ https://singtel.com/business/products-services/cyb...
2026-09-24 08:54:19 | INFO | ✓ 1258/9000 | Queue: 236 | ✅ https://singtel.com/business/products-services/cyb...
2026-09-24 08:54:20 | INFO | ✓ 1259/9000 | Queue: 235 | ✅ https://singtel.com/business/products-services/cyb...
2026-09-24 08:54:21 | INFO | ✓ 1260/9000 | Queue: 238 | ✅ https://singtel.com/business/insights/network-leve...
2026-09-24 08:54:22 | INFO | ✓ 1261/9000 | Queue: 241 | ✅ https://singtel.com/business/insights/singtel-name...
2026-09-24 08:54:23 | INFO | ✓ 1262/9000 | Queue: 244 | ✅ https://singtel.com/business/insights/autonomous-d...
2026-09-24 08:54:24 | INFO | ✓ 1263/9000 | Queue: 245 | ✅ https://singtel.com/business/insights/network-guar...
2026-09-24 08:54:26 | INFO | ✓ 1264/9000 | Queue: 248 | ✅ https://singtel.com/business/insights/why-the-futu...
2026-09-24 08:54:27 | INFO | ✓ 1265/9000 | Queue: 250 | ✅ https://singtel.com/business/products-services/iot...
2026-09-24 08:54:28 | INFO | ✓ 1266/9000 | Queue: 249 | ✅ https://singtel.com/business/articles/german-multi...
2026-09-24 08:54:29 | INFO | ✓ 1267/9000 | Queue: 252 | ✅ https://singtel.com/business/articles/byd-drives-g...
2026-09-24 08:54:31 | INFO | ✓ 1268/9000 | Queue: 251 | ✅ https://singtel.com/business/articles/european-aut...
2026-09-24 08:54:32 | INFO | ✓ 1269/9000 | Queue: 254 | ✅ https://singtel.com/business/insights/singtel-name...
2026-09-24 08:54:33 | INFO | ✓ 1270/9000 | Queue: 255 | ✅ https://singtel.com/business/insights/industry-5-0...
2026-09-24 08:54:34 | INFO | ✓ 1271/9000 | Queue: 255 | ✅ https://singtel.com/business/insights/inside-the-n...
2026-09-24 08:54:35 | INFO | ✓ 1272/9000 | Queue: 254 | ✅ https://singtel.com/business/insights/2025-sea-iot...
2026-09-24 08:54:36 | INFO | ✓ 1273/9000 | Queue: 258 | ✅ https://singtel.com/business/insights/securing-log...
2026-09-24 08:54:37 | INFO | ✓ 1274/9000 | Queue: 261 | ✅ https://singtel.com/business/insights/lighten-heal...
2026-09-24 08:54:38 | INFO | ✓ 1275/9000 | Queue: 260 | ✅ https://singtel.com/business/products-services/sat...
2026-09-24 08:54:39 | INFO | ✓ 1276/9000 | Queue: 259 | ✅ https://singtel.com/business/products-services/sat...
2026-09-24 08:54:40 | INFO | ✓ 1277/9000 | Queue: 258 | ✅ https://singtel.com/business/products-services/sat...
2026-09-24 08:54:41 | INFO | ✓ 1278/9000 | Queue: 257 | ✅ https://singtel.com/business/products-services/sat...
2026-09-24 08:54:42 | INFO | ✓ 1279/9000 | Queue: 256 | ✅ https://singtel.com/business/products-services/sat...
2026-09-24 08:54:44 | INFO | ✓ 1280/9000 | Queue: 255 | ✅ https://singtel.com/business/products-services/tv/...
2026-09-24 08:54:45 | INFO | ✓ 1281/9000 | Queue: 254 | ✅ https://singtel.com/business/products-services/tv/...
2026-09-24 08:54:46 | INFO | ✓ 1282/9000 | Queue: 254 | ✅ https://singtel.com/business/smb/campaign/singapor...
2026-09-24 08:54:49 | INFO | ✓ 1283/9000 | Queue: 253 | ✅ https://singtel.com/business/solutions/grow-your-b...
2026-09-24 08:54:50 | INFO | ✓ 1284/9000 | Queue: 252 | ✅ https://singtel.com/business/promotions...
2026-09-24 08:54:51 | INFO | ✓ 1285/9000 | Queue: 256 | ✅ https://singtel.com/business/products-services/mob...
2026-09-24 08:54:52 | INFO | ✓ 1286/9000 | Queue: 255 | ✅ https://singtel.com/business/products-services/mob...
2026-09-24 08:54:53 | INFO | ✓ 1287/9000 | Queue: 254 | ✅ https://singtel.com/business/products-services/mob...
2026-09-24 08:54:55 | INFO | ✓ 1288/9000 | Queue: 253 | ✅ https://singtel.com/business/products-services/mob...
2026-09-24 08:54:56 | INFO | ✓ 1289/9000 | Queue: 252 | ✅ https://singtel.com/business/products-services/mob...
2026-09-24 08:54:57 | INFO | ✓ 1290/9000 | Queue: 251 | ✅ https://singtel.com/business/products-services/mob...
2026-09-24 08:54:58 | INFO | ✓ 1291/9000 | Queue: 250 | ✅ https://singtel.com/business/products-services/com...
2026-09-24 08:54:59 | INFO | ✓ 1292/9000 | Queue: 249 | ✅ https://singtel.com/business/products-services/mob...
2026-09-24 08:55:00 | INFO | ✓ 1293/9000 | Queue: 248 | ✅ https://singtel.com/business/products-services/mob...
2026-09-24 08:55:00 | INFO | ✓ 1294/9000 | Queue: 247 | ✅ https://singtel.com/business/products-services/mob...
2026-09-24 08:55:01 | INFO | ✓ 1295/9000 | Queue: 249 | ✅ https://singtel.com/business/campaign/cubiclelife...
2026-09-24 08:55:02 | INFO | ✓ 1296/9000 | Queue: 252 | ✅ https://singtel.com/business/insights/ai-is-spilli...
2026-09-24 08:55:03 | INFO | ✓ 1297/9000 | Queue: 255 | ✅ https://singtel.com/business/insights/protect-your...
2026-09-24 08:55:04 | INFO | ✓ 1298/9000 | Queue: 258 | ✅ https://singtel.com/business/insights/how-can-your...
2026-09-24 08:55:05 | INFO | ✓ 1299/9000 | Queue: 263 | ✅ https://singtel.com/business/insights/the-power-of...
2026-09-24 08:55:06 | INFO | ✓ 1300/9000 | Queue: 265 | ✅ https://singtel.com/business/insights/reconnecting...
2026-09-24 08:55:06 | INFO | Checkpoint saved: 1300 visited, 265 queued
2026-09-24 08:55:07 | INFO | ✓ 1301/9000 | Queue: 267 | ✅ https://singtel.com/business/insights/why-healthca...
2026-09-24 08:55:08 | INFO | ✓ 1302/9000 | Queue: 271 | ✅ https://singtel.com/business/insights/post-quantum...
2026-09-24 08:55:09 | INFO | ✓ 1303/9000 | Queue: 276 | ✅ https://singtel.com/business/insights/singtel-name...
2026-09-24 08:55:10 | INFO | ✓ 1304/9000 | Queue: 284 | ✅ https://singtel.com/business/insights/singtel-wins...
2026-09-24 08:55:11 | INFO | ✓ 1305/9000 | Queue: 285 | ✅ https://singtel.com/business/insights/why-password...
2026-09-24 08:55:12 | INFO | ✓ 1306/9000 | Queue: 288 | ✅ https://singtel.com/business/insights/the-branch-n...
2026-09-24 08:55:13 | INFO | ✓ 1307/9000 | Queue: 289 | ✅ https://singtel.com/business/insights/telcos-are-t...
2026-09-24 08:55:14 | INFO | ✓ 1308/9000 | Queue: 292 | ✅ https://singtel.com/business/insights/turning-netw...
2026-09-24 08:55:15 | INFO | ✓ 1309/9000 | Queue: 291 | ✅ https://singtel.com/about-us/sustainability.html...
2026-09-24 08:55:16 | INFO | ✓ 1310/9000 | Queue: 289 | ✅ http://www.singtel.com/business/insights/network-b...
2026-09-24 08:55:18 | INFO | ✓ 1311/9000 | Queue: 288 | ✅ http://www.singtel.com/business/insights/why-digit...
2026-09-24 08:55:19 | INFO | ✓ 1312/9000 | Queue: 294 | ✅ http://www.singtel.com/business/insights/wan-trans...
2026-09-24 08:55:20 | INFO | ✓ 1313/9000 | Queue: 298 | ✅ http://www.singtel.com/business/insights/solving-e...
2026-09-24 08:55:21 | INFO | ✓ 1314/9000 | Queue: 300 | ✅ http://www.singtel.com/business/articles/making-co...
2026-09-24 08:55:22 | INFO | ✓ 1315/9000 | Queue: 296 | ✅ http://www.singtel.com/business/articles/guard-you...
2026-09-24 08:55:23 | INFO | ✓ 1316/9000 | Queue: 291 | ✅ http://www.singtel.com/business/articles/unlocking...
2026-09-24 08:55:25 | INFO | ✓ 1317/9000 | Queue: 290 | ✅ http://www.singtel.com/business/products-services/...
2026-09-24 08:55:26 | INFO | ✓ 1318/9000 | Queue: 286 | ✅ http://www.singtel.com/business/articles/protect-d...
2026-09-24 08:55:27 | INFO | ✓ 1319/9000 | Queue: 286 | ✅ http://www.singtel.com/business/products-services/...
2026-09-24 08:55:28 | INFO | ✓ 1320/9000 | Queue: 282 | ✅ http://www.singtel.com/business/campaign/behindeve...
2026-09-24 08:55:29 | INFO | ✓ 1321/9000 | Queue: 278 | ✅ http://www.singtel.com/business/articles/beyond-si...
2026-09-24 08:55:30 | INFO | ✓ 1322/9000 | Queue: 273 | ✅ http://www.singtel.com/business/insights/xpeng-dri...
2026-09-24 08:55:31 | INFO | ✓ 1323/9000 | Queue: 261 | ✅ http://www.singtel.com/business/articles/reshaping...
2026-09-24 08:55:33 | INFO | ✓ 1324/9000 | Queue: 256 | ✅ http://www.singtel.com/business/articles/how-agri-...
2026-09-24 08:55:34 | INFO | ✓ 1325/9000 | Queue: 252 | ✅ http://www.singtel.com/business/products-services/...
2026-09-24 08:55:36 | INFO | ✓ 1326/9000 | Queue: 246 | ✅ http://www.singtel.com/business/solutions/grow-you...
2026-09-24 08:55:37 | INFO | ✓ 1327/9000 | Queue: 245 | ✅ http://www.singtel.com/business/articles/sme/How-S...
2026-09-24 08:55:38 | INFO | ✓ 1328/9000 | Queue: 240 | ✅ http://www.singtel.com/business/articles/sme/Defen...
2026-09-24 08:55:39 | INFO | ✓ 1329/9000 | Queue: 234 | ✅ http://www.singtel.com/business/articles/sme/How-t...
2026-09-24 08:55:40 | INFO | ✓ 1330/9000 | Queue: 227 | ✅ https://singtel.com/business/insights/2025-sg-mana...
2026-09-24 08:55:41 | INFO | ✓ 1331/9000 | Queue: 232 | ✅ https://singtel.com/business/products-services/mob...
2026-09-24 08:55:43 | INFO | ✓ 1332/9000 | Queue: 232 | ✅ https://singtel.com/business/products-services/mob...
2026-09-24 08:55:44 | INFO | ✓ 1333/9000 | Queue: 229 | ✅ https://singtel.com/personal/my-account/orders-app...
2026-09-24 08:55:45 | INFO | ✓ 1334/9000 | Queue: 228 | ✅ https://singtel.com/personal/my-account/orders-app...
2026-09-24 08:55:46 | INFO | ✓ 1335/9000 | Queue: 229 | ✅ https://singtel.com/personal/my-account/bills-paym...
2026-09-24 08:55:46 | INFO | ✓ 1336/9000 | Queue: 228 | ✅ https://singtel.com/personal/my-account/manage-acc...
2026-09-24 08:55:48 | INFO | ✓ 1337/9000 | Queue: 227 | ✅ https://singtel.com/personal/my-account/orders-app...
2026-09-24 08:55:49 | INFO | ✓ 1338/9000 | Queue: 226 | ✅ https://singtel.com/business/articles/the-future-i...
2026-09-24 08:55:50 | INFO | ✓ 1339/9000 | Queue: 226 | ✅ https://singtel.com/business/products-services/5g/...
2026-09-24 08:55:51 | INFO | ✓ 1340/9000 | Queue: 221 | ✅ https://singtel.com/business/products-services/5g/...
2026-09-24 08:55:53 | INFO | ✓ 1341/9000 | Queue: 221 | ✅ https://singtel.com/business/articles/embracing-ne...
2026-09-24 08:55:56 | INFO | ✓ 1342/9000 | Queue: 215 | ✅ https://singtel.com/business/products-services/5g/...
2026-09-24 08:55:58 | INFO | ✓ 1343/9000 | Queue: 214 | ✅ https://singtel.com/business/products-services/mob...
2026-09-24 08:56:00 | INFO | ✓ 1344/9000 | Queue: 213 | ✅ https://singtel.com/business/products-services/mob...
2026-09-24 08:56:01 | INFO | ✓ 1345/9000 | Queue: 219 | ✅ https://singtel.com/business/products-services/5g/...
2026-09-24 08:56:02 | INFO | ✓ 1346/9000 | Queue: 218 | ✅ https://singtel.com/business/forms/support/5g-part...
2026-09-24 08:56:03 | INFO | ✓ 1347/9000 | Queue: 217 | ✅ https://singtel.com/business/products-services/5g/...
2026-09-24 08:56:04 | INFO | ✓ 1348/9000 | Queue: 216 | ✅ https://singtel.com/business/products-services/5g/...
2026-09-24 08:56:06 | INFO | ✓ 1349/9000 | Queue: 215 | ✅ https://singtel.com/business/products-services/5g/...
2026-09-24 08:56:06 | INFO | ✓ 1350/9000 | Queue: 214 | ✅ https://singtel.com/business/products-services/5g/...
2026-09-24 08:56:07 | INFO | ✓ 1351/9000 | Queue: 213 | ✅ https://singtel.com/business/products-services/5g/...
2026-09-24 08:56:09 | INFO | ✓ 1352/9000 | Queue: 212 | ✅ https://singtel.com/business/insights/singtel-reco...
2026-09-24 08:56:11 | INFO | ✓ 1353/9000 | Queue: 208 | ✅ https://singtel.com/business/insights/the-four-tec...
2026-09-24 08:56:12 | INFO | ✓ 1354/9000 | Queue: 206 | ✅ https://singtel.com/business/insights/the-network-...
2026-09-24 08:56:14 | INFO | ✓ 1355/9000 | Queue: 202 | ✅ https://singtel.com/business/insights/rewilding-ci...
2026-09-24 08:56:15 | INFO | ✓ 1356/9000 | Queue: 202 | ✅ https://singtel.com/business/insights/why-speed-ma...
2026-09-24 08:56:16 | INFO | ✓ 1357/9000 | Queue: 201 | ✅ https://singtel.com/business/insights/when-supply-...
2026-09-24 08:56:17 | INFO | ✓ 1358/9000 | Queue: 201 | ✅ https://singtel.com/business/insights/advancing-a-...
2026-09-24 08:56:18 | INFO | ✓ 1359/9000 | Queue: 200 | ✅ https://singtel.com/business/insights/restoring-li...
2026-09-24 08:56:19 | INFO | ✓ 1360/9000 | Queue: 196 | ✅ https://singtel.com/business/insights/hospitalitys...
2026-09-24 08:56:21 | INFO | ✓ 1361/9000 | Queue: 192 | ✅ https://singtel.com/business/insights/when-trust-b...
2026-09-24 08:56:22 | INFO | ✓ 1362/9000 | Queue: 186 | ✅ https://singtel.com/business/articles/scalable-fle...
2026-09-24 08:56:23 | INFO | ✓ 1363/9000 | Queue: 186 | ✅ https://singtel.com/business/insights/frost-and-su...
2026-09-24 08:56:24 | INFO | ✓ 1364/9000 | Queue: 187 | ✅ https://singtel.com/business/insights/from-connect...
2026-09-24 08:56:25 | INFO | ✓ 1365/9000 | Queue: 187 | ✅ https://singtel.com/business/products-services/cyb...
2026-09-24 08:56:26 | INFO | ✓ 1366/9000 | Queue: 186 | ✅ https://singtel.com/business/products-services/cyb...
2026-09-24 08:56:27 | INFO | ✓ 1367/9000 | Queue: 184 | ✅ https://singtel.com/business/products-services/cyb...
2026-09-24 08:56:28 | INFO | ✓ 1368/9000 | Queue: 183 | ✅ https://singtel.com/business/products-services/cyb...
2026-09-24 08:56:30 | INFO | ✓ 1369/9000 | Queue: 183 | ✅ https://singtel.com/business/products-services/cyb...
2026-09-24 08:56:31 | INFO | ✓ 1370/9000 | Queue: 182 | ✅ https://singtel.com/business/products-services/cyb...
2026-09-24 08:56:32 | INFO | ✓ 1371/9000 | Queue: 182 | ✅ https://singtel.com/business/products-services/cyb...
2026-09-24 08:56:33 | INFO | ✓ 1372/9000 | Queue: 182 | ✅ https://singtel.com/business/products-services/cyb...
2026-09-24 08:56:34 | INFO | ✓ 1373/9000 | Queue: 180 | ✅ https://singtel.com/business/insights/network-leve...
2026-09-24 08:56:38 | INFO | ✓ 1374/9000 | Queue: 176 | ✅ https://singtel.com/business/insights/singtel-name...
2026-09-24 08:56:39 | INFO | ✓ 1375/9000 | Queue: 172 | ✅ https://singtel.com/business/insights/autonomous-d...
2026-09-24 08:56:41 | INFO | ✓ 1376/9000 | Queue: 168 | ✅ https://singtel.com/business/insights/network-guar...
2026-09-24 08:56:42 | INFO | ✓ 1377/9000 | Queue: 166 | ✅ https://singtel.com/business/insights/why-the-futu...
2026-09-24 08:56:43 | INFO | ✓ 1378/9000 | Queue: 162 | ✅ https://singtel.com/business/forms/support/iot-enq...
2026-09-24 08:56:45 | INFO | ✓ 1379/9000 | Queue: 163 | ✅ https://singtel.com/business/products-services/iot...
2026-09-24 08:56:46 | INFO | ✓ 1380/9000 | Queue: 162 | ✅ https://singtel.com/business/products-services/iot...
2026-09-24 08:56:48 | INFO | ✓ 1381/9000 | Queue: 157 | ✅ https://singtel.com/business/insights/singtel-name...
2026-09-24 08:56:49 | INFO | ✓ 1382/9000 | Queue: 156 | ✅ https://singtel.com/business/insights/industry-5-0...
2026-09-24 08:56:50 | INFO | ✓ 1383/9000 | Queue: 156 | ✅ https://singtel.com/business/insights/transforming...
2026-09-24 08:56:51 | INFO | ✓ 1384/9000 | Queue: 155 | ✅ https://singtel.com/business/insights/securing-log...
2026-09-24 08:56:52 | INFO | ✓ 1385/9000 | Queue: 150 | ✅ https://singtel.com/business/insights/lighten-heal...
2026-09-24 08:56:53 | INFO | ✓ 1386/9000 | Queue: 148 | ✅ https://singtel.com/business/insights/why-even-the...
2026-09-24 08:56:54 | INFO | ✓ 1387/9000 | Queue: 152 | ✅ https://singtel.com/business/insights/secure-your-...
2026-09-24 08:56:55 | INFO | ✓ 1388/9000 | Queue: 156 | ✅ https://singtel.com/business/insights/are-otps-sti...
2026-09-24 08:56:56 | INFO | ✓ 1389/9000 | Queue: 160 | ✅ https://singtel.com/business/insights/ipification-...
2026-09-24 08:56:57 | INFO | ✓ 1390/9000 | Queue: 160 | ✅ https://singtel.com/business/products-services/con...
2026-09-24 08:56:58 | INFO | ✓ 1391/9000 | Queue: 159 | ✅ https://singtel.com/business/products-services/man...
2026-09-24 08:56:59 | INFO | ✓ 1392/9000 | Queue: 160 | ✅ https://singtel.com/business/products-services/con...
2026-09-24 08:57:00 | INFO | ✓ 1393/9000 | Queue: 159 | ✅ https://singtel.com/business/articles/ai-is-spilli...
2026-09-24 08:57:02 | INFO | ✓ 1394/9000 | Queue: 155 | ✅ https://singtel.com/business/articles/protect-your...
2026-09-24 08:57:03 | INFO | ✓ 1395/9000 | Queue: 151 | ✅ https://singtel.com/business/articles/how-can-your...
2026-09-24 08:57:05 | INFO | ✓ 1396/9000 | Queue: 147 | ✅ https://singtel.com/business/articles/the-power-of...
2026-09-24 08:57:06 | INFO | ✓ 1397/9000 | Queue: 146 | ✅ https://singtel.com/business/products-services/mob...
2026-09-24 08:57:07 | INFO | ✓ 1398/9000 | Queue: 141 | ✅ https://singtel.com/business/insights/reconnecting...
2026-09-24 08:57:08 | INFO | ✓ 1399/9000 | Queue: 140 | ✅ https://singtel.com/business/insights/why-healthca...
2026-09-24 08:57:10 | INFO | ✓ 1400/9000 | Queue: 137 | ✅ https://singtel.com/business/insights/revolutionis...
2026-09-24 08:57:10 | INFO | Checkpoint saved: 1400 visited, 137 queued
2026-09-24 08:57:11 | INFO | ✓ 1401/9000 | Queue: 142 | ✅ https://singtel.com/business/insights/healthtech-h...
2026-09-24 08:57:12 | INFO | ✓ 1402/9000 | Queue: 145 | ✅ https://singtel.com/business/insights/different-in...
2026-09-24 08:57:13 | INFO | ✓ 1403/9000 | Queue: 141 | ✅ https://singtel.com/business/insights/post-quantum...
2026-09-24 08:57:15 | INFO | ✓ 1404/9000 | Queue: 138 | ✅ https://singtel.com/business/insights/2025-singapo...
2026-09-24 08:57:16 | INFO | ✓ 1405/9000 | Queue: 137 | ✅ https://singtel.com/business/insights/singtel-name...
2026-09-24 08:57:17 | INFO | ✓ 1406/9000 | Queue: 137 | ✅ https://singtel.com/business/insights/the-cloud-sm...
2026-09-24 08:57:18 | INFO | ✓ 1407/9000 | Queue: 136 | ✅ https://singtel.com/business/insights/2025-sg-mana...
2026-09-24 08:57:19 | INFO | ✓ 1408/9000 | Queue: 135 | ✅ https://singtel.com/business/insights/singtel-wins...
2026-09-24 08:57:20 | INFO | ✓ 1409/9000 | Queue: 135 | ✅ https://singtel.com/business/insights/carbon-cutti...
2026-09-24 08:57:21 | INFO | ✓ 1410/9000 | Queue: 144 | ✅ https://singtel.com/business/insights/sme/how-can-...
2026-09-24 08:57:22 | INFO | ✓ 1411/9000 | Queue: 151 | ✅ https://singtel.com/business/insights/sme/choosing...
2026-09-24 08:57:23 | INFO | ✓ 1412/9000 | Queue: 155 | ✅ https://singtel.com/business/insights/managing-saa...
2026-09-24 08:57:24 | INFO | ✓ 1413/9000 | Queue: 159 | ✅ https://singtel.com/business/insights/sme/Secure-y...
2026-09-24 08:57:25 | INFO | ✓ 1414/9000 | Queue: 158 | ✅ https://singtel.com/business/insights/why-password...
2026-09-24 08:57:26 | INFO | ✓ 1415/9000 | Queue: 156 | ✅ https://singtel.com/business/insights/the-branch-n...
2026-09-24 08:57:27 | INFO | ✓ 1416/9000 | Queue: 152 | ✅ https://singtel.com/business/insights/telcos-are-t...
2026-09-24 08:57:29 | INFO | ✓ 1417/9000 | Queue: 150 | ✅ https://singtel.com/business/insights/turning-netw...
2026-09-24 08:57:30 | INFO | ✓ 1418/9000 | Queue: 143 | ✅ http://www.singtel.com/business/insights/wan-trans...
2026-09-24 08:57:31 | INFO | ✓ 1419/9000 | Queue: 142 | ✅ http://www.singtel.com/business/products-services/...
2026-09-24 08:57:33 | INFO | ✓ 1420/9000 | Queue: 144 | ✅ http://www.singtel.com/business/articles/overcomin...
2026-09-24 08:57:34 | INFO | ✓ 1421/9000 | Queue: 139 | ✅ http://www.singtel.com/business/insights/solving-e...
2026-09-24 08:57:35 | INFO | ✓ 1422/9000 | Queue: 138 | ✅ http://www.singtel.com/business/products-services/...
2026-09-24 08:57:36 | INFO | ✓ 1423/9000 | Queue: 130 | ✅ http://www.singtel.com/business/articles/3-steps-t...
2026-09-24 08:57:37 | INFO | ✓ 1424/9000 | Queue: 121 | ✅ https://singtel.com/business/products-services/mob...
2026-09-24 08:57:38 | INFO | ✓ 1425/9000 | Queue: 130 | ✅ https://singtel.com/business/insights/network-blue...
2026-09-24 08:57:39 | INFO | ✓ 1426/9000 | Queue: 133 | ✅ https://singtel.com/business/insights/securing-the...
2026-09-24 08:57:41 | INFO | ✓ 1427/9000 | Queue: 137 | ✅ https://singtel.com/business/insights/guard-your-d...
2026-09-24 08:57:43 | INFO | ✓ 1428/9000 | Queue: 141 | ✅ https://singtel.com/business/insights/unlocking-va...
2026-09-24 08:57:44 | INFO | ✓ 1429/9000 | Queue: 145 | ✅ https://singtel.com/business/insights/protect-dist...
2026-09-24 08:57:45 | INFO | ✓ 1430/9000 | Queue: 144 | ✅ https://singtel.com/business/products-services/mob...
2026-09-24 08:57:46 | INFO | ✓ 1431/9000 | Queue: 143 | ✅ https://singtel.com/personal/my-account/bills-paym...
2026-09-24 08:57:47 | INFO | ✓ 1432/9000 | Queue: 142 | ✅ https://singtel.com/personal/my-account/bills-paym...
2026-09-24 08:57:48 | INFO | ✓ 1433/9000 | Queue: 140 | ✅ https://singtel.com/business/articles/embracing-ne...
2026-09-24 08:57:49 | INFO | ✓ 1434/9000 | Queue: 138 | ✅ https://singtel.com/business/products-services/5g/...
2026-09-24 08:57:50 | INFO | ✓ 1435/9000 | Queue: 139 | ✅ https://singtel.com/business/products-services/5g/...
2026-09-24 08:57:51 | INFO | ✓ 1436/9000 | Queue: 138 | ✅ https://singtel.com/business/products-services/5g/...
2026-09-24 08:57:52 | INFO | ✓ 1437/9000 | Queue: 137 | ✅ https://singtel.com/business/products-services/5g/...
2026-09-24 08:57:53 | INFO | ✓ 1438/9000 | Queue: 134 | ✅ https://singtel.com/business/insights/why-speed-ma...
2026-09-24 08:57:55 | INFO | ✓ 1439/9000 | Queue: 132 | ✅ https://singtel.com/business/insights/advancing-a-...
2026-09-24 08:57:56 | INFO | ✓ 1440/9000 | Queue: 125 | ✅ https://singtel.com/business/insights/frost-and-su...
2026-09-24 08:57:57 | INFO | ✓ 1441/9000 | Queue: 125 | ✅ https://singtel.com/business/insights/beyond-silo-...
2026-09-24 08:57:58 | INFO | ✓ 1442/9000 | Queue: 121 | ✅ https://singtel.com/business/insights/2025-sea-iot...
2026-09-24 08:57:59 | INFO | ✓ 1443/9000 | Queue: 124 | ✅ https://singtel.com/business/insights/xpeng-drives...
2026-09-24 08:58:00 | INFO | ✓ 1444/9000 | Queue: 124 | ✅ https://singtel.com/business/products-services/iot...
2026-09-24 08:58:01 | INFO | ✓ 1445/9000 | Queue: 118 | ✅ https://singtel.com/business/insights/why-even-the...
2026-09-24 08:58:02 | INFO | ✓ 1446/9000 | Queue: 118 | ✅ https://singtel.com/business/articles/are-iot-devi...
2026-09-24 08:58:04 | INFO | ✓ 1447/9000 | Queue: 113 | ✅ https://singtel.com/business/insights/are-otps-sti...
2026-09-24 08:58:05 | INFO | ✓ 1448/9000 | Queue: 108 | ✅ https://singtel.com/business/articles/ipification-...
2026-09-24 08:58:06 | INFO | ✓ 1449/9000 | Queue: 102 | ✅ https://singtel.com/business/articles/how-tech-is-...
2026-09-24 08:58:07 | INFO | ✓ 1450/9000 | Queue: 103 | ✅ https://singtel.com/business/insights/reshaping-in...
2026-09-24 08:58:09 | INFO | ✓ 1451/9000 | Queue: 106 | ✅ https://singtel.com/business/insights/how-agri-tec...
2026-09-24 08:58:10 | INFO | ✓ 1452/9000 | Queue: 104 | ✅ https://singtel.com/business/articles/cyber-breach...
2026-09-24 08:58:12 | INFO | ✓ 1453/9000 | Queue: 103 | ✅ https://singtel.com/business/articles/vertical-far...
2026-09-24 08:58:13 | INFO | ✓ 1454/9000 | Queue: 101 | ✅ https://singtel.com/business/articles/sme/how-can-...
2026-09-24 08:58:14 | INFO | ✓ 1455/9000 | Queue: 91 | ✅ https://singtel.com/business/articles/sme/choosing...
2026-09-24 08:58:15 | INFO | ✓ 1456/9000 | Queue: 91 | ✅ https://singtel.com/business/insights/sme/How-SMBs...
2026-09-24 08:58:16 | INFO | ✓ 1457/9000 | Queue: 97 | ✅ https://singtel.com/business/insights/sme/Defendin...
2026-09-24 08:58:17 | INFO | ✓ 1458/9000 | Queue: 103 | ✅ https://singtel.com/business/insights/sme/How-to-t...
2026-09-24 08:58:19 | INFO | ✓ 1459/9000 | Queue: 102 | ✅ https://singtel.com/business/articles/managing-saa...
2026-09-24 08:58:20 | INFO | ✓ 1460/9000 | Queue: 97 | ✅ https://singtel.com/business/articles/sme/Secure-y...
2026-09-24 08:58:21 | INFO | ✓ 1461/9000 | Queue: 89 | ✅ https://singtel.com/business/insights/network-blue...
2026-09-24 08:58:22 | INFO | ✓ 1462/9000 | Queue: 88 | ✅ https://singtel.com/business/insights/why-digital-...
2026-09-24 08:58:23 | INFO | ✓ 1463/9000 | Queue: 94 | ✅ https://singtel.com/business/insights/wan-transfor...
2026-09-24 08:58:24 | INFO | ✓ 1464/9000 | Queue: 98 | ✅ https://singtel.com/business/insights/solving-edge...
2026-09-24 08:58:26 | INFO | ✓ 1465/9000 | Queue: 100 | ✅ https://singtel.com/business/articles/making-conne...
2026-09-24 08:58:27 | INFO | ✓ 1466/9000 | Queue: 96 | ✅ https://singtel.com/business/articles/guard-your-d...
2026-09-24 08:58:29 | INFO | ✓ 1467/9000 | Queue: 91 | ✅ https://singtel.com/business/articles/unlocking-va...
2026-09-24 08:58:30 | INFO | ✓ 1468/9000 | Queue: 91 | ✅ https://singtel.com/business/products-services/mob...
2026-09-24 08:58:32 | INFO | ✓ 1469/9000 | Queue: 87 | ✅ https://singtel.com/business/articles/protect-dist...
2026-09-24 08:58:34 | INFO | ✓ 1470/9000 | Queue: 87 | ✅ https://singtel.com/business/products-services/mob...
2026-09-24 08:58:35 | INFO | ✓ 1471/9000 | Queue: 84 | ✅ https://singtel.com/business/campaign/behindevery5...
2026-09-24 08:58:36 | INFO | ✓ 1472/9000 | Queue: 80 | ✅ https://singtel.com/business/articles/beyond-silo-...
2026-09-24 08:58:37 | INFO | ✓ 1473/9000 | Queue: 75 | ✅ https://singtel.com/business/insights/xpeng-drives...
2026-09-24 08:58:39 | INFO | ✓ 1474/9000 | Queue: 63 | ✅ https://singtel.com/business/articles/reshaping-in...
2026-09-24 08:58:40 | INFO | ✓ 1475/9000 | Queue: 58 | ✅ https://singtel.com/business/articles/how-agri-tec...
2026-09-24 08:58:42 | INFO | ✓ 1476/9000 | Queue: 54 | ✅ https://singtel.com/business/products-services/cyb...
2026-09-24 08:58:43 | INFO | ✓ 1477/9000 | Queue: 48 | ✅ https://singtel.com/business/solutions/grow-your-b...
2026-09-24 08:58:44 | INFO | ✓ 1478/9000 | Queue: 47 | ✅ https://singtel.com/business/articles/sme/How-SMBs...
2026-09-24 08:58:45 | INFO | ✓ 1479/9000 | Queue: 42 | ✅ https://singtel.com/business/articles/sme/Defendin...
2026-09-24 08:58:46 | INFO | ✓ 1480/9000 | Queue: 36 | ✅ https://singtel.com/business/articles/sme/How-to-t...
2026-09-24 08:58:48 | INFO | ✓ 1481/9000 | Queue: 26 | ✅ https://singtel.com/business/insights/wan-transfor...
2026-09-24 08:58:49 | INFO | ✓ 1482/9000 | Queue: 26 | ✅ https://singtel.com/business/products-services/con...
2026-09-24 08:58:50 | INFO | ✓ 1483/9000 | Queue: 28 | ✅ https://singtel.com/business/articles/overcoming-i...
2026-09-24 08:58:52 | INFO | ✓ 1484/9000 | Queue: 23 | ✅ https://singtel.com/business/insights/solving-edge...
2026-09-24 08:58:53 | INFO | ✓ 1485/9000 | Queue: 22 | ✅ https://singtel.com/business/products-services/cyb...
2026-09-24 08:58:54 | INFO | ✓ 1486/9000 | Queue: 10 | ✅ https://singtel.com/business/articles/3-steps-to-m...
2026-09-24 08:58:54 | INFO | Checkpoint saved: 1486 visited, 0 queued
2026-09-24 08:58:54 | INFO | CRAWL COMPLETE
2026-09-24 08:58:54 | INFO | Total URLs discovered: 1486
2026-09-24 08:58:54 | INFO | Status breakdown:
2026-09-24 08:58:54 | INFO | ✅ 200 (Success): 1372
2026-09-24 08:58:54 | INFO | ⚠️ 403 (Client Error): 1
2026-09-24 08:58:54 | INFO | ⚠️ 404 (Client Error): 113
