00:44:55 ▶ start: 65 sub-sections under /th-th/content/
00:44:55 [1/65] about-royal-orchid-plus — 10 pages
render-set: +10 (about-royal-orchid-plus) -> 10
Render set: 10, already done: 0, todo: 10
DONE rendering. ok=10 fail=0 total_processed=10
Render set 10, pages already captured 0, todo 10
DONE. pages=10 blocks=30
00:47:46    about-royal-orchid-plus: render errors 0/10, block errors 0/10 (attempt 1)
00:48:16 [2/65] airport-information — 1 pages
render-set: +1 (airport-information) -> 11
Render set: 10, already done: 10, todo: 0
DONE rendering. ok=0 fail=0 total_processed=0
Render set: 11, already done: 10, todo: 1
DONE rendering. ok=1 fail=0 total_processed=1
Render set 11, pages already captured 10, todo 1
DONE. pages=1 blocks=1
00:49:01    airport-information: render errors 0/1, block errors 0/1 (attempt 1)
00:49:31 [3/65] baggage — 10 pages
render-set: +10 (baggage) -> 21
Render set: 10, already done: 11, todo: 0
DONE rendering. ok=0 fail=0 total_processed=0
Render set: 20, already done: 11, todo: 9
DONE rendering. ok=9 fail=0 total_processed=9
Render set: 21, already done: 20, todo: 1
DONE rendering. ok=1 fail=0 total_processed=1
marked blocked: pages 0, block-capture pages 0
00:55:22 ▶ start: 65 sub-sections under /th-th/content/
00:55:22 [1/65] about-royal-orchid-plus — 10 pages
Render set 1, pages already captured 10, todo 1
DONE. pages=1 blocks=1
marked blocked: pages 0, block-capture pages 0
Render set: 1, already done: 20, todo: 1
DONE rendering. ok=1 fail=0 total_processed=1
marked blocked: pages 0, block-capture pages 0
Render set 1, pages already captured 10, todo 1
DONE. pages=1 blocks=0
marked blocked: pages 0, block-capture pages 0
Render set: 1, already done: 20, todo: 1
DONE rendering. ok=1 fail=0 total_processed=1
marked blocked: pages 0, block-capture pages 0
Render set 1, pages already captured 9, todo 1
DONE. pages=1 blocks=1
marked blocked: pages 0, block-capture pages 0
Render set 1, pages already captured 9, todo 1
DONE. pages=1 blocks=10
marked blocked: pages 0, block-capture pages 0
Render set: 1, already done: 20, todo: 1
DONE rendering. ok=1 fail=0 total_processed=1
marked blocked: pages 0, block-capture pages 0
Render set 1, pages already captured 9, todo 1
DONE. pages=1 blocks=0
marked blocked: pages 0, block-capture pages 0
Render set: 1, already done: 20, todo: 1
DONE rendering. ok=1 fail=0 total_processed=1
marked blocked: pages 0, block-capture pages 0
Render set 1, pages already captured 8, todo 1
DONE. pages=1 blocks=0
marked blocked: pages 0, block-capture pages 0
00:58:56    about-royal-orchid-plus: 10/10
00:58:57    ✔ about-royal-orchid-plus done — render errors 0/10, block errors 0/10
00:59:57 [2/65] airport-information — 1 pages
00:59:57    ✔ airport-information done — render errors 0/1, block errors 0/1
01:00:57 [3/65] baggage — 10 pages
Render set 1, pages already captured 8, todo 1
DONE. pages=1 blocks=2
marked blocked: pages 0, block-capture pages 0
Render set 1, pages already captured 9, todo 1
DONE. pages=1 blocks=2
marked blocked: pages 0, block-capture pages 0
Render set 1, pages already captured 10, todo 1
DONE. pages=1 blocks=1
marked blocked: pages 0, block-capture pages 0
Render set 1, pages already captured 11, todo 1
DONE. pages=1 blocks=0
marked blocked: pages 0, block-capture pages 0
Render set: 1, already done: 20, todo: 1
DONE rendering. ok=1 fail=0 total_processed=1
marked blocked: pages 0, block-capture pages 0
Render set 1, pages already captured 11, todo 1
DONE. pages=1 blocks=1
marked blocked: pages 0, block-capture pages 0
Render set: 1, already done: 20, todo: 1
DONE rendering. ok=1 fail=0 total_processed=1
marked blocked: pages 0, block-capture pages 0
Render set 1, pages already captured 12, todo 1
DONE. pages=1 blocks=0
marked blocked: pages 0, block-capture pages 0
Render set: 1, already done: 20, todo: 1
DONE rendering. ok=1 fail=0 total_processed=1
marked blocked: pages 0, block-capture pages 0
Render set 1, pages already captured 12, todo 1
DONE. pages=1 blocks=1
marked blocked: pages 0, block-capture pages 0
Render set: 1, already done: 20, todo: 1
DONE rendering. ok=1 fail=0 total_processed=1
marked blocked: pages 0, block-capture pages 0
Render set 1, pages already captured 13, todo 1
DONE. pages=1 blocks=1
marked blocked: pages 0, block-capture pages 0
Render set: 1, already done: 20, todo: 1
DONE rendering. ok=1 fail=0 total_processed=1
marked blocked: pages 0, block-capture pages 0
Render set 1, pages already captured 14, todo 1
DONE. pages=1 blocks=0
marked blocked: pages 0, block-capture pages 0
Render set 1, pages already captured 14, todo 1
DONE. pages=1 blocks=0
marked blocked: pages 0, block-capture pages 0
01:06:30    baggage: 10/10
01:06:30    ✔ baggage done — render errors 0/10, block errors 0/10
01:07:30 [4/65] board-of-directors — 20 pages
Render set: 1, already done: 21, todo: 1
DONE rendering. ok=1 fail=0 total_processed=1
marked blocked: pages 0, block-capture pages 0
Render set 1, pages already captured 14, todo 1
DONE. pages=1 blocks=3
marked blocked: pages 0, block-capture pages 0
Render set: 1, already done: 22, todo: 1
DONE rendering. ok=1 fail=0 total_processed=1
marked blocked: pages 0, block-capture pages 0
Render set 1, pages already captured 15, todo 1
DONE. pages=1 blocks=0
marked blocked: pages 0, block-capture pages 0
Render set: 1, already done: 23, todo: 1
DONE rendering. ok=1 fail=0 total_processed=1
marked blocked: pages 0, block-capture pages 0
Render set 1, pages already captured 15, todo 1
DONE. pages=1 blocks=0
marked blocked: pages 0, block-capture pages 0
Render set: 1, already done: 24, todo: 1
DONE rendering. ok=1 fail=0 total_processed=1
marked blocked: pages 0, block-capture pages 0
Render set 1, pages already captured 15, todo 1
DONE. pages=1 blocks=0
marked blocked: pages 0, block-capture pages 0
Render set: 1, already done: 25, todo: 1
DONE rendering. ok=1 fail=0 total_processed=1
marked blocked: pages 0, block-capture pages 0
Render set 1, pages already captured 15, todo 1
DONE. pages=1 blocks=0
marked blocked: pages 0, block-capture pages 0
Render set: 1, already done: 26, todo: 1
DONE rendering. ok=1 fail=0 total_processed=1
marked blocked: pages 0, block-capture pages 0
Render set 1, pages already captured 15, todo 1
DONE. pages=1 blocks=0
marked blocked: pages 0, block-capture pages 0
Render set: 1, already done: 27, todo: 1
DONE rendering. ok=1 fail=0 total_processed=1
marked blocked: pages 0, block-capture pages 0
Render set 1, pages already captured 15, todo 1
DONE. pages=1 blocks=0
marked blocked: pages 0, block-capture pages 0
Render set: 1, already done: 28, todo: 1
DONE rendering. ok=1 fail=0 total_processed=1
marked blocked: pages 0, block-capture pages 0
Render set 1, pages already captured 15, todo 1
DONE. pages=1 blocks=0
marked blocked: pages 0, block-capture pages 0
Render set: 1, already done: 29, todo: 1
DONE rendering. ok=1 fail=0 total_processed=1
marked blocked: pages 0, block-capture pages 0
Render set 1, pages already captured 15, todo 1
DONE. pages=1 blocks=0
marked blocked: pages 0, block-capture pages 0
Render set: 1, already done: 30, todo: 1
DONE rendering. ok=1 fail=0 total_processed=1
marked blocked: pages 0, block-capture pages 0
Render set 1, pages already captured 15, todo 1
DONE. pages=1 blocks=0
marked blocked: pages 0, block-capture pages 0
01:14:32    board-of-directors: 10/20
Render set: 1, already done: 31, todo: 1
DONE rendering. ok=1 fail=0 total_processed=1
marked blocked: pages 0, block-capture pages 0
Render set 1, pages already captured 15, todo 1
DONE. pages=1 blocks=0
marked blocked: pages 0, block-capture pages 0
Render set: 1, already done: 32, todo: 1
DONE rendering. ok=1 fail=0 total_processed=1
marked blocked: pages 0, block-capture pages 0
Render set 1, pages already captured 15, todo 1
DONE. pages=1 blocks=0
marked blocked: pages 0, block-capture pages 0
Render set: 1, already done: 33, todo: 1
DONE rendering. ok=1 fail=0 total_processed=1
marked blocked: pages 0, block-capture pages 0
Render set 1, pages already captured 15, todo 1
DONE. pages=1 blocks=0
marked blocked: pages 0, block-capture pages 0
Render set: 1, already done: 34, todo: 1
DONE rendering. ok=1 fail=0 total_processed=1
marked blocked: pages 0, block-capture pages 0
Render set 1, pages already captured 15, todo 1
DONE. pages=1 blocks=0
marked blocked: pages 0, block-capture pages 0
Render set: 1, already done: 35, todo: 1
DONE rendering. ok=1 fail=0 total_processed=1
marked blocked: pages 0, block-capture pages 0
Render set 1, pages already captured 15, todo 1
DONE. pages=1 blocks=0
marked blocked: pages 0, block-capture pages 0
Render set: 1, already done: 36, todo: 1
DONE rendering. ok=1 fail=0 total_processed=1
marked blocked: pages 0, block-capture pages 0
Render set 1, pages already captured 15, todo 1
DONE. pages=1 blocks=0
marked blocked: pages 0, block-capture pages 0
Render set: 1, already done: 37, todo: 1
DONE rendering. ok=1 fail=0 total_processed=1
marked blocked: pages 0, block-capture pages 0
Render set 1, pages already captured 15, todo 1
DONE. pages=1 blocks=0
marked blocked: pages 0, block-capture pages 0
Render set: 1, already done: 38, todo: 1
DONE rendering. ok=1 fail=0 total_processed=1
marked blocked: pages 0, block-capture pages 0
Render set 1, pages already captured 15, todo 1
DONE. pages=1 blocks=0
marked blocked: pages 0, block-capture pages 0
Render set: 1, already done: 39, todo: 1
DONE rendering. ok=1 fail=0 total_processed=1
marked blocked: pages 0, block-capture pages 0
Render set 1, pages already captured 15, todo 1
DONE. pages=1 blocks=0
marked blocked: pages 0, block-capture pages 0
Render set: 1, already done: 40, todo: 1
DONE rendering. ok=1 fail=0 total_processed=1
marked blocked: pages 0, block-capture pages 0
Render set 1, pages already captured 15, todo 1
DONE. pages=1 blocks=0
marked blocked: pages 0, block-capture pages 0
01:21:08    board-of-directors: 20/20
01:21:08    ✔ board-of-directors done — render errors 0/20, block errors 0/20
01:22:08 [5/65] boarding-pass — 1 pages
Render set: 1, already done: 41, todo: 1
DONE rendering. ok=1 fail=0 total_processed=1
marked blocked: pages 0, block-capture pages 0
Render set 1, pages already captured 15, todo 1
DONE. pages=1 blocks=6
marked blocked: pages 0, block-capture pages 0
01:22:47    ✔ boarding-pass done — render errors 0/1, block errors 0/1
01:23:48 [6/65] book-flight — 2 pages
Render set: 1, already done: 42, todo: 1
DONE rendering. ok=1 fail=0 total_processed=1
marked blocked: pages 0, block-capture pages 0
Render set 1, pages already captured 16, todo 1
DONE. pages=1 blocks=0
marked blocked: pages 0, block-capture pages 0
Render set: 1, already done: 43, todo: 1
DONE rendering. ok=1 fail=0 total_processed=1
marked blocked: pages 0, block-capture pages 0
Render set 1, pages already captured 16, todo 1
DONE. pages=1 blocks=3
marked blocked: pages 0, block-capture pages 0
01:24:56    ✔ book-flight done — render errors 0/2, block errors 0/2
01:25:56 [7/65] charter-flights — 1 pages
Render set: 1, already done: 44, todo: 1
DONE rendering. ok=1 fail=0 total_processed=1
marked blocked: pages 0, block-capture pages 0
Render set 1, pages already captured 17, todo 1
DONE. pages=1 blocks=1
marked blocked: pages 0, block-capture pages 0
01:26:37    ✔ charter-flights done — render errors 0/1, block errors 0/1
01:27:37 [8/65] check-in — 1 pages
Render set: 1, already done: 45, todo: 1
DONE rendering. ok=1 fail=0 total_processed=1
marked blocked: pages 0, block-capture pages 0
Render set 1, pages already captured 18, todo 1
DONE. pages=1 blocks=1
marked blocked: pages 0, block-capture pages 0
01:28:23    ✔ check-in done — render errors 0/1, block errors 0/1
01:29:23 [9/65] check-in-counter-closing-time — 1 pages
Render set: 1, already done: 46, todo: 1
DONE rendering. ok=1 fail=0 total_processed=1
marked blocked: pages 0, block-capture pages 0
Render set 1, pages already captured 19, todo 1
DONE. pages=1 blocks=1
marked blocked: pages 0, block-capture pages 0
01:30:05    ✔ check-in-counter-closing-time done — render errors 0/1, block errors 0/1
01:31:06 [10/65] company-profile — 6 pages
Render set: 1, already done: 47, todo: 1
DONE rendering. ok=1 fail=0 total_processed=1
marked blocked: pages 0, block-capture pages 0
Render set 1, pages already captured 20, todo 1
DONE. pages=1 blocks=3
marked blocked: pages 0, block-capture pages 0
Render set: 1, already done: 48, todo: 1
DONE rendering. ok=1 fail=0 total_processed=1
marked blocked: pages 0, block-capture pages 0
Render set 1, pages already captured 21, todo 1
DONE. pages=1 blocks=5
marked blocked: pages 0, block-capture pages 0
Render set: 1, already done: 49, todo: 1
DONE rendering. ok=1 fail=0 total_processed=1
marked blocked: pages 0, block-capture pages 0
Render set 1, pages already captured 22, todo 1
DONE. pages=1 blocks=1
marked blocked: pages 0, block-capture pages 0
Render set: 1, already done: 50, todo: 1
DONE rendering. ok=1 fail=0 total_processed=1
marked blocked: pages 0, block-capture pages 0
Render set 1, pages already captured 23, todo 1
DONE. pages=1 blocks=1
marked blocked: pages 0, block-capture pages 0
Render set: 1, already done: 51, todo: 1
DONE rendering. ok=1 fail=0 total_processed=1
marked blocked: pages 0, block-capture pages 0
Render set 1, pages already captured 24, todo 1
DONE. pages=1 blocks=1
marked blocked: pages 0, block-capture pages 0
Render set: 1, already done: 52, todo: 1
DONE rendering. ok=1 fail=0 total_processed=1
marked blocked: pages 0, block-capture pages 0
Render set 1, pages already captured 25, todo 1
DONE. pages=1 blocks=1
marked blocked: pages 0, block-capture pages 0
01:35:25    ✔ company-profile done — render errors 0/6, block errors 0/6
01:36:26 [11/65] condition-of-carriage — 1 pages
Render set: 1, already done: 53, todo: 1
DONE rendering. ok=1 fail=0 total_processed=1
marked blocked: pages 0, block-capture pages 0
Render set 1, pages already captured 26, todo 1
DONE. pages=1 blocks=1
marked blocked: pages 0, block-capture pages 0
01:37:06    ✔ condition-of-carriage done — render errors 0/1, block errors 0/1
01:38:06 [12/65] conditions-of-contract — 1 pages
Render set: 1, already done: 54, todo: 1
DONE rendering. ok=1 fail=0 total_processed=1
marked blocked: pages 0, block-capture pages 0
Render set 1, pages already captured 27, todo 1
DONE. pages=1 blocks=1
marked blocked: pages 0, block-capture pages 0
01:38:47    ✔ conditions-of-contract done — render errors 0/1, block errors 0/1
01:39:48 [13/65] cookie-notice — 1 pages
Render set: 1, already done: 55, todo: 1
DONE rendering. ok=1 fail=0 total_processed=1
marked blocked: pages 0, block-capture pages 0
Render set 1, pages already captured 28, todo 1
DONE. pages=1 blocks=1
marked blocked: pages 0, block-capture pages 0
01:40:29    ✔ cookie-notice done — render errors 0/1, block errors 0/1
01:41:30 [14/65] corporate — 3 pages
Render set: 1, already done: 56, todo: 1
DONE rendering. ok=1 fail=0 total_processed=1
marked blocked: pages 0, block-capture pages 0
Render set 1, pages already captured 29, todo 1
DONE. pages=1 blocks=0
marked blocked: pages 0, block-capture pages 0
Render set: 1, already done: 57, todo: 1
DONE rendering. ok=1 fail=0 total_processed=1
marked blocked: pages 0, block-capture pages 0
Render set 1, pages already captured 30, todo 1
DONE. pages=1 blocks=2
marked blocked: pages 0, block-capture pages 0
Render set: 1, already done: 58, todo: 1
DONE rendering. ok=1 fail=0 total_processed=1
marked blocked: pages 0, block-capture pages 0
Render set 1, pages already captured 31, todo 1
DONE. pages=1 blocks=1
marked blocked: pages 0, block-capture pages 0
01:43:46    ✔ corporate done — render errors 0/3, block errors 0/3
01:44:46 [15/65] domestic-ceiling-fares — 1 pages
Render set: 1, already done: 59, todo: 1
DONE rendering. ok=1 fail=0 total_processed=1
marked blocked: pages 0, block-capture pages 0
Render set 1, pages already captured 32, todo 1
DONE. pages=1 blocks=1
marked blocked: pages 0, block-capture pages 0
01:45:28    ✔ domestic-ceiling-fares done — render errors 0/1, block errors 0/1
01:46:28 [16/65] earn-miles — 54 pages
Render set: 1, already done: 60, todo: 1
DONE rendering. ok=1 fail=0 total_processed=1
marked blocked: pages 0, block-capture pages 0
Render set 1, pages already captured 33, todo 1
DONE. pages=1 blocks=1
marked blocked: pages 0, block-capture pages 0
Render set: 1, already done: 61, todo: 1
DONE rendering. ok=1 fail=0 total_processed=1
marked blocked: pages 0, block-capture pages 0
Render set 1, pages already captured 34, todo 1
DONE. pages=1 blocks=0
marked blocked: pages 0, block-capture pages 0
Render set: 1, already done: 62, todo: 1
DONE rendering. ok=1 fail=0 total_processed=1
marked blocked: pages 0, block-capture pages 0
Render set 1, pages already captured 34, todo 1
DONE. pages=1 blocks=1
marked blocked: pages 0, block-capture pages 0
Render set: 1, already done: 63, todo: 1
DONE rendering. ok=1 fail=0 total_processed=1
marked blocked: pages 0, block-capture pages 0
Render set 1, pages already captured 35, todo 1
DONE. pages=1 blocks=3
marked blocked: pages 0, block-capture pages 0
Render set: 1, already done: 64, todo: 1
DONE rendering. ok=1 fail=0 total_processed=1
marked blocked: pages 0, block-capture pages 0
Render set 1, pages already captured 36, todo 1
DONE. pages=1 blocks=1
marked blocked: pages 0, block-capture pages 0
Render set: 1, already done: 65, todo: 1
DONE rendering. ok=1 fail=0 total_processed=1
marked blocked: pages 0, block-capture pages 0
Render set 1, pages already captured 37, todo 1
DONE. pages=1 blocks=0
marked blocked: pages 0, block-capture pages 0
Render set: 1, already done: 66, todo: 1
DONE rendering. ok=1 fail=0 total_processed=1
marked blocked: pages 0, block-capture pages 0
Render set 1, pages already captured 37, todo 1
DONE. pages=1 blocks=1
marked blocked: pages 0, block-capture pages 0
Render set: 1, already done: 67, todo: 1
DONE rendering. ok=1 fail=0 total_processed=1
marked blocked: pages 0, block-capture pages 0
Render set 1, pages already captured 38, todo 1
DONE. pages=1 blocks=1
marked blocked: pages 0, block-capture pages 0
Render set: 1, already done: 68, todo: 1
DONE rendering. ok=1 fail=0 total_processed=1
marked blocked: pages 0, block-capture pages 0
Render set 1, pages already captured 39, todo 1
DONE. pages=1 blocks=0
marked blocked: pages 0, block-capture pages 0
Render set: 1, already done: 69, todo: 1
DONE rendering. ok=1 fail=0 total_processed=1
marked blocked: pages 0, block-capture pages 0
Render set 1, pages already captured 39, todo 1
DONE. pages=1 blocks=0
marked blocked: pages 0, block-capture pages 0
01:53:14    earn-miles: 10/54
Render set: 1, already done: 70, todo: 1
DONE rendering. ok=1 fail=0 total_processed=1
marked blocked: pages 0, block-capture pages 0
Render set 1, pages already captured 39, todo 1
DONE. pages=1 blocks=0
marked blocked: pages 0, block-capture pages 0
Render set: 1, already done: 71, todo: 1
DONE rendering. ok=1 fail=0 total_processed=1
marked blocked: pages 0, block-capture pages 0
Render set 1, pages already captured 39, todo 1
DONE. pages=1 blocks=2
marked blocked: pages 0, block-capture pages 0
Render set: 1, already done: 72, todo: 1
DONE rendering. ok=1 fail=0 total_processed=1
marked blocked: pages 0, block-capture pages 0
Render set 1, pages already captured 40, todo 1
DONE. pages=1 blocks=1
marked blocked: pages 0, block-capture pages 0
Render set: 1, already done: 73, todo: 1
DONE rendering. ok=1 fail=0 total_processed=1
marked blocked: pages 0, block-capture pages 0
Render set 1, pages already captured 41, todo 1
DONE. pages=1 blocks=3
marked blocked: pages 0, block-capture pages 0
Render set: 1, already done: 74, todo: 1
DONE rendering. ok=1 fail=0 total_processed=1
marked blocked: pages 0, block-capture pages 0
Render set 1, pages already captured 42, todo 1
DONE. pages=1 blocks=1
marked blocked: pages 0, block-capture pages 0
Render set: 1, already done: 75, todo: 1
DONE rendering. ok=1 fail=0 total_processed=1
marked blocked: pages 0, block-capture pages 0
Render set 1, pages already captured 43, todo 1
DONE. pages=1 blocks=1
marked blocked: pages 0, block-capture pages 0
Render set: 1, already done: 76, todo: 1
DONE rendering. ok=1 fail=0 total_processed=1
marked blocked: pages 0, block-capture pages 0
Render set 1, pages already captured 44, todo 1
DONE. pages=1 blocks=1
marked blocked: pages 0, block-capture pages 0
Render set: 1, already done: 77, todo: 1
DONE rendering. ok=1 fail=0 total_processed=1
marked blocked: pages 0, block-capture pages 0
Render set 1, pages already captured 45, todo 1
DONE. pages=1 blocks=1
marked blocked: pages 0, block-capture pages 0
Render set: 1, already done: 78, todo: 1
DONE rendering. ok=1 fail=0 total_processed=1
marked blocked: pages 0, block-capture pages 0
Render set 1, pages already captured 46, todo 1
DONE. pages=1 blocks=1
marked blocked: pages 0, block-capture pages 0
Render set: 1, already done: 79, todo: 1
DONE rendering. ok=1 fail=0 total_processed=1
marked blocked: pages 0, block-capture pages 0
Render set 1, pages already captured 47, todo 1
DONE. pages=1 blocks=1
marked blocked: pages 0, block-capture pages 0
02:00:01    earn-miles: 20/54
Render set: 1, already done: 80, todo: 1
DONE rendering. ok=1 fail=0 total_processed=1
marked blocked: pages 0, block-capture pages 0
Render set 1, pages already captured 48, todo 1
DONE. pages=1 blocks=5
marked blocked: pages 0, block-capture pages 0
Render set: 1, already done: 81, todo: 1
DONE rendering. ok=1 fail=0 total_processed=1
marked blocked: pages 0, block-capture pages 0
Render set 1, pages already captured 49, todo 1
DONE. pages=1 blocks=1
marked blocked: pages 0, block-capture pages 0
Render set: 1, already done: 82, todo: 1
DONE rendering. ok=1 fail=0 total_processed=1
marked blocked: pages 0, block-capture pages 0
Render set 1, pages already captured 50, todo 1
DONE. pages=1 blocks=3
marked blocked: pages 0, block-capture pages 0
Render set: 1, already done: 83, todo: 1
DONE rendering. ok=1 fail=0 total_processed=1
marked blocked: pages 0, block-capture pages 0
Render set 1, pages already captured 51, todo 1
DONE. pages=1 blocks=4
marked blocked: pages 0, block-capture pages 0
Render set: 1, already done: 84, todo: 1
DONE rendering. ok=1 fail=0 total_processed=1
marked blocked: pages 0, block-capture pages 0
Render set 1, pages already captured 52, todo 1
DONE. pages=1 blocks=1
marked blocked: pages 0, block-capture pages 0
Render set: 1, already done: 85, todo: 1
DONE rendering. ok=1 fail=0 total_processed=1
marked blocked: pages 0, block-capture pages 0
Render set 1, pages already captured 53, todo 1
DONE. pages=1 blocks=1
marked blocked: pages 0, block-capture pages 0
Render set: 1, already done: 86, todo: 1
DONE rendering. ok=1 fail=0 total_processed=1
marked blocked: pages 0, block-capture pages 0
Render set 1, pages already captured 54, todo 1
DONE. pages=1 blocks=1
marked blocked: pages 0, block-capture pages 0
Render set: 1, already done: 87, todo: 1
DONE rendering. ok=1 fail=0 total_processed=1
marked blocked: pages 0, block-capture pages 0
Render set 1, pages already captured 55, todo 1
DONE. pages=1 blocks=2
marked blocked: pages 0, block-capture pages 0
Render set: 1, already done: 88, todo: 1
DONE rendering. ok=1 fail=0 total_processed=1
marked blocked: pages 0, block-capture pages 0
Render set 1, pages already captured 56, todo 1
DONE. pages=1 blocks=1
marked blocked: pages 0, block-capture pages 0
Render set: 1, already done: 89, todo: 1
DONE rendering. ok=1 fail=0 total_processed=1
marked blocked: pages 0, block-capture pages 0
Render set 1, pages already captured 57, todo 1
DONE. pages=1 blocks=1
marked blocked: pages 0, block-capture pages 0
02:07:09    earn-miles: 30/54
Render set: 1, already done: 90, todo: 1
DONE rendering. ok=1 fail=0 total_processed=1
marked blocked: pages 0, block-capture pages 0
Render set 1, pages already captured 58, todo 1
DONE. pages=1 blocks=1
marked blocked: pages 0, block-capture pages 0
Render set: 1, already done: 91, todo: 1
DONE rendering. ok=1 fail=0 total_processed=1
marked blocked: pages 0, block-capture pages 0
Render set 1, pages already captured 59, todo 1
DONE. pages=1 blocks=1
marked blocked: pages 0, block-capture pages 0
Render set: 1, already done: 92, todo: 1
DONE rendering. ok=1 fail=0 total_processed=1
marked blocked: pages 0, block-capture pages 0
Render set 1, pages already captured 60, todo 1
DONE. pages=1 blocks=1
marked blocked: pages 0, block-capture pages 0
Render set: 1, already done: 93, todo: 1
DONE rendering. ok=1 fail=0 total_processed=1
marked blocked: pages 0, block-capture pages 0
Render set 1, pages already captured 61, todo 1
DONE. pages=1 blocks=1
marked blocked: pages 0, block-capture pages 0
Render set: 1, already done: 94, todo: 1
DONE rendering. ok=1 fail=0 total_processed=1
marked blocked: pages 0, block-capture pages 0
Render set 1, pages already captured 62, todo 1
DONE. pages=1 blocks=1
marked blocked: pages 0, block-capture pages 0
Render set: 1, already done: 95, todo: 1
DONE rendering. ok=1 fail=0 total_processed=1
marked blocked: pages 0, block-capture pages 0
Render set 1, pages already captured 63, todo 1
DONE. pages=1 blocks=1
marked blocked: pages 0, block-capture pages 0
Render set: 1, already done: 96, todo: 1
DONE rendering. ok=1 fail=0 total_processed=1
marked blocked: pages 0, block-capture pages 0
Render set 1, pages already captured 64, todo 1
DONE. pages=1 blocks=0
marked blocked: pages 0, block-capture pages 0
Render set: 1, already done: 97, todo: 1
DONE rendering. ok=1 fail=0 total_processed=1
marked blocked: pages 0, block-capture pages 0
Render set 1, pages already captured 64, todo 1
DONE. pages=1 blocks=1
marked blocked: pages 0, block-capture pages 0
Render set: 1, already done: 98, todo: 1
DONE rendering. ok=1 fail=0 total_processed=1
marked blocked: pages 0, block-capture pages 0
Render set 1, pages already captured 65, todo 1
DONE. pages=1 blocks=1
marked blocked: pages 0, block-capture pages 0
Render set: 1, already done: 99, todo: 1
DONE rendering. ok=1 fail=0 total_processed=1
marked blocked: pages 0, block-capture pages 0
Render set 1, pages already captured 66, todo 1
DONE. pages=1 blocks=1
marked blocked: pages 0, block-capture pages 0
02:14:05    earn-miles: 40/54
Render set: 1, already done: 100, todo: 1
DONE rendering. ok=1 fail=0 total_processed=1
marked blocked: pages 0, block-capture pages 0
Render set 1, pages already captured 67, todo 1
DONE. pages=1 blocks=1
marked blocked: pages 0, block-capture pages 0
Render set: 1, already done: 101, todo: 1
DONE rendering. ok=1 fail=0 total_processed=1
marked blocked: pages 0, block-capture pages 0
Render set 1, pages already captured 68, todo 1
DONE. pages=1 blocks=1
marked blocked: pages 0, block-capture pages 0
Render set: 1, already done: 102, todo: 1
DONE rendering. ok=1 fail=0 total_processed=1
marked blocked: pages 0, block-capture pages 0
Render set 1, pages already captured 69, todo 1
DONE. pages=1 blocks=1
marked blocked: pages 0, block-capture pages 0
Render set: 1, already done: 103, todo: 1
DONE rendering. ok=1 fail=0 total_processed=1
marked blocked: pages 0, block-capture pages 0
Render set 1, pages already captured 70, todo 1
DONE. pages=1 blocks=1
marked blocked: pages 0, block-capture pages 0
Render set: 1, already done: 104, todo: 1
DONE rendering. ok=1 fail=0 total_processed=1
marked blocked: pages 0, block-capture pages 0
Render set 1, pages already captured 71, todo 1
DONE. pages=1 blocks=1
marked blocked: pages 0, block-capture pages 0
Render set: 1, already done: 105, todo: 1
DONE rendering. ok=1 fail=0 total_processed=1
marked blocked: pages 0, block-capture pages 0
Render set 1, pages already captured 72, todo 1
DONE. pages=1 blocks=2
marked blocked: pages 0, block-capture pages 0
Render set: 1, already done: 106, todo: 1
DONE rendering. ok=1 fail=0 total_processed=1
marked blocked: pages 0, block-capture pages 0
Render set 1, pages already captured 73, todo 1
DONE. pages=1 blocks=1
marked blocked: pages 0, block-capture pages 0
Render set: 1, already done: 107, todo: 1
DONE rendering. ok=1 fail=0 total_processed=1
marked blocked: pages 0, block-capture pages 0
Render set 1, pages already captured 74, todo 1
DONE. pages=1 blocks=1
marked blocked: pages 0, block-capture pages 0
Render set: 1, already done: 108, todo: 1
DONE rendering. ok=1 fail=0 total_processed=1
marked blocked: pages 0, block-capture pages 0
Render set 1, pages already captured 75, todo 1
DONE. pages=1 blocks=1
marked blocked: pages 0, block-capture pages 0
Render set: 1, already done: 109, todo: 1
DONE rendering. ok=1 fail=0 total_processed=1
marked blocked: pages 0, block-capture pages 0
Render set 1, pages already captured 76, todo 1
DONE. pages=1 blocks=1
marked blocked: pages 0, block-capture pages 0
02:20:56    earn-miles: 50/54
Render set: 1, already done: 110, todo: 1
DONE rendering. ok=1 fail=0 total_processed=1
marked blocked: pages 0, block-capture pages 0
Render set 1, pages already captured 77, todo 1
DONE. pages=1 blocks=1
marked blocked: pages 0, block-capture pages 0
Render set: 1, already done: 111, todo: 1
DONE rendering. ok=1 fail=0 total_processed=1
marked blocked: pages 0, block-capture pages 0
Render set 1, pages already captured 78, todo 1
DONE. pages=1 blocks=1
marked blocked: pages 0, block-capture pages 0
Render set: 1, already done: 112, todo: 1
DONE rendering. ok=1 fail=0 total_processed=1
marked blocked: pages 0, block-capture pages 0
Render set 1, pages already captured 79, todo 1
DONE. pages=1 blocks=1
marked blocked: pages 0, block-capture pages 0
Render set: 1, already done: 113, todo: 1
DONE rendering. ok=1 fail=0 total_processed=1
marked blocked: pages 0, block-capture pages 0
Render set 1, pages already captured 80, todo 1
DONE. pages=1 blocks=0
marked blocked: pages 0, block-capture pages 0
02:23:34    ✔ earn-miles done — render errors 0/54, block errors 0/54
02:24:34 [17/65] executive-management — 1 pages
Render set: 1, already done: 114, todo: 1
DONE rendering. ok=1 fail=0 total_processed=1
marked blocked: pages 0, block-capture pages 0
Render set 1, pages already captured 80, todo 1
DONE. pages=1 blocks=1
marked blocked: pages 0, block-capture pages 0
02:25:19    ✔ executive-management done — render errors 0/1, block errors 0/1
02:26:19 [18/65] good-corporate-governance — 11 pages
Render set: 1, already done: 115, todo: 1
DONE rendering. ok=1 fail=0 total_processed=1
marked blocked: pages 0, block-capture pages 0
Render set 1, pages already captured 81, todo 1
DONE. pages=1 blocks=1
marked blocked: pages 0, block-capture pages 0
Render set: 1, already done: 116, todo: 1
DONE rendering. ok=1 fail=0 total_processed=1
marked blocked: pages 0, block-capture pages 0
Render set 1, pages already captured 82, todo 1
DONE. pages=1 blocks=13
marked blocked: pages 0, block-capture pages 0
Render set: 1, already done: 117, todo: 1
DONE rendering. ok=1 fail=0 total_processed=1
marked blocked: pages 0, block-capture pages 0
Render set 1, pages already captured 83, todo 1
DONE. pages=1 blocks=2
marked blocked: pages 0, block-capture pages 0
Render set: 1, already done: 118, todo: 1
DONE rendering. ok=1 fail=0 total_processed=1
marked blocked: pages 0, block-capture pages 0
Render set 1, pages already captured 84, todo 1
DONE. pages=1 blocks=0
marked blocked: pages 0, block-capture pages 0
Render set: 1, already done: 119, todo: 1
DONE rendering. ok=1 fail=0 total_processed=1
marked blocked: pages 0, block-capture pages 0
Render set 1, pages already captured 84, todo 1
DONE. pages=1 blocks=0
marked blocked: pages 0, block-capture pages 0
Render set: 1, already done: 120, todo: 1
DONE rendering. ok=1 fail=0 total_processed=1
marked blocked: pages 0, block-capture pages 0
Render set 1, pages already captured 84, todo 1
DONE. pages=1 blocks=0
marked blocked: pages 0, block-capture pages 0
Render set: 1, already done: 121, todo: 1
DONE rendering. ok=1 fail=0 total_processed=1
marked blocked: pages 0, block-capture pages 0
Render set 1, pages already captured 84, todo 1
DONE. pages=1 blocks=2
marked blocked: pages 0, block-capture pages 0
Render set: 1, already done: 122, todo: 1
DONE rendering. ok=1 fail=0 total_processed=1
marked blocked: pages 0, block-capture pages 0
Render set 1, pages already captured 85, todo 1
DONE. pages=1 blocks=1
marked blocked: pages 0, block-capture pages 0
Render set: 1, already done: 123, todo: 1
DONE rendering. ok=1 fail=0 total_processed=1
marked blocked: pages 0, block-capture pages 0
Render set 1, pages already captured 86, todo 1
DONE. pages=1 blocks=2
marked blocked: pages 0, block-capture pages 0
Render set: 1, already done: 124, todo: 1
DONE rendering. ok=1 fail=0 total_processed=1
marked blocked: pages 0, block-capture pages 0
Render set 1, pages already captured 87, todo 1
DONE. pages=1 blocks=4
marked blocked: pages 0, block-capture pages 0
02:32:58    good-corporate-governance: 10/11
Render set: 1, already done: 125, todo: 1
DONE rendering. ok=1 fail=0 total_processed=1
marked blocked: pages 0, block-capture pages 0
Render set 1, pages already captured 88, todo 1
DONE. pages=1 blocks=0
marked blocked: pages 0, block-capture pages 0
02:33:37    ✔ good-corporate-governance done — render errors 0/11, block errors 0/11
02:34:37 [19/65] government — 17 pages
Render set: 1, already done: 126, todo: 1
DONE rendering. ok=1 fail=0 total_processed=1
marked blocked: pages 0, block-capture pages 0
Render set 1, pages already captured 88, todo 1
DONE. pages=1 blocks=0
marked blocked: pages 0, block-capture pages 0
Render set: 1, already done: 127, todo: 1
DONE rendering. ok=1 fail=0 total_processed=1
marked blocked: pages 0, block-capture pages 0
Render set 1, pages already captured 88, todo 1
DONE. pages=1 blocks=0
marked blocked: pages 0, block-capture pages 0
Render set: 1, already done: 128, todo: 1
DONE rendering. ok=1 fail=0 total_processed=1
marked blocked: pages 0, block-capture pages 0
Render set 1, pages already captured 88, todo 1
DONE. pages=1 blocks=2
marked blocked: pages 0, block-capture pages 0
Render set: 1, already done: 129, todo: 1
DONE rendering. ok=1 fail=0 total_processed=1
marked blocked: pages 0, block-capture pages 0
Render set 1, pages already captured 89, todo 1
DONE. pages=1 blocks=2
marked blocked: pages 0, block-capture pages 0
Render set: 1, already done: 130, todo: 1
DONE rendering. ok=1 fail=0 total_processed=1
marked blocked: pages 0, block-capture pages 0
Render set 1, pages already captured 90, todo 1
DONE. pages=1 blocks=4
marked blocked: pages 0, block-capture pages 0
Render set: 1, already done: 131, todo: 1
DONE rendering. ok=1 fail=0 total_processed=1
marked blocked: pages 0, block-capture pages 0
Render set 1, pages already captured 91, todo 1
DONE. pages=1 blocks=12
marked blocked: pages 0, block-capture pages 0
Render set: 1, already done: 132, todo: 1
DONE rendering. ok=1 fail=0 total_processed=1
marked blocked: pages 0, block-capture pages 0
Render set 1, pages already captured 92, todo 1
DONE. pages=1 blocks=4
marked blocked: pages 0, block-capture pages 0
Render set: 1, already done: 133, todo: 1
DONE rendering. ok=1 fail=0 total_processed=1
marked blocked: pages 0, block-capture pages 0
Render set 1, pages already captured 93, todo 1
DONE. pages=1 blocks=0
marked blocked: pages 0, block-capture pages 0
Render set: 1, already done: 134, todo: 1
DONE rendering. ok=1 fail=0 total_processed=1
marked blocked: pages 0, block-capture pages 0
Render set 1, pages already captured 93, todo 1
DONE. pages=1 blocks=12
marked blocked: pages 0, block-capture pages 0
Render set: 1, already done: 135, todo: 1
DONE rendering. ok=1 fail=0 total_processed=1
marked blocked: pages 0, block-capture pages 0
Render set 1, pages already captured 94, todo 1
DONE. pages=1 blocks=2
marked blocked: pages 0, block-capture pages 0
02:41:14    government: 10/17
Render set: 1, already done: 136, todo: 1
DONE rendering. ok=1 fail=0 total_processed=1
marked blocked: pages 0, block-capture pages 0
Render set 1, pages already captured 95, todo 1
DONE. pages=1 blocks=1
marked blocked: pages 0, block-capture pages 0
Render set: 1, already done: 137, todo: 1
DONE rendering. ok=1 fail=0 total_processed=1
marked blocked: pages 0, block-capture pages 0
Render set 1, pages already captured 96, todo 1
DONE. pages=1 blocks=5
marked blocked: pages 0, block-capture pages 0
Render set: 1, already done: 138, todo: 1
DONE rendering. ok=1 fail=0 total_processed=1
marked blocked: pages 0, block-capture pages 0
Render set 1, pages already captured 97, todo 1
DONE. pages=1 blocks=12
marked blocked: pages 0, block-capture pages 0
Render set: 1, already done: 139, todo: 1
DONE rendering. ok=1 fail=0 total_processed=1
marked blocked: pages 0, block-capture pages 0
Render set 1, pages already captured 98, todo 1
DONE. pages=1 blocks=0
marked blocked: pages 0, block-capture pages 0
Render set: 1, already done: 140, todo: 1
DONE rendering. ok=1 fail=0 total_processed=1
marked blocked: pages 0, block-capture pages 0
Render set 1, pages already captured 98, todo 1
DONE. pages=1 blocks=0
marked blocked: pages 0, block-capture pages 0
Render set: 1, already done: 141, todo: 1
DONE rendering. ok=1 fail=0 total_processed=1
marked blocked: pages 0, block-capture pages 0
Render set 1, pages already captured 98, todo 1
DONE. pages=1 blocks=0
marked blocked: pages 0, block-capture pages 0
Render set: 1, already done: 142, todo: 1
DONE rendering. ok=1 fail=0 total_processed=1
marked blocked: pages 0, block-capture pages 0
Render set 1, pages already captured 98, todo 1
DONE. pages=1 blocks=1
marked blocked: pages 0, block-capture pages 0
02:46:03    ✔ government done — render errors 0/17, block errors 0/17
02:47:04 [20/65] ground-services — 2 pages
Render set: 1, already done: 143, todo: 1
DONE rendering. ok=1 fail=0 total_processed=1
marked blocked: pages 0, block-capture pages 0
Render set 1, pages already captured 99, todo 1
DONE. pages=1 blocks=2
marked blocked: pages 0, block-capture pages 0
Render set: 1, already done: 144, todo: 1
DONE rendering. ok=1 fail=0 total_processed=1
marked blocked: pages 0, block-capture pages 0
Render set 1, pages already captured 100, todo 1
DONE. pages=1 blocks=1
marked blocked: pages 0, block-capture pages 0
02:48:33    ✔ ground-services done — render errors 0/2, block errors 0/2
02:49:33 [21/65] help — 5 pages
Render set: 1, already done: 145, todo: 1
DONE rendering. ok=1 fail=0 total_processed=1
marked blocked: pages 0, block-capture pages 0
Render set 1, pages already captured 101, todo 1
DONE. pages=1 blocks=0
marked blocked: pages 0, block-capture pages 0
Render set: 1, already done: 146, todo: 1
DONE rendering. ok=1 fail=0 total_processed=1
marked blocked: pages 0, block-capture pages 0
Render set 1, pages already captured 101, todo 1
DONE. pages=1 blocks=2
marked blocked: pages 0, block-capture pages 0
Render set: 1, already done: 147, todo: 1
DONE rendering. ok=1 fail=0 total_processed=1
marked blocked: pages 0, block-capture pages 0
Render set 1, pages already captured 102, todo 1
DONE. pages=1 blocks=2
marked blocked: pages 0, block-capture pages 0
Render set: 1, already done: 148, todo: 1
DONE rendering. ok=1 fail=0 total_processed=1
marked blocked: pages 0, block-capture pages 0
Render set 1, pages already captured 103, todo 1
DONE. pages=1 blocks=1
marked blocked: pages 0, block-capture pages 0
Render set: 1, already done: 149, todo: 1
DONE rendering. ok=1 fail=0 total_processed=1
marked blocked: pages 0, block-capture pages 0
Render set 1, pages already captured 104, todo 1
DONE. pages=1 blocks=0
marked blocked: pages 0, block-capture pages 0
02:52:53    ✔ help done — render errors 0/5, block errors 0/5
02:53:53 [22/65] historical_changed_of_privacy_notice — 1 pages
Render set: 1, already done: 150, todo: 1
DONE rendering. ok=1 fail=0 total_processed=1
marked blocked: pages 0, block-capture pages 0
Render set 1, pages already captured 104, todo 1
DONE. pages=1 blocks=0
marked blocked: pages 0, block-capture pages 0
02:54:33    ✔ historical_changed_of_privacy_notice done — render errors 0/1, block errors 0/1
02:55:34 [23/65] historical-changed-of-privacy-notice — 1 pages
Render set: 1, already done: 151, todo: 1
DONE rendering. ok=1 fail=0 total_processed=1
marked blocked: pages 0, block-capture pages 0
Render set 1, pages already captured 104, todo 1
DONE. pages=1 blocks=2
marked blocked: pages 0, block-capture pages 0
02:56:18    ✔ historical-changed-of-privacy-notice done — render errors 0/1, block errors 0/1
02:57:18 [24/65] in-flight-experience — 12 pages
Render set: 1, already done: 152, todo: 1
DONE rendering. ok=1 fail=0 total_processed=1
marked blocked: pages 0, block-capture pages 0
Render set 1, pages already captured 105, todo 1
DONE. pages=1 blocks=1
marked blocked: pages 0, block-capture pages 0
Render set: 1, already done: 153, todo: 1
DONE rendering. ok=1 fail=0 total_processed=1
marked blocked: pages 0, block-capture pages 0
Render set 1, pages already captured 106, todo 1
DONE. pages=1 blocks=2
marked blocked: pages 0, block-capture pages 0
Render set: 1, already done: 154, todo: 1
DONE rendering. ok=1 fail=0 total_processed=1
marked blocked: pages 0, block-capture pages 0
Render set 1, pages already captured 107, todo 1
DONE. pages=1 blocks=3
marked blocked: pages 0, block-capture pages 0
Render set: 1, already done: 155, todo: 1
DONE rendering. ok=1 fail=0 total_processed=1
marked blocked: pages 0, block-capture pages 0
Render set 1, pages already captured 108, todo 1
DONE. pages=1 blocks=3
marked blocked: pages 0, block-capture pages 0
Render set: 1, already done: 156, todo: 1
DONE rendering. ok=1 fail=0 total_processed=1
marked blocked: pages 0, block-capture pages 0
Render set 1, pages already captured 109, todo 1
DONE. pages=1 blocks=1
marked blocked: pages 0, block-capture pages 0
Render set: 1, already done: 157, todo: 1
DONE rendering. ok=1 fail=0 total_processed=1
marked blocked: pages 0, block-capture pages 0
Render set 1, pages already captured 110, todo 1
DONE. pages=1 blocks=1
marked blocked: pages 0, block-capture pages 0
Render set: 1, already done: 158, todo: 1
DONE rendering. ok=1 fail=0 total_processed=1
marked blocked: pages 0, block-capture pages 0
Render set 1, pages already captured 111, todo 1
DONE. pages=1 blocks=1
marked blocked: pages 0, block-capture pages 0
Render set: 1, already done: 159, todo: 1
DONE rendering. ok=1 fail=0 total_processed=1
marked blocked: pages 0, block-capture pages 0
Render set 1, pages already captured 112, todo 1
DONE. pages=1 blocks=2
marked blocked: pages 0, block-capture pages 0
Render set: 1, already done: 160, todo: 1
DONE rendering. ok=1 fail=0 total_processed=1
marked blocked: pages 0, block-capture pages 0
Render set 1, pages already captured 113, todo 1
DONE. pages=1 blocks=1
marked blocked: pages 0, block-capture pages 0
Render set: 1, already done: 161, todo: 1
DONE rendering. ok=1 fail=0 total_processed=1
marked blocked: pages 0, block-capture pages 0
Render set 1, pages already captured 114, todo 1
DONE. pages=1 blocks=1
marked blocked: pages 0, block-capture pages 0
03:05:16    in-flight-experience: 10/12
Render set: 1, already done: 162, todo: 1
DONE rendering. ok=1 fail=0 total_processed=1
marked blocked: pages 0, block-capture pages 0
Render set 1, pages already captured 115, todo 1
DONE. pages=1 blocks=2
marked blocked: pages 0, block-capture pages 0
Render set: 1, already done: 163, todo: 1
DONE rendering. ok=1 fail=0 total_processed=1
marked blocked: pages 0, block-capture pages 0
Render set 1, pages already captured 116, todo 1
DONE. pages=1 blocks=1
marked blocked: pages 0, block-capture pages 0
03:06:49    ✔ in-flight-experience done — render errors 0/12, block errors 0/12
03:07:50 [25/65] junior-sky-explorer — 1 pages
Render set: 1, already done: 164, todo: 1
DONE rendering. ok=1 fail=0 total_processed=1
marked blocked: pages 0, block-capture pages 0
Render set 1, pages already captured 117, todo 1
DONE. pages=1 blocks=0
marked blocked: pages 0, block-capture pages 0
03:08:35    ✔ junior-sky-explorer done — render errors 0/1, block errors 0/1
03:09:36 [26/65] mice — 2 pages
Render set: 1, already done: 165, todo: 1
DONE rendering. ok=1 fail=0 total_processed=1
marked blocked: pages 0, block-capture pages 0
Render set 1, pages already captured 117, todo 1
DONE. pages=1 blocks=1
marked blocked: pages 0, block-capture pages 0
Render set: 1, already done: 166, todo: 1
DONE rendering. ok=1 fail=0 total_processed=1
marked blocked: pages 0, block-capture pages 0
Render set 1, pages already captured 118, todo 1
DONE. pages=1 blocks=9
marked blocked: pages 0, block-capture pages 0
03:11:19    ✔ mice done — render errors 0/2, block errors 0/2
03:12:19 [27/65] miles-management — 1 pages
Render set: 1, already done: 167, todo: 1
DONE rendering. ok=1 fail=0 total_processed=1
marked blocked: pages 0, block-capture pages 0
Render set 1, pages already captured 119, todo 1
DONE. pages=1 blocks=7
marked blocked: pages 0, block-capture pages 0
03:13:07    ✔ miles-management done — render errors 0/1, block errors 0/1
03:14:07 [28/65] more-services — 20 pages
Render set: 1, already done: 168, todo: 1
DONE rendering. ok=1 fail=0 total_processed=1
marked blocked: pages 0, block-capture pages 0
Render set 1, pages already captured 120, todo 1
DONE. pages=1 blocks=13
marked blocked: pages 0, block-capture pages 0
Render set: 1, already done: 169, todo: 1
DONE rendering. ok=1 fail=0 total_processed=1
marked blocked: pages 0, block-capture pages 0
Render set 1, pages already captured 121, todo 1
DONE. pages=1 blocks=0
marked blocked: pages 0, block-capture pages 0
Render set: 1, already done: 170, todo: 1
DONE rendering. ok=1 fail=0 total_processed=1
marked blocked: pages 0, block-capture pages 0
Render set 1, pages already captured 121, todo 1
DONE. pages=1 blocks=1
marked blocked: pages 0, block-capture pages 0
Render set: 1, already done: 171, todo: 1
DONE rendering. ok=1 fail=0 total_processed=1
marked blocked: pages 0, block-capture pages 0
Render set 1, pages already captured 122, todo 1
DONE. pages=1 blocks=0
marked blocked: pages 0, block-capture pages 0
Render set: 1, already done: 172, todo: 1
DONE rendering. ok=1 fail=0 total_processed=1
marked blocked: pages 0, block-capture pages 0
Render set 1, pages already captured 122, todo 1
DONE. pages=1 blocks=0
marked blocked: pages 0, block-capture pages 0
Render set: 1, already done: 173, todo: 1
DONE rendering. ok=1 fail=0 total_processed=1
marked blocked: pages 0, block-capture pages 0
Render set 1, pages already captured 122, todo 1
DONE. pages=1 blocks=0
marked blocked: pages 0, block-capture pages 0
Render set: 1, already done: 174, todo: 1
DONE rendering. ok=1 fail=0 total_processed=1
marked blocked: pages 0, block-capture pages 0
Render set 1, pages already captured 122, todo 1
DONE. pages=1 blocks=1
marked blocked: pages 0, block-capture pages 0
Render set: 1, already done: 175, todo: 1
DONE rendering. ok=1 fail=0 total_processed=1
marked blocked: pages 0, block-capture pages 0
Render set 1, pages already captured 123, todo 1
DONE. pages=1 blocks=2
marked blocked: pages 0, block-capture pages 0
Render set: 1, already done: 176, todo: 1
DONE rendering. ok=1 fail=0 total_processed=1
marked blocked: pages 0, block-capture pages 0
Render set 1, pages already captured 124, todo 1
DONE. pages=1 blocks=1
marked blocked: pages 0, block-capture pages 0
Render set: 1, already done: 177, todo: 1
DONE rendering. ok=1 fail=0 total_processed=1
marked blocked: pages 0, block-capture pages 0
Render set 1, pages already captured 125, todo 1
DONE. pages=1 blocks=1
marked blocked: pages 0, block-capture pages 0
03:21:39    more-services: 10/20
Render set: 1, already done: 178, todo: 1
DONE rendering. ok=1 fail=0 total_processed=1
marked blocked: pages 0, block-capture pages 0
Render set 1, pages already captured 126, todo 1
DONE. pages=1 blocks=5
marked blocked: pages 0, block-capture pages 0
Render set: 1, already done: 179, todo: 1
DONE rendering. ok=1 fail=0 total_processed=1
marked blocked: pages 0, block-capture pages 0
Render set 1, pages already captured 127, todo 1
DONE. pages=1 blocks=0
marked blocked: pages 0, block-capture pages 0
Render set: 1, already done: 180, todo: 1
DONE rendering. ok=1 fail=0 total_processed=1
marked blocked: pages 0, block-capture pages 0
Render set 1, pages already captured 127, todo 1
DONE. pages=1 blocks=0
marked blocked: pages 0, block-capture pages 0
Render set: 1, already done: 181, todo: 1
DONE rendering. ok=1 fail=0 total_processed=1
marked blocked: pages 0, block-capture pages 0
Render set 1, pages already captured 127, todo 1
DONE. pages=1 blocks=0
marked blocked: pages 0, block-capture pages 0
Render set: 1, already done: 182, todo: 1
DONE rendering. ok=1 fail=0 total_processed=1
marked blocked: pages 0, block-capture pages 0
Render set 1, pages already captured 127, todo 1
DONE. pages=1 blocks=0
marked blocked: pages 0, block-capture pages 0
Render set: 1, already done: 183, todo: 1
DONE rendering. ok=1 fail=0 total_processed=1
marked blocked: pages 0, block-capture pages 0
Render set 1, pages already captured 127, todo 1
DONE. pages=1 blocks=0
marked blocked: pages 0, block-capture pages 0
Render set: 1, already done: 184, todo: 1
DONE rendering. ok=1 fail=0 total_processed=1
marked blocked: pages 0, block-capture pages 0
Render set 1, pages already captured 127, todo 1
DONE. pages=1 blocks=0
marked blocked: pages 0, block-capture pages 0
Render set: 1, already done: 185, todo: 1
DONE rendering. ok=1 fail=0 total_processed=1
marked blocked: pages 0, block-capture pages 0
Render set 1, pages already captured 127, todo 1
DONE. pages=1 blocks=1
marked blocked: pages 0, block-capture pages 0
Render set: 1, already done: 186, todo: 1
DONE rendering. ok=1 fail=0 total_processed=1
marked blocked: pages 0, block-capture pages 0
Render set 1, pages already captured 128, todo 1
DONE. pages=1 blocks=0
marked blocked: pages 0, block-capture pages 0
Render set: 1, already done: 187, todo: 1
DONE rendering. ok=1 fail=0 total_processed=1
marked blocked: pages 0, block-capture pages 0
Render set 1, pages already captured 128, todo 1
DONE. pages=1 blocks=0
marked blocked: pages 0, block-capture pages 0
03:28:28    more-services: 20/20
03:28:28    ✔ more-services done — render errors 0/20, block errors 0/20
03:29:28 [29/65] name-filling-instructions-onlinebookingonly — 1 pages
Render set: 1, already done: 188, todo: 1
DONE rendering. ok=1 fail=0 total_processed=1
marked blocked: pages 0, block-capture pages 0
Render set 1, pages already captured 128, todo 1
DONE. pages=1 blocks=4
marked blocked: pages 0, block-capture pages 0
03:30:10    ✔ name-filling-instructions-onlinebookingonly done — render errors 0/1, block errors 0/1
03:31:10 [30/65] news-and-announcements — 57 pages
Render set: 1, already done: 189, todo: 1
DONE rendering. ok=1 fail=0 total_processed=1
marked blocked: pages 0, block-capture pages 0
Render set 1, pages already captured 129, todo 1
DONE. pages=1 blocks=12
marked blocked: pages 0, block-capture pages 0
Render set: 1, already done: 190, todo: 1
DONE rendering. ok=1 fail=0 total_processed=1
marked blocked: pages 0, block-capture pages 0
Render set 1, pages already captured 130, todo 1
DONE. pages=1 blocks=2
marked blocked: pages 0, block-capture pages 0
Render set: 1, already done: 191, todo: 1
DONE rendering. ok=1 fail=0 total_processed=1
marked blocked: pages 0, block-capture pages 0
Render set 1, pages already captured 131, todo 1
DONE. pages=1 blocks=2
marked blocked: pages 0, block-capture pages 0
Render set: 1, already done: 192, todo: 1
DONE rendering. ok=1 fail=0 total_processed=1
marked blocked: pages 0, block-capture pages 0
Render set 1, pages already captured 132, todo 1
DONE. pages=1 blocks=2
marked blocked: pages 0, block-capture pages 0
Render set: 1, already done: 193, todo: 1
DONE rendering. ok=1 fail=0 total_processed=1
marked blocked: pages 0, block-capture pages 0
Render set 1, pages already captured 133, todo 1
DONE. pages=1 blocks=2
marked blocked: pages 0, block-capture pages 0
Render set: 1, already done: 194, todo: 1
DONE rendering. ok=1 fail=0 total_processed=1
marked blocked: pages 0, block-capture pages 0
Render set 1, pages already captured 134, todo 1
DONE. pages=1 blocks=2
marked blocked: pages 0, block-capture pages 0
Render set: 1, already done: 195, todo: 1
DONE rendering. ok=1 fail=0 total_processed=1
marked blocked: pages 0, block-capture pages 0
Render set 1, pages already captured 135, todo 1
DONE. pages=1 blocks=1
marked blocked: pages 0, block-capture pages 0
Render set: 1, already done: 196, todo: 1
DONE rendering. ok=1 fail=0 total_processed=1
marked blocked: pages 0, block-capture pages 0
Render set 1, pages already captured 136, todo 1
DONE. pages=1 blocks=1
marked blocked: pages 0, block-capture pages 0
Render set: 1, already done: 197, todo: 1
DONE rendering. ok=1 fail=0 total_processed=1
marked blocked: pages 0, block-capture pages 0
Render set 1, pages already captured 137, todo 1
DONE. pages=1 blocks=2
marked blocked: pages 0, block-capture pages 0
Render set: 1, already done: 198, todo: 1
DONE rendering. ok=1 fail=0 total_processed=1
marked blocked: pages 0, block-capture pages 0
Render set 1, pages already captured 138, todo 1
DONE. pages=1 blocks=1
marked blocked: pages 0, block-capture pages 0
03:37:53    news-and-announcements: 10/57
Render set: 1, already done: 199, todo: 1
DONE rendering. ok=1 fail=0 total_processed=1
marked blocked: pages 0, block-capture pages 0
Render set 1, pages already captured 139, todo 1
DONE. pages=1 blocks=2
marked blocked: pages 0, block-capture pages 0
Render set: 1, already done: 200, todo: 1
DONE rendering. ok=1 fail=0 total_processed=1
marked blocked: pages 0, block-capture pages 0
Render set 1, pages already captured 140, todo 1
DONE. pages=1 blocks=2
marked blocked: pages 0, block-capture pages 0
Render set: 1, already done: 201, todo: 1
DONE rendering. ok=1 fail=0 total_processed=1
marked blocked: pages 0, block-capture pages 0
Render set 1, pages already captured 141, todo 1
DONE. pages=1 blocks=2
marked blocked: pages 0, block-capture pages 0
Render set: 1, already done: 202, todo: 1
DONE rendering. ok=1 fail=0 total_processed=1
marked blocked: pages 0, block-capture pages 0
Render set 1, pages already captured 142, todo 1
DONE. pages=1 blocks=2
marked blocked: pages 0, block-capture pages 0
Render set: 1, already done: 203, todo: 1
DONE rendering. ok=1 fail=0 total_processed=1
marked blocked: pages 0, block-capture pages 0
Render set 1, pages already captured 143, todo 1
DONE. pages=1 blocks=2
marked blocked: pages 0, block-capture pages 0
Render set: 1, already done: 204, todo: 1
DONE rendering. ok=1 fail=0 total_processed=1
marked blocked: pages 0, block-capture pages 0
Render set 1, pages already captured 144, todo 1
DONE. pages=1 blocks=2
marked blocked: pages 0, block-capture pages 0
Render set: 1, already done: 205, todo: 1
DONE rendering. ok=1 fail=0 total_processed=1
marked blocked: pages 0, block-capture pages 0
Render set 1, pages already captured 145, todo 1
DONE. pages=1 blocks=3
marked blocked: pages 0, block-capture pages 0
Render set: 1, already done: 206, todo: 1
DONE rendering. ok=1 fail=0 total_processed=1
marked blocked: pages 0, block-capture pages 0
Render set 1, pages already captured 146, todo 1
DONE. pages=1 blocks=2
marked blocked: pages 0, block-capture pages 0
Render set: 1, already done: 207, todo: 1
DONE rendering. ok=1 fail=0 total_processed=1
marked blocked: pages 0, block-capture pages 0
Render set 1, pages already captured 147, todo 1
DONE. pages=1 blocks=2
marked blocked: pages 0, block-capture pages 0
Render set: 1, already done: 208, todo: 1
DONE rendering. ok=1 fail=0 total_processed=1
marked blocked: pages 0, block-capture pages 0
Render set 1, pages already captured 148, todo 1
DONE. pages=1 blocks=2
marked blocked: pages 0, block-capture pages 0
03:44:34    news-and-announcements: 20/57
Render set: 1, already done: 209, todo: 1
DONE rendering. ok=1 fail=0 total_processed=1
marked blocked: pages 0, block-capture pages 0
Render set 1, pages already captured 149, todo 1
DONE. pages=1 blocks=2
marked blocked: pages 0, block-capture pages 0
Render set: 1, already done: 210, todo: 1
DONE rendering. ok=1 fail=0 total_processed=1
marked blocked: pages 0, block-capture pages 0
Render set 1, pages already captured 150, todo 1
DONE. pages=1 blocks=2
marked blocked: pages 0, block-capture pages 0
Render set: 1, already done: 211, todo: 1
DONE rendering. ok=1 fail=0 total_processed=1
marked blocked: pages 0, block-capture pages 0
Render set 1, pages already captured 151, todo 1
DONE. pages=1 blocks=2
marked blocked: pages 0, block-capture pages 0
Render set: 1, already done: 212, todo: 1
DONE rendering. ok=1 fail=0 total_processed=1
marked blocked: pages 0, block-capture pages 0
Render set 1, pages already captured 152, todo 1
DONE. pages=1 blocks=2
marked blocked: pages 0, block-capture pages 0
Render set: 1, already done: 213, todo: 1
DONE rendering. ok=1 fail=0 total_processed=1
marked blocked: pages 0, block-capture pages 0
Render set 1, pages already captured 153, todo 1
DONE. pages=1 blocks=2
marked blocked: pages 0, block-capture pages 0
Render set: 1, already done: 214, todo: 1
DONE rendering. ok=1 fail=0 total_processed=1
marked blocked: pages 0, block-capture pages 0
Render set 1, pages already captured 154, todo 1
DONE. pages=1 blocks=2
marked blocked: pages 0, block-capture pages 0
Render set: 1, already done: 215, todo: 1
DONE rendering. ok=1 fail=0 total_processed=1
marked blocked: pages 0, block-capture pages 0
Render set 1, pages already captured 155, todo 1
DONE. pages=1 blocks=2
marked blocked: pages 0, block-capture pages 0
Render set: 1, already done: 216, todo: 1
DONE rendering. ok=1 fail=0 total_processed=1
marked blocked: pages 0, block-capture pages 0
Render set 1, pages already captured 156, todo 1
DONE. pages=1 blocks=2
marked blocked: pages 0, block-capture pages 0
Render set: 1, already done: 217, todo: 1
DONE rendering. ok=1 fail=0 total_processed=1
marked blocked: pages 0, block-capture pages 0
Render set 1, pages already captured 157, todo 1
DONE. pages=1 blocks=2
marked blocked: pages 0, block-capture pages 0
Render set: 1, already done: 218, todo: 1
DONE rendering. ok=1 fail=0 total_processed=1
marked blocked: pages 0, block-capture pages 0
Render set 1, pages already captured 158, todo 1
DONE. pages=1 blocks=2
marked blocked: pages 0, block-capture pages 0
03:51:14    news-and-announcements: 30/57
Render set: 1, already done: 219, todo: 1
DONE rendering. ok=1 fail=0 total_processed=1
marked blocked: pages 0, block-capture pages 0
Render set 1, pages already captured 159, todo 1
DONE. pages=1 blocks=2
marked blocked: pages 0, block-capture pages 0
Render set: 1, already done: 220, todo: 1
DONE rendering. ok=1 fail=0 total_processed=1
marked blocked: pages 0, block-capture pages 0
Render set 1, pages already captured 160, todo 1
DONE. pages=1 blocks=2
marked blocked: pages 0, block-capture pages 0
Render set: 1, already done: 221, todo: 1
DONE rendering. ok=1 fail=0 total_processed=1
marked blocked: pages 0, block-capture pages 0
Render set 1, pages already captured 161, todo 1
DONE. pages=1 blocks=2
marked blocked: pages 0, block-capture pages 0
Render set: 1, already done: 222, todo: 1
DONE rendering. ok=1 fail=0 total_processed=1
marked blocked: pages 0, block-capture pages 0
Render set 1, pages already captured 162, todo 1
DONE. pages=1 blocks=2
marked blocked: pages 0, block-capture pages 0
Render set: 1, already done: 223, todo: 1
DONE rendering. ok=1 fail=0 total_processed=1
marked blocked: pages 0, block-capture pages 0
Render set 1, pages already captured 163, todo 1
DONE. pages=1 blocks=2
marked blocked: pages 0, block-capture pages 0
Render set: 1, already done: 224, todo: 1
DONE rendering. ok=1 fail=0 total_processed=1
marked blocked: pages 0, block-capture pages 0
Render set 1, pages already captured 164, todo 1
DONE. pages=1 blocks=2
marked blocked: pages 0, block-capture pages 0
Render set: 1, already done: 225, todo: 1
DONE rendering. ok=1 fail=0 total_processed=1
marked blocked: pages 0, block-capture pages 0
Render set 1, pages already captured 165, todo 1
DONE. pages=1 blocks=2
marked blocked: pages 0, block-capture pages 0
Render set: 1, already done: 226, todo: 1
DONE rendering. ok=1 fail=0 total_processed=1
marked blocked: pages 0, block-capture pages 0
Render set 1, pages already captured 166, todo 1
DONE. pages=1 blocks=2
marked blocked: pages 0, block-capture pages 0
Render set: 1, already done: 227, todo: 1
DONE rendering. ok=1 fail=0 total_processed=1
marked blocked: pages 0, block-capture pages 0
Render set 1, pages already captured 167, todo 1
DONE. pages=1 blocks=2
marked blocked: pages 0, block-capture pages 0
Render set: 1, already done: 228, todo: 1
DONE rendering. ok=1 fail=0 total_processed=1
marked blocked: pages 0, block-capture pages 0
Render set 1, pages already captured 168, todo 1
DONE. pages=1 blocks=2
marked blocked: pages 0, block-capture pages 0
03:58:03    news-and-announcements: 40/57
Render set: 1, already done: 229, todo: 1
DONE rendering. ok=1 fail=0 total_processed=1
marked blocked: pages 0, block-capture pages 0
Render set 1, pages already captured 169, todo 1
DONE. pages=1 blocks=2
marked blocked: pages 0, block-capture pages 0
Render set: 1, already done: 230, todo: 1
DONE rendering. ok=1 fail=0 total_processed=1
marked blocked: pages 0, block-capture pages 0
Render set 1, pages already captured 170, todo 1
DONE. pages=1 blocks=2
marked blocked: pages 0, block-capture pages 0
Render set: 1, already done: 231, todo: 1
DONE rendering. ok=1 fail=0 total_processed=1
marked blocked: pages 0, block-capture pages 0
Render set 1, pages already captured 171, todo 1
DONE. pages=1 blocks=2
marked blocked: pages 0, block-capture pages 0
Render set: 1, already done: 232, todo: 1
DONE rendering. ok=1 fail=0 total_processed=1
marked blocked: pages 0, block-capture pages 0
Render set 1, pages already captured 172, todo 1
DONE. pages=1 blocks=2
marked blocked: pages 0, block-capture pages 0
Render set: 1, already done: 233, todo: 1
DONE rendering. ok=1 fail=0 total_processed=1
marked blocked: pages 0, block-capture pages 0
Render set 1, pages already captured 173, todo 1
DONE. pages=1 blocks=2
marked blocked: pages 0, block-capture pages 0
Render set: 1, already done: 234, todo: 1
DONE rendering. ok=1 fail=0 total_processed=1
marked blocked: pages 0, block-capture pages 0
Render set 1, pages already captured 174, todo 1
DONE. pages=1 blocks=2
marked blocked: pages 0, block-capture pages 0
Render set: 1, already done: 235, todo: 1
DONE rendering. ok=1 fail=0 total_processed=1
marked blocked: pages 0, block-capture pages 0
Render set 1, pages already captured 175, todo 1
DONE. pages=1 blocks=2
marked blocked: pages 0, block-capture pages 0
Render set: 1, already done: 236, todo: 1
DONE rendering. ok=1 fail=0 total_processed=1
marked blocked: pages 0, block-capture pages 0
Render set 1, pages already captured 176, todo 1
DONE. pages=1 blocks=2
marked blocked: pages 0, block-capture pages 0
Render set: 1, already done: 237, todo: 1
DONE rendering. ok=1 fail=0 total_processed=1
marked blocked: pages 0, block-capture pages 0
Render set 1, pages already captured 177, todo 1
DONE. pages=1 blocks=2
marked blocked: pages 0, block-capture pages 0
Render set: 1, already done: 238, todo: 1
DONE rendering. ok=1 fail=0 total_processed=1
marked blocked: pages 0, block-capture pages 0
Render set 1, pages already captured 178, todo 1
DONE. pages=1 blocks=2
marked blocked: pages 0, block-capture pages 0
04:04:52    news-and-announcements: 50/57
Render set: 1, already done: 239, todo: 1
DONE rendering. ok=1 fail=0 total_processed=1
marked blocked: pages 0, block-capture pages 0
Render set 1, pages already captured 179, todo 1
DONE. pages=1 blocks=2
marked blocked: pages 0, block-capture pages 0
Render set: 1, already done: 240, todo: 1
DONE rendering. ok=1 fail=0 total_processed=1
marked blocked: pages 0, block-capture pages 0
Render set 1, pages already captured 180, todo 1
DONE. pages=1 blocks=2
marked blocked: pages 0, block-capture pages 0
Render set: 1, already done: 241, todo: 1
DONE rendering. ok=1 fail=0 total_processed=1
marked blocked: pages 0, block-capture pages 0
Render set 1, pages already captured 181, todo 1
DONE. pages=1 blocks=2
marked blocked: pages 0, block-capture pages 0
Render set: 1, already done: 242, todo: 1
DONE rendering. ok=1 fail=0 total_processed=1
marked blocked: pages 0, block-capture pages 0
Render set 1, pages already captured 182, todo 1
DONE. pages=1 blocks=2
marked blocked: pages 0, block-capture pages 0
Render set: 1, already done: 243, todo: 1
DONE rendering. ok=1 fail=0 total_processed=1
marked blocked: pages 0, block-capture pages 0
Render set 1, pages already captured 183, todo 1
DONE. pages=1 blocks=2
marked blocked: pages 0, block-capture pages 0
Render set: 1, already done: 244, todo: 1
DONE rendering. ok=1 fail=0 total_processed=1
marked blocked: pages 0, block-capture pages 0
Render set 1, pages already captured 184, todo 1
DONE. pages=1 blocks=2
marked blocked: pages 0, block-capture pages 0
Render set: 1, already done: 245, todo: 1
DONE rendering. ok=1 fail=0 total_processed=1
marked blocked: pages 0, block-capture pages 0
Render set 1, pages already captured 185, todo 1
DONE. pages=1 blocks=1
marked blocked: pages 0, block-capture pages 0
04:09:36    ✔ news-and-announcements done — render errors 0/57, block errors 0/57
04:10:36 [31/65] offers-Promotions — 206 pages
Render set: 1, already done: 246, todo: 1
DONE rendering. ok=1 fail=0 total_processed=1
marked blocked: pages 0, block-capture pages 0
Render set 1, pages already captured 186, todo 1
DONE. pages=1 blocks=1
marked blocked: pages 0, block-capture pages 0
Render set: 1, already done: 247, todo: 1
DONE rendering. ok=0 fail=1 total_processed=1
marked blocked: pages 0, block-capture pages 0
04:11:27    ⚠ render blocked/failed (try 1/4): /th-th/content/offers-Promotions/special-offers/ — cooling down 300s
Render set: 1, already done: 247, todo: 1
DONE rendering. ok=0 fail=1 total_processed=1
marked blocked: pages 0, block-capture pages 0
04:16:39    ⚠ render blocked/failed (try 2/4): /th-th/content/offers-Promotions/special-offers/ — cooling down 600s
marked blocked: pages 0, block-capture pages 0
04:23:43 ▶ start: 65 sub-sections under /th-th/content/
04:23:43 [31/65] offers-Promotions — 206 pages
Render set: 1, already done: 248, todo: 1
DONE rendering. ok=1 fail=0 total_processed=1
marked blocked: pages 0, block-capture pages 0
Render set 1, pages already captured 187, todo 1
DONE. pages=1 blocks=1
marked blocked: pages 0, block-capture pages 0
Render set: 1, already done: 249, todo: 1
DONE rendering. ok=1 fail=0 total_processed=1
marked blocked: pages 0, block-capture pages 0
Render set 1, pages already captured 188, todo 1
DONE. pages=1 blocks=3
marked blocked: pages 0, block-capture pages 0
Render set: 1, already done: 250, todo: 1
DONE rendering. ok=1 fail=0 total_processed=1
marked blocked: pages 0, block-capture pages 0
Render set 1, pages already captured 189, todo 1
DONE. pages=1 blocks=1
marked blocked: pages 0, block-capture pages 0
Render set: 1, already done: 251, todo: 1
DONE rendering. ok=1 fail=0 total_processed=1
marked blocked: pages 0, block-capture pages 0
Render set 1, pages already captured 190, todo 1
DONE. pages=1 blocks=1
marked blocked: pages 0, block-capture pages 0
Render set: 1, already done: 252, todo: 1
DONE rendering. ok=1 fail=0 total_processed=1
marked blocked: pages 0, block-capture pages 0
Render set 1, pages already captured 191, todo 1
DONE. pages=1 blocks=2
marked blocked: pages 0, block-capture pages 0
Render set: 1, already done: 253, todo: 1
DONE rendering. ok=1 fail=0 total_processed=1
marked blocked: pages 0, block-capture pages 0
Render set 1, pages already captured 192, todo 1
DONE. pages=1 blocks=5
marked blocked: pages 0, block-capture pages 0
Render set: 1, already done: 254, todo: 1
DONE rendering. ok=1 fail=0 total_processed=1
marked blocked: pages 0, block-capture pages 0
Render set 1, pages already captured 193, todo 1
DONE. pages=1 blocks=2
marked blocked: pages 0, block-capture pages 0
Render set: 1, already done: 255, todo: 1
DONE rendering. ok=1 fail=0 total_processed=1
marked blocked: pages 0, block-capture pages 0
Render set 1, pages already captured 194, todo 1
DONE. pages=1 blocks=2
marked blocked: pages 0, block-capture pages 0
04:29:16    offers-Promotions: 10/206
Render set: 1, already done: 256, todo: 1
DONE rendering. ok=1 fail=0 total_processed=1
marked blocked: pages 0, block-capture pages 0
Render set 1, pages already captured 195, todo 1
DONE. pages=1 blocks=0
marked blocked: pages 0, block-capture pages 0
Render set: 1, already done: 257, todo: 1
DONE rendering. ok=1 fail=0 total_processed=1
marked blocked: pages 0, block-capture pages 0
Render set 1, pages already captured 195, todo 1
DONE. pages=1 blocks=0
marked blocked: pages 0, block-capture pages 0
Render set: 1, already done: 258, todo: 1
DONE rendering. ok=1 fail=0 total_processed=1
marked blocked: pages 0, block-capture pages 0
Render set 1, pages already captured 195, todo 1
DONE. pages=1 blocks=2
marked blocked: pages 0, block-capture pages 0
Render set: 1, already done: 259, todo: 1
DONE rendering. ok=1 fail=0 total_processed=1
marked blocked: pages 0, block-capture pages 0
Render set 1, pages already captured 196, todo 1
DONE. pages=1 blocks=0
marked blocked: pages 0, block-capture pages 0
Render set: 1, already done: 260, todo: 1
DONE rendering. ok=1 fail=0 total_processed=1
marked blocked: pages 0, block-capture pages 0
Render set 1, pages already captured 196, todo 1
DONE. pages=1 blocks=0
marked blocked: pages 0, block-capture pages 0
Render set: 1, already done: 261, todo: 1
DONE rendering. ok=1 fail=0 total_processed=1
marked blocked: pages 0, block-capture pages 0
Render set 1, pages already captured 196, todo 1
DONE. pages=1 blocks=3
marked blocked: pages 0, block-capture pages 0
Render set: 1, already done: 262, todo: 1
DONE rendering. ok=1 fail=0 total_processed=1
marked blocked: pages 0, block-capture pages 0
Render set 1, pages already captured 197, todo 1
DONE. pages=1 blocks=2
marked blocked: pages 0, block-capture pages 0
Render set: 1, already done: 263, todo: 1
DONE rendering. ok=1 fail=0 total_processed=1
marked blocked: pages 0, block-capture pages 0
Render set 1, pages already captured 198, todo 1
DONE. pages=1 blocks=2
marked blocked: pages 0, block-capture pages 0
Render set: 1, already done: 264, todo: 1
DONE rendering. ok=1 fail=0 total_processed=1
marked blocked: pages 0, block-capture pages 0
Render set 1, pages already captured 199, todo 1
DONE. pages=1 blocks=2
marked blocked: pages 0, block-capture pages 0
Render set: 1, already done: 265, todo: 1
DONE rendering. ok=1 fail=0 total_processed=1
marked blocked: pages 0, block-capture pages 0
Render set 1, pages already captured 200, todo 1
DONE. pages=1 blocks=0
marked blocked: pages 0, block-capture pages 0
04:35:37    offers-Promotions: 20/206
Render set: 1, already done: 266, todo: 1
DONE rendering. ok=1 fail=0 total_processed=1
marked blocked: pages 0, block-capture pages 0
Render set 1, pages already captured 200, todo 1
DONE. pages=1 blocks=0
marked blocked: pages 0, block-capture pages 0
Render set: 1, already done: 267, todo: 1
DONE rendering. ok=1 fail=0 total_processed=1
marked blocked: pages 0, block-capture pages 0
Render set 1, pages already captured 200, todo 1
DONE. pages=1 blocks=0
marked blocked: pages 0, block-capture pages 0
Render set: 1, already done: 268, todo: 1
DONE rendering. ok=1 fail=0 total_processed=1
marked blocked: pages 0, block-capture pages 0
Render set 1, pages already captured 200, todo 1
DONE. pages=1 blocks=0
marked blocked: pages 0, block-capture pages 0
Render set: 1, already done: 269, todo: 1
DONE rendering. ok=1 fail=0 total_processed=1
marked blocked: pages 0, block-capture pages 0
Render set 1, pages already captured 200, todo 1
DONE. pages=1 blocks=0
marked blocked: pages 0, block-capture pages 0
Render set: 1, already done: 270, todo: 1
DONE rendering. ok=1 fail=0 total_processed=1
marked blocked: pages 0, block-capture pages 0
Render set 1, pages already captured 200, todo 1
DONE. pages=1 blocks=0
marked blocked: pages 0, block-capture pages 0
Render set: 1, already done: 271, todo: 1
DONE rendering. ok=1 fail=0 total_processed=1
marked blocked: pages 0, block-capture pages 0
Render set 1, pages already captured 200, todo 1
DONE. pages=1 blocks=0
marked blocked: pages 0, block-capture pages 0
Render set: 1, already done: 272, todo: 1
DONE rendering. ok=1 fail=0 total_processed=1
marked blocked: pages 0, block-capture pages 0
Render set 1, pages already captured 200, todo 1
DONE. pages=1 blocks=0
marked blocked: pages 0, block-capture pages 0
Render set: 1, already done: 273, todo: 1
DONE rendering. ok=1 fail=0 total_processed=1
marked blocked: pages 0, block-capture pages 0
Render set 1, pages already captured 200, todo 1
DONE. pages=1 blocks=0
marked blocked: pages 0, block-capture pages 0
Render set: 1, already done: 274, todo: 1
DONE rendering. ok=1 fail=0 total_processed=1
marked blocked: pages 0, block-capture pages 0
Render set 1, pages already captured 200, todo 1
DONE. pages=1 blocks=0
marked blocked: pages 0, block-capture pages 0
Render set: 1, already done: 275, todo: 1
DONE rendering. ok=1 fail=0 total_processed=1
marked blocked: pages 0, block-capture pages 0
Render set 1, pages already captured 200, todo 1
DONE. pages=1 blocks=0
marked blocked: pages 0, block-capture pages 0
04:41:47    offers-Promotions: 30/206
Render set: 1, already done: 276, todo: 1
DONE rendering. ok=1 fail=0 total_processed=1
marked blocked: pages 0, block-capture pages 0
Render set 1, pages already captured 200, todo 1
DONE. pages=1 blocks=0
marked blocked: pages 0, block-capture pages 0
Render set: 1, already done: 277, todo: 1
DONE rendering. ok=1 fail=0 total_processed=1
marked blocked: pages 0, block-capture pages 0
Render set 1, pages already captured 200, todo 1
DONE. pages=1 blocks=0
marked blocked: pages 0, block-capture pages 0
Render set: 1, already done: 278, todo: 1
DONE rendering. ok=1 fail=0 total_processed=1
marked blocked: pages 0, block-capture pages 0
Render set 1, pages already captured 200, todo 1
DONE. pages=1 blocks=0
marked blocked: pages 0, block-capture pages 0
Render set: 1, already done: 279, todo: 1
DONE rendering. ok=1 fail=0 total_processed=1
marked blocked: pages 0, block-capture pages 0
Render set 1, pages already captured 200, todo 1
DONE. pages=1 blocks=0
marked blocked: pages 0, block-capture pages 0
Render set: 1, already done: 280, todo: 1
DONE rendering. ok=1 fail=0 total_processed=1
marked blocked: pages 0, block-capture pages 0
Render set 1, pages already captured 200, todo 1
DONE. pages=1 blocks=0
marked blocked: pages 0, block-capture pages 0
Render set: 1, already done: 281, todo: 1
DONE rendering. ok=1 fail=0 total_processed=1
marked blocked: pages 0, block-capture pages 0
Render set 1, pages already captured 200, todo 1
DONE. pages=1 blocks=0
marked blocked: pages 0, block-capture pages 0
Render set: 1, already done: 282, todo: 1
DONE rendering. ok=1 fail=0 total_processed=1
marked blocked: pages 0, block-capture pages 0
Render set 1, pages already captured 200, todo 1
DONE. pages=1 blocks=0
marked blocked: pages 0, block-capture pages 0
Render set: 1, already done: 283, todo: 1
DONE rendering. ok=1 fail=0 total_processed=1
marked blocked: pages 0, block-capture pages 0
Render set 1, pages already captured 200, todo 1
DONE. pages=1 blocks=0
marked blocked: pages 0, block-capture pages 0
Render set: 1, already done: 284, todo: 1
DONE rendering. ok=1 fail=0 total_processed=1
marked blocked: pages 0, block-capture pages 0
Render set 1, pages already captured 200, todo 1
DONE. pages=1 blocks=0
marked blocked: pages 0, block-capture pages 0
Render set: 1, already done: 285, todo: 1
DONE rendering. ok=1 fail=0 total_processed=1
marked blocked: pages 0, block-capture pages 0
Render set 1, pages already captured 200, todo 1
DONE. pages=1 blocks=0
marked blocked: pages 0, block-capture pages 0
04:47:46    offers-Promotions: 40/206
Render set: 1, already done: 286, todo: 1
DONE rendering. ok=1 fail=0 total_processed=1
marked blocked: pages 0, block-capture pages 0
Render set 1, pages already captured 200, todo 1
DONE. pages=1 blocks=0
marked blocked: pages 0, block-capture pages 0
Render set: 1, already done: 287, todo: 1
DONE rendering. ok=1 fail=0 total_processed=1
marked blocked: pages 0, block-capture pages 0
Render set 1, pages already captured 200, todo 1
DONE. pages=1 blocks=0
marked blocked: pages 0, block-capture pages 0
Render set: 1, already done: 288, todo: 1
DONE rendering. ok=1 fail=0 total_processed=1
marked blocked: pages 0, block-capture pages 0
Render set 1, pages already captured 200, todo 1
DONE. pages=1 blocks=0
marked blocked: pages 0, block-capture pages 0
Render set: 1, already done: 289, todo: 1
DONE rendering. ok=1 fail=0 total_processed=1
marked blocked: pages 0, block-capture pages 0
Render set 1, pages already captured 200, todo 1
DONE. pages=1 blocks=0
marked blocked: pages 0, block-capture pages 0
Render set: 1, already done: 290, todo: 1
DONE rendering. ok=1 fail=0 total_processed=1
marked blocked: pages 0, block-capture pages 0
Render set 1, pages already captured 200, todo 1
DONE. pages=1 blocks=0
marked blocked: pages 0, block-capture pages 0
Render set: 1, already done: 291, todo: 1
DONE rendering. ok=1 fail=0 total_processed=1
marked blocked: pages 0, block-capture pages 0
Render set 1, pages already captured 200, todo 1
DONE. pages=1 blocks=0
marked blocked: pages 0, block-capture pages 0
Render set: 1, already done: 292, todo: 1
DONE rendering. ok=1 fail=0 total_processed=1
marked blocked: pages 0, block-capture pages 0
Render set 1, pages already captured 200, todo 1
DONE. pages=1 blocks=0
marked blocked: pages 0, block-capture pages 0
Render set: 1, already done: 293, todo: 1
DONE rendering. ok=1 fail=0 total_processed=1
marked blocked: pages 0, block-capture pages 0
Render set 1, pages already captured 200, todo 1
DONE. pages=1 blocks=0
marked blocked: pages 0, block-capture pages 0
Render set: 1, already done: 294, todo: 1
DONE rendering. ok=1 fail=0 total_processed=1
marked blocked: pages 0, block-capture pages 0
Render set 1, pages already captured 200, todo 1
DONE. pages=1 blocks=0
marked blocked: pages 0, block-capture pages 0
Render set: 1, already done: 295, todo: 1
DONE rendering. ok=1 fail=0 total_processed=1
marked blocked: pages 0, block-capture pages 0
Render set 1, pages already captured 200, todo 1
DONE. pages=1 blocks=0
marked blocked: pages 0, block-capture pages 0
04:53:41    offers-Promotions: 50/206
Render set: 1, already done: 296, todo: 1
DONE rendering. ok=1 fail=0 total_processed=1
marked blocked: pages 0, block-capture pages 0
Render set 1, pages already captured 200, todo 1
DONE. pages=1 blocks=3
marked blocked: pages 0, block-capture pages 0
Render set: 1, already done: 297, todo: 1
DONE rendering. ok=1 fail=0 total_processed=1
marked blocked: pages 0, block-capture pages 0
Render set 1, pages already captured 201, todo 1
DONE. pages=1 blocks=0
marked blocked: pages 0, block-capture pages 0
Render set: 1, already done: 298, todo: 1
DONE rendering. ok=1 fail=0 total_processed=1
marked blocked: pages 0, block-capture pages 0
Render set 1, pages already captured 201, todo 1
DONE. pages=1 blocks=0
marked blocked: pages 0, block-capture pages 0
Render set: 1, already done: 299, todo: 1
DONE rendering. ok=1 fail=0 total_processed=1
marked blocked: pages 0, block-capture pages 0
Render set 1, pages already captured 201, todo 1
DONE. pages=1 blocks=0
marked blocked: pages 0, block-capture pages 0
Render set: 1, already done: 300, todo: 1
DONE rendering. ok=1 fail=0 total_processed=1
marked blocked: pages 0, block-capture pages 0
Render set 1, pages already captured 201, todo 1
DONE. pages=1 blocks=0
marked blocked: pages 0, block-capture pages 0
Render set: 1, already done: 301, todo: 1
DONE rendering. ok=1 fail=0 total_processed=1
marked blocked: pages 0, block-capture pages 0
Render set 1, pages already captured 201, todo 1
DONE. pages=1 blocks=0
marked blocked: pages 0, block-capture pages 0
Render set: 1, already done: 302, todo: 1
DONE rendering. ok=1 fail=0 total_processed=1
marked blocked: pages 0, block-capture pages 0
Render set 1, pages already captured 201, todo 1
DONE. pages=1 blocks=0
marked blocked: pages 0, block-capture pages 0
Render set: 1, already done: 303, todo: 1
DONE rendering. ok=1 fail=0 total_processed=1
marked blocked: pages 0, block-capture pages 0
Render set 1, pages already captured 201, todo 1
DONE. pages=1 blocks=0
marked blocked: pages 0, block-capture pages 0
Render set: 1, already done: 304, todo: 1
DONE rendering. ok=1 fail=0 total_processed=1
marked blocked: pages 0, block-capture pages 0
Render set 1, pages already captured 201, todo 1
DONE. pages=1 blocks=0
marked blocked: pages 0, block-capture pages 0
Render set: 1, already done: 305, todo: 1
DONE rendering. ok=1 fail=0 total_processed=1
marked blocked: pages 0, block-capture pages 0
Render set 1, pages already captured 201, todo 1
DONE. pages=1 blocks=1
marked blocked: pages 0, block-capture pages 0
05:00:34    offers-Promotions: 60/206
Render set: 1, already done: 306, todo: 1
DONE rendering. ok=1 fail=0 total_processed=1
marked blocked: pages 0, block-capture pages 0
Render set 1, pages already captured 202, todo 1
DONE. pages=1 blocks=0
marked blocked: pages 0, block-capture pages 0
Render set: 1, already done: 307, todo: 1
DONE rendering. ok=1 fail=0 total_processed=1
marked blocked: pages 0, block-capture pages 0
Render set 1, pages already captured 202, todo 1
DONE. pages=1 blocks=0
marked blocked: pages 0, block-capture pages 0
Render set: 1, already done: 308, todo: 1
DONE rendering. ok=1 fail=0 total_processed=1
marked blocked: pages 0, block-capture pages 0
Render set 1, pages already captured 202, todo 1
DONE. pages=1 blocks=0
marked blocked: pages 0, block-capture pages 0
Render set: 1, already done: 309, todo: 1
DONE rendering. ok=1 fail=0 total_processed=1
marked blocked: pages 0, block-capture pages 0
Render set 1, pages already captured 202, todo 1
DONE. pages=1 blocks=0
marked blocked: pages 0, block-capture pages 0
Render set: 1, already done: 310, todo: 1
DONE rendering. ok=1 fail=0 total_processed=1
marked blocked: pages 0, block-capture pages 0
Render set 1, pages already captured 202, todo 1
DONE. pages=1 blocks=0
marked blocked: pages 0, block-capture pages 0
Render set: 1, already done: 311, todo: 1
DONE rendering. ok=1 fail=0 total_processed=1
marked blocked: pages 0, block-capture pages 0
Render set 1, pages already captured 202, todo 1
DONE. pages=1 blocks=1
marked blocked: pages 0, block-capture pages 0
Render set: 1, already done: 312, todo: 1
DONE rendering. ok=1 fail=0 total_processed=1
marked blocked: pages 0, block-capture pages 0
Render set 1, pages already captured 203, todo 1
DONE. pages=1 blocks=0
marked blocked: pages 0, block-capture pages 0
Render set: 1, already done: 313, todo: 1
DONE rendering. ok=1 fail=0 total_processed=1
marked blocked: pages 0, block-capture pages 0
Render set 1, pages already captured 203, todo 1
DONE. pages=1 blocks=0
marked blocked: pages 0, block-capture pages 0
Render set: 1, already done: 314, todo: 1
DONE rendering. ok=1 fail=0 total_processed=1
marked blocked: pages 0, block-capture pages 0
Render set 1, pages already captured 203, todo 1
DONE. pages=1 blocks=0
marked blocked: pages 0, block-capture pages 0
Render set: 1, already done: 315, todo: 1
DONE rendering. ok=1 fail=0 total_processed=1
marked blocked: pages 0, block-capture pages 0
Render set 1, pages already captured 203, todo 1
DONE. pages=1 blocks=0
marked blocked: pages 0, block-capture pages 0
05:07:22    offers-Promotions: 70/206
Render set: 1, already done: 316, todo: 1
DONE rendering. ok=1 fail=0 total_processed=1
marked blocked: pages 0, block-capture pages 0
Render set 1, pages already captured 203, todo 1
DONE. pages=1 blocks=0
marked blocked: pages 0, block-capture pages 0
Render set: 1, already done: 317, todo: 1
DONE rendering. ok=1 fail=0 total_processed=1
marked blocked: pages 0, block-capture pages 0
Render set 1, pages already captured 203, todo 1
DONE. pages=1 blocks=0
marked blocked: pages 0, block-capture pages 0
Render set: 1, already done: 318, todo: 1
DONE rendering. ok=1 fail=0 total_processed=1
marked blocked: pages 0, block-capture pages 0
Render set 1, pages already captured 203, todo 1
DONE. pages=1 blocks=0
marked blocked: pages 0, block-capture pages 0
Render set: 1, already done: 319, todo: 1
DONE rendering. ok=1 fail=0 total_processed=1
marked blocked: pages 0, block-capture pages 0
Render set 1, pages already captured 203, todo 1
DONE. pages=1 blocks=0
marked blocked: pages 0, block-capture pages 0
Render set: 1, already done: 320, todo: 1
DONE rendering. ok=1 fail=0 total_processed=1
marked blocked: pages 0, block-capture pages 0
Render set 1, pages already captured 203, todo 1
DONE. pages=1 blocks=0
marked blocked: pages 0, block-capture pages 0
Render set: 1, already done: 321, todo: 1
DONE rendering. ok=1 fail=0 total_processed=1
marked blocked: pages 0, block-capture pages 0
Render set 1, pages already captured 203, todo 1
DONE. pages=1 blocks=0
marked blocked: pages 0, block-capture pages 0
Render set: 1, already done: 322, todo: 1
DONE rendering. ok=1 fail=0 total_processed=1
marked blocked: pages 0, block-capture pages 0
Render set 1, pages already captured 203, todo 1
DONE. pages=1 blocks=0
marked blocked: pages 0, block-capture pages 0
Render set: 1, already done: 323, todo: 1
DONE rendering. ok=1 fail=0 total_processed=1
marked blocked: pages 0, block-capture pages 0
Render set 1, pages already captured 203, todo 1
DONE. pages=1 blocks=0
marked blocked: pages 0, block-capture pages 0
Render set: 1, already done: 324, todo: 1
DONE rendering. ok=1 fail=0 total_processed=1
marked blocked: pages 0, block-capture pages 0
Render set 1, pages already captured 203, todo 1
DONE. pages=1 blocks=0
marked blocked: pages 0, block-capture pages 0
Render set: 1, already done: 325, todo: 1
DONE rendering. ok=1 fail=0 total_processed=1
marked blocked: pages 0, block-capture pages 0
Render set 1, pages already captured 203, todo 1
DONE. pages=1 blocks=0
marked blocked: pages 0, block-capture pages 0
05:14:11    offers-Promotions: 80/206
Render set: 1, already done: 326, todo: 1
DONE rendering. ok=1 fail=0 total_processed=1
marked blocked: pages 0, block-capture pages 0
Render set 1, pages already captured 203, todo 1
DONE. pages=1 blocks=0
marked blocked: pages 0, block-capture pages 0
Render set: 1, already done: 327, todo: 1
DONE rendering. ok=1 fail=0 total_processed=1
marked blocked: pages 0, block-capture pages 0
Render set 1, pages already captured 203, todo 1
DONE. pages=1 blocks=1
marked blocked: pages 0, block-capture pages 0
Render set: 1, already done: 328, todo: 1
DONE rendering. ok=1 fail=0 total_processed=1
marked blocked: pages 0, block-capture pages 0
Render set 1, pages already captured 204, todo 1
DONE. pages=1 blocks=0
marked blocked: pages 0, block-capture pages 0
Render set: 1, already done: 329, todo: 1
DONE rendering. ok=1 fail=0 total_processed=1
marked blocked: pages 0, block-capture pages 0
Render set 1, pages already captured 204, todo 1
DONE. pages=1 blocks=0
marked blocked: pages 0, block-capture pages 0
Render set: 1, already done: 330, todo: 1
DONE rendering. ok=1 fail=0 total_processed=1
marked blocked: pages 0, block-capture pages 0
Render set 1, pages already captured 204, todo 1
DONE. pages=1 blocks=0
marked blocked: pages 0, block-capture pages 0
Render set: 1, already done: 331, todo: 1
DONE rendering. ok=1 fail=0 total_processed=1
marked blocked: pages 0, block-capture pages 0
Render set 1, pages already captured 204, todo 1
DONE. pages=1 blocks=0
marked blocked: pages 0, block-capture pages 0
Render set: 1, already done: 332, todo: 1
DONE rendering. ok=1 fail=0 total_processed=1
marked blocked: pages 0, block-capture pages 0
Render set 1, pages already captured 204, todo 1
DONE. pages=1 blocks=0
marked blocked: pages 0, block-capture pages 0
Render set: 1, already done: 333, todo: 1
DONE rendering. ok=1 fail=0 total_processed=1
marked blocked: pages 0, block-capture pages 0
Render set 1, pages already captured 204, todo 1
DONE. pages=1 blocks=0
marked blocked: pages 0, block-capture pages 0
Render set: 1, already done: 334, todo: 1
DONE rendering. ok=1 fail=0 total_processed=1
marked blocked: pages 0, block-capture pages 0
Render set 1, pages already captured 204, todo 1
DONE. pages=1 blocks=0
marked blocked: pages 0, block-capture pages 0
Render set: 1, already done: 335, todo: 1
DONE rendering. ok=1 fail=0 total_processed=1
marked blocked: pages 0, block-capture pages 0
Render set 1, pages already captured 204, todo 1
DONE. pages=1 blocks=0
marked blocked: pages 0, block-capture pages 0
05:20:58    offers-Promotions: 90/206
Render set: 1, already done: 336, todo: 1
DONE rendering. ok=1 fail=0 total_processed=1
marked blocked: pages 0, block-capture pages 0
Render set 1, pages already captured 204, todo 1
DONE. pages=1 blocks=0
marked blocked: pages 0, block-capture pages 0
Render set: 1, already done: 337, todo: 1
DONE rendering. ok=1 fail=0 total_processed=1
marked blocked: pages 0, block-capture pages 0
Render set 1, pages already captured 204, todo 1
DONE. pages=1 blocks=0
marked blocked: pages 0, block-capture pages 0
Render set: 1, already done: 338, todo: 1
DONE rendering. ok=1 fail=0 total_processed=1
marked blocked: pages 0, block-capture pages 0
Render set 1, pages already captured 204, todo 1
DONE. pages=1 blocks=0
marked blocked: pages 0, block-capture pages 0
Render set: 1, already done: 339, todo: 1
DONE rendering. ok=1 fail=0 total_processed=1
marked blocked: pages 0, block-capture pages 0
Render set 1, pages already captured 204, todo 1
DONE. pages=1 blocks=0
marked blocked: pages 0, block-capture pages 0
Render set: 1, already done: 340, todo: 1
DONE rendering. ok=1 fail=0 total_processed=1
marked blocked: pages 0, block-capture pages 0
Render set 1, pages already captured 204, todo 1
DONE. pages=1 blocks=0
marked blocked: pages 0, block-capture pages 0
Render set: 1, already done: 341, todo: 1
DONE rendering. ok=1 fail=0 total_processed=1
marked blocked: pages 0, block-capture pages 0
Render set 1, pages already captured 204, todo 1
DONE. pages=1 blocks=0
marked blocked: pages 0, block-capture pages 0
Render set: 1, already done: 342, todo: 1
DONE rendering. ok=1 fail=0 total_processed=1
marked blocked: pages 0, block-capture pages 0
Render set 1, pages already captured 204, todo 1
DONE. pages=1 blocks=0
marked blocked: pages 0, block-capture pages 0
Render set: 1, already done: 343, todo: 1
DONE rendering. ok=1 fail=0 total_processed=1
marked blocked: pages 0, block-capture pages 0
Render set 1, pages already captured 204, todo 1
DONE. pages=1 blocks=0
marked blocked: pages 0, block-capture pages 0
Render set: 1, already done: 344, todo: 1
DONE rendering. ok=1 fail=0 total_processed=1
marked blocked: pages 0, block-capture pages 0
Render set 1, pages already captured 204, todo 1
DONE. pages=1 blocks=0
marked blocked: pages 0, block-capture pages 0
Render set: 1, already done: 345, todo: 1
DONE rendering. ok=1 fail=0 total_processed=1
marked blocked: pages 0, block-capture pages 0
Render set 1, pages already captured 204, todo 1
DONE. pages=1 blocks=0
marked blocked: pages 0, block-capture pages 0
05:27:37    offers-Promotions: 100/206
Render set: 1, already done: 346, todo: 1
DONE rendering. ok=1 fail=0 total_processed=1
marked blocked: pages 0, block-capture pages 0
Render set 1, pages already captured 204, todo 1
DONE. pages=1 blocks=0
marked blocked: pages 0, block-capture pages 0
Render set: 1, already done: 347, todo: 1
DONE rendering. ok=1 fail=0 total_processed=1
marked blocked: pages 0, block-capture pages 0
Render set 1, pages already captured 204, todo 1
DONE. pages=1 blocks=0
marked blocked: pages 0, block-capture pages 0
Render set: 1, already done: 348, todo: 1
DONE rendering. ok=1 fail=0 total_processed=1
marked blocked: pages 0, block-capture pages 0
Render set 1, pages already captured 204, todo 1
DONE. pages=1 blocks=1
marked blocked: pages 0, block-capture pages 0
Render set: 1, already done: 349, todo: 1
DONE rendering. ok=1 fail=0 total_processed=1
marked blocked: pages 0, block-capture pages 0
Render set 1, pages already captured 205, todo 1
DONE. pages=1 blocks=0
marked blocked: pages 0, block-capture pages 0
Render set: 1, already done: 350, todo: 1
DONE rendering. ok=1 fail=0 total_processed=1
marked blocked: pages 0, block-capture pages 0
Render set 1, pages already captured 205, todo 1
DONE. pages=1 blocks=0
marked blocked: pages 0, block-capture pages 0
Render set: 1, already done: 351, todo: 1
DONE rendering. ok=1 fail=0 total_processed=1
marked blocked: pages 0, block-capture pages 0
Render set 1, pages already captured 205, todo 1
DONE. pages=1 blocks=0
marked blocked: pages 0, block-capture pages 0
Render set: 1, already done: 352, todo: 1
DONE rendering. ok=1 fail=0 total_processed=1
marked blocked: pages 0, block-capture pages 0
Render set 1, pages already captured 205, todo 1
DONE. pages=1 blocks=1
marked blocked: pages 0, block-capture pages 0
Render set: 1, already done: 353, todo: 1
DONE rendering. ok=1 fail=0 total_processed=1
marked blocked: pages 0, block-capture pages 0
Render set 1, pages already captured 206, todo 1
DONE. pages=1 blocks=1
marked blocked: pages 0, block-capture pages 0
Render set: 1, already done: 354, todo: 1
DONE rendering. ok=1 fail=0 total_processed=1
marked blocked: pages 0, block-capture pages 0
Render set 1, pages already captured 207, todo 1
DONE. pages=1 blocks=1
marked blocked: pages 0, block-capture pages 0
Render set: 1, already done: 355, todo: 1
DONE rendering. ok=1 fail=0 total_processed=1
marked blocked: pages 0, block-capture pages 0
Render set 1, pages already captured 208, todo 1
DONE. pages=1 blocks=0
marked blocked: pages 0, block-capture pages 0
05:34:29    offers-Promotions: 110/206
Render set: 1, already done: 356, todo: 1
DONE rendering. ok=1 fail=0 total_processed=1
marked blocked: pages 0, block-capture pages 0
Render set 1, pages already captured 208, todo 1
DONE. pages=1 blocks=1
marked blocked: pages 0, block-capture pages 0
Render set: 1, already done: 357, todo: 1
DONE rendering. ok=1 fail=0 total_processed=1
marked blocked: pages 0, block-capture pages 0
Render set 1, pages already captured 209, todo 1
DONE. pages=1 blocks=2
marked blocked: pages 0, block-capture pages 0
Render set: 1, already done: 358, todo: 1
DONE rendering. ok=1 fail=0 total_processed=1
marked blocked: pages 0, block-capture pages 0
Render set 1, pages already captured 210, todo 1
DONE. pages=1 blocks=0
marked blocked: pages 0, block-capture pages 0
Render set: 1, already done: 359, todo: 1
DONE rendering. ok=1 fail=0 total_processed=1
marked blocked: pages 0, block-capture pages 0
Render set 1, pages already captured 210, todo 1
DONE. pages=1 blocks=2
marked blocked: pages 0, block-capture pages 0
Render set: 1, already done: 360, todo: 1
DONE rendering. ok=1 fail=0 total_processed=1
marked blocked: pages 0, block-capture pages 0
Render set 1, pages already captured 211, todo 1
DONE. pages=1 blocks=2
marked blocked: pages 0, block-capture pages 0
Render set: 1, already done: 361, todo: 1
DONE rendering. ok=1 fail=0 total_processed=1
marked blocked: pages 0, block-capture pages 0
Render set 1, pages already captured 212, todo 1
DONE. pages=1 blocks=0
marked blocked: pages 0, block-capture pages 0
Render set: 1, already done: 362, todo: 1
DONE rendering. ok=1 fail=0 total_processed=1
marked blocked: pages 0, block-capture pages 0
Render set 1, pages already captured 212, todo 1
DONE. pages=1 blocks=0
marked blocked: pages 0, block-capture pages 0
Render set: 1, already done: 363, todo: 1
DONE rendering. ok=1 fail=0 total_processed=1
marked blocked: pages 0, block-capture pages 0
Render set 1, pages already captured 212, todo 1
DONE. pages=1 blocks=0
marked blocked: pages 0, block-capture pages 0
Render set: 1, already done: 364, todo: 1
DONE rendering. ok=1 fail=0 total_processed=1
marked blocked: pages 0, block-capture pages 0
Render set 1, pages already captured 212, todo 1
DONE. pages=1 blocks=0
marked blocked: pages 0, block-capture pages 0
Render set: 1, already done: 365, todo: 1
DONE rendering. ok=1 fail=0 total_processed=1
marked blocked: pages 0, block-capture pages 0
Render set 1, pages already captured 212, todo 1
DONE. pages=1 blocks=0
marked blocked: pages 0, block-capture pages 0
05:41:18    offers-Promotions: 120/206
Render set: 1, already done: 366, todo: 1
DONE rendering. ok=1 fail=0 total_processed=1
marked blocked: pages 0, block-capture pages 0
Render set 1, pages already captured 212, todo 1
DONE. pages=1 blocks=0
marked blocked: pages 0, block-capture pages 0
Render set: 1, already done: 367, todo: 1
DONE rendering. ok=1 fail=0 total_processed=1
marked blocked: pages 0, block-capture pages 0
Render set 1, pages already captured 212, todo 1
DONE. pages=1 blocks=0
marked blocked: pages 0, block-capture pages 0
Render set: 1, already done: 368, todo: 1
DONE rendering. ok=1 fail=0 total_processed=1
marked blocked: pages 0, block-capture pages 0
Render set 1, pages already captured 212, todo 1
DONE. pages=1 blocks=0
marked blocked: pages 0, block-capture pages 0
Render set: 1, already done: 369, todo: 1
DONE rendering. ok=1 fail=0 total_processed=1
marked blocked: pages 0, block-capture pages 0
Render set 1, pages already captured 212, todo 1
DONE. pages=1 blocks=0
marked blocked: pages 0, block-capture pages 0
Render set: 1, already done: 370, todo: 1
DONE rendering. ok=1 fail=0 total_processed=1
marked blocked: pages 0, block-capture pages 0
Render set 1, pages already captured 212, todo 1
DONE. pages=1 blocks=0
marked blocked: pages 0, block-capture pages 0
Render set: 1, already done: 371, todo: 1
DONE rendering. ok=1 fail=0 total_processed=1
marked blocked: pages 0, block-capture pages 0
Render set 1, pages already captured 212, todo 1
DONE. pages=1 blocks=0
marked blocked: pages 0, block-capture pages 0
Render set: 1, already done: 372, todo: 1
DONE rendering. ok=1 fail=0 total_processed=1
marked blocked: pages 0, block-capture pages 0
Render set 1, pages already captured 212, todo 1
DONE. pages=1 blocks=1
marked blocked: pages 0, block-capture pages 0
Render set: 1, already done: 373, todo: 1
DONE rendering. ok=1 fail=0 total_processed=1
marked blocked: pages 0, block-capture pages 0
Render set 1, pages already captured 213, todo 1
DONE. pages=1 blocks=1
marked blocked: pages 0, block-capture pages 0
Render set: 1, already done: 374, todo: 1
DONE rendering. ok=1 fail=0 total_processed=1
marked blocked: pages 0, block-capture pages 0
Render set 1, pages already captured 214, todo 1
DONE. pages=1 blocks=0
marked blocked: pages 0, block-capture pages 0
Render set: 1, already done: 375, todo: 1
DONE rendering. ok=1 fail=0 total_processed=1
marked blocked: pages 0, block-capture pages 0
Render set 1, pages already captured 214, todo 1
DONE. pages=1 blocks=0
marked blocked: pages 0, block-capture pages 0
05:48:09    offers-Promotions: 130/206
Render set: 1, already done: 376, todo: 1
DONE rendering. ok=1 fail=0 total_processed=1
marked blocked: pages 0, block-capture pages 0
Render set 1, pages already captured 214, todo 1
DONE. pages=1 blocks=0
marked blocked: pages 0, block-capture pages 0
Render set: 1, already done: 377, todo: 1
DONE rendering. ok=1 fail=0 total_processed=1
marked blocked: pages 0, block-capture pages 0
Render set 1, pages already captured 214, todo 1
DONE. pages=1 blocks=0
marked blocked: pages 0, block-capture pages 0
Render set: 1, already done: 378, todo: 1
DONE rendering. ok=1 fail=0 total_processed=1
marked blocked: pages 0, block-capture pages 0
Render set 1, pages already captured 214, todo 1
DONE. pages=1 blocks=0
marked blocked: pages 0, block-capture pages 0
Render set: 1, already done: 379, todo: 1
DONE rendering. ok=1 fail=0 total_processed=1
marked blocked: pages 0, block-capture pages 0
Render set 1, pages already captured 214, todo 1
DONE. pages=1 blocks=0
marked blocked: pages 0, block-capture pages 0
Render set: 1, already done: 380, todo: 1
DONE rendering. ok=1 fail=0 total_processed=1
marked blocked: pages 0, block-capture pages 0
Render set 1, pages already captured 214, todo 1
DONE. pages=1 blocks=0
marked blocked: pages 0, block-capture pages 0
Render set: 1, already done: 381, todo: 1
DONE rendering. ok=1 fail=0 total_processed=1
marked blocked: pages 0, block-capture pages 0
Render set 1, pages already captured 214, todo 1
DONE. pages=1 blocks=0
marked blocked: pages 0, block-capture pages 0
Render set: 1, already done: 382, todo: 1
DONE rendering. ok=1 fail=0 total_processed=1
marked blocked: pages 0, block-capture pages 0
Render set 1, pages already captured 214, todo 1
DONE. pages=1 blocks=0
marked blocked: pages 0, block-capture pages 0
Render set: 1, already done: 383, todo: 1
DONE rendering. ok=1 fail=0 total_processed=1
marked blocked: pages 0, block-capture pages 0
Render set 1, pages already captured 214, todo 1
DONE. pages=1 blocks=0
marked blocked: pages 0, block-capture pages 0
Render set: 1, already done: 384, todo: 1
DONE rendering. ok=1 fail=0 total_processed=1
marked blocked: pages 0, block-capture pages 0
Render set 1, pages already captured 214, todo 1
DONE. pages=1 blocks=0
marked blocked: pages 0, block-capture pages 0
Render set: 1, already done: 385, todo: 1
DONE rendering. ok=1 fail=0 total_processed=1
marked blocked: pages 0, block-capture pages 0
Render set 1, pages already captured 214, todo 1
DONE. pages=1 blocks=0
marked blocked: pages 0, block-capture pages 0
05:54:59    offers-Promotions: 140/206
Render set: 1, already done: 386, todo: 1
DONE rendering. ok=1 fail=0 total_processed=1
marked blocked: pages 0, block-capture pages 0
Render set 1, pages already captured 214, todo 1
DONE. pages=1 blocks=0
marked blocked: pages 0, block-capture pages 0
Render set: 1, already done: 387, todo: 1
DONE rendering. ok=1 fail=0 total_processed=1
marked blocked: pages 0, block-capture pages 0
Render set 1, pages already captured 214, todo 1
DONE. pages=1 blocks=1
marked blocked: pages 0, block-capture pages 0
Render set: 1, already done: 388, todo: 1
DONE rendering. ok=1 fail=0 total_processed=1
marked blocked: pages 0, block-capture pages 0
Render set 1, pages already captured 215, todo 1
DONE. pages=1 blocks=0
marked blocked: pages 0, block-capture pages 0
Render set: 1, already done: 389, todo: 1
DONE rendering. ok=1 fail=0 total_processed=1
marked blocked: pages 0, block-capture pages 0
Render set 1, pages already captured 215, todo 1
DONE. pages=1 blocks=0
marked blocked: pages 0, block-capture pages 0
Render set: 1, already done: 390, todo: 1
DONE rendering. ok=1 fail=0 total_processed=1
marked blocked: pages 0, block-capture pages 0
Render set 1, pages already captured 215, todo 1
DONE. pages=1 blocks=0
marked blocked: pages 0, block-capture pages 0
Render set: 1, already done: 391, todo: 1
DONE rendering. ok=1 fail=0 total_processed=1
marked blocked: pages 0, block-capture pages 0
Render set 1, pages already captured 215, todo 1
DONE. pages=1 blocks=0
marked blocked: pages 0, block-capture pages 0
Render set: 1, already done: 392, todo: 1
DONE rendering. ok=1 fail=0 total_processed=1
marked blocked: pages 0, block-capture pages 0
Render set 1, pages already captured 215, todo 1
DONE. pages=1 blocks=0
marked blocked: pages 0, block-capture pages 0
Render set: 1, already done: 393, todo: 1
DONE rendering. ok=1 fail=0 total_processed=1
marked blocked: pages 0, block-capture pages 0
Render set 1, pages already captured 215, todo 1
DONE. pages=1 blocks=0
marked blocked: pages 0, block-capture pages 0
Render set: 1, already done: 394, todo: 1
DONE rendering. ok=1 fail=0 total_processed=1
marked blocked: pages 0, block-capture pages 0
Render set 1, pages already captured 215, todo 1
DONE. pages=1 blocks=0
marked blocked: pages 0, block-capture pages 0
Render set: 1, already done: 395, todo: 1
DONE rendering. ok=1 fail=0 total_processed=1
marked blocked: pages 0, block-capture pages 0
Render set 1, pages already captured 215, todo 1
DONE. pages=1 blocks=0
marked blocked: pages 0, block-capture pages 0
06:01:43    offers-Promotions: 150/206
Render set: 1, already done: 396, todo: 1
DONE rendering. ok=1 fail=0 total_processed=1
marked blocked: pages 0, block-capture pages 0
Render set 1, pages already captured 215, todo 1
DONE. pages=1 blocks=0
marked blocked: pages 0, block-capture pages 0
Render set: 1, already done: 397, todo: 1
DONE rendering. ok=1 fail=0 total_processed=1
marked blocked: pages 0, block-capture pages 0
Render set 1, pages already captured 215, todo 1
DONE. pages=1 blocks=0
marked blocked: pages 0, block-capture pages 0
Render set: 1, already done: 398, todo: 1
DONE rendering. ok=1 fail=0 total_processed=1
marked blocked: pages 0, block-capture pages 0
Render set 1, pages already captured 215, todo 1
DONE. pages=1 blocks=0
marked blocked: pages 0, block-capture pages 0
Render set: 1, already done: 399, todo: 1
DONE rendering. ok=1 fail=0 total_processed=1
marked blocked: pages 0, block-capture pages 0
Render set 1, pages already captured 215, todo 1
DONE. pages=1 blocks=0
marked blocked: pages 0, block-capture pages 0
Render set: 1, already done: 400, todo: 1
DONE rendering. ok=1 fail=0 total_processed=1
marked blocked: pages 0, block-capture pages 0
Render set 1, pages already captured 215, todo 1
DONE. pages=1 blocks=0
marked blocked: pages 0, block-capture pages 0
Render set: 1, already done: 401, todo: 1
DONE rendering. ok=1 fail=0 total_processed=1
marked blocked: pages 0, block-capture pages 0
Render set 1, pages already captured 215, todo 1
DONE. pages=1 blocks=0
marked blocked: pages 0, block-capture pages 0
Render set: 1, already done: 402, todo: 1
DONE rendering. ok=1 fail=0 total_processed=1
marked blocked: pages 0, block-capture pages 0
Render set 1, pages already captured 215, todo 1
DONE. pages=1 blocks=0
marked blocked: pages 0, block-capture pages 0
Render set: 1, already done: 403, todo: 1
DONE rendering. ok=1 fail=0 total_processed=1
marked blocked: pages 0, block-capture pages 0
Render set 1, pages already captured 215, todo 1
DONE. pages=1 blocks=0
marked blocked: pages 0, block-capture pages 0
Render set: 1, already done: 404, todo: 1
DONE rendering. ok=1 fail=0 total_processed=1
marked blocked: pages 0, block-capture pages 0
Render set 1, pages already captured 215, todo 1
DONE. pages=1 blocks=0
marked blocked: pages 0, block-capture pages 0
Render set: 1, already done: 405, todo: 1
DONE rendering. ok=1 fail=0 total_processed=1
marked blocked: pages 0, block-capture pages 0
Render set 1, pages already captured 215, todo 1
DONE. pages=1 blocks=0
marked blocked: pages 0, block-capture pages 0
06:08:36    offers-Promotions: 160/206
Render set: 1, already done: 406, todo: 1
DONE rendering. ok=1 fail=0 total_processed=1
marked blocked: pages 0, block-capture pages 0
Render set 1, pages already captured 215, todo 1
DONE. pages=1 blocks=0
marked blocked: pages 0, block-capture pages 0
Render set: 1, already done: 407, todo: 1
DONE rendering. ok=1 fail=0 total_processed=1
marked blocked: pages 0, block-capture pages 0
Render set 1, pages already captured 215, todo 1
DONE. pages=1 blocks=0
marked blocked: pages 0, block-capture pages 0
Render set: 1, already done: 408, todo: 1
DONE rendering. ok=1 fail=0 total_processed=1
marked blocked: pages 0, block-capture pages 0
Render set 1, pages already captured 215, todo 1
DONE. pages=1 blocks=0
marked blocked: pages 0, block-capture pages 0
Render set: 1, already done: 409, todo: 1
DONE rendering. ok=1 fail=0 total_processed=1
marked blocked: pages 0, block-capture pages 0
Render set 1, pages already captured 215, todo 1
DONE. pages=1 blocks=0
marked blocked: pages 0, block-capture pages 0
Render set: 1, already done: 410, todo: 1
DONE rendering. ok=1 fail=0 total_processed=1
marked blocked: pages 0, block-capture pages 0
Render set 1, pages already captured 215, todo 1
DONE. pages=1 blocks=1
marked blocked: pages 0, block-capture pages 0
Render set: 1, already done: 411, todo: 1
DONE rendering. ok=1 fail=0 total_processed=1
marked blocked: pages 0, block-capture pages 0
Render set 1, pages already captured 216, todo 1
DONE. pages=1 blocks=0
marked blocked: pages 0, block-capture pages 0
Render set: 1, already done: 412, todo: 1
DONE rendering. ok=1 fail=0 total_processed=1
marked blocked: pages 0, block-capture pages 0
Render set 1, pages already captured 216, todo 1
DONE. pages=1 blocks=3
marked blocked: pages 0, block-capture pages 0
Render set: 1, already done: 413, todo: 1
DONE rendering. ok=1 fail=0 total_processed=1
marked blocked: pages 0, block-capture pages 0
Render set 1, pages already captured 217, todo 1
DONE. pages=1 blocks=4
marked blocked: pages 0, block-capture pages 0
Render set: 1, already done: 414, todo: 1
DONE rendering. ok=1 fail=0 total_processed=1
marked blocked: pages 0, block-capture pages 0
Render set 1, pages already captured 218, todo 1
DONE. pages=1 blocks=0
marked blocked: pages 0, block-capture pages 0
Render set: 1, already done: 415, todo: 1
DONE rendering. ok=1 fail=0 total_processed=1
marked blocked: pages 0, block-capture pages 0
Render set 1, pages already captured 218, todo 1
DONE. pages=1 blocks=0
marked blocked: pages 0, block-capture pages 0
06:15:27    offers-Promotions: 170/206
Render set: 1, already done: 416, todo: 1
DONE rendering. ok=1 fail=0 total_processed=1
marked blocked: pages 0, block-capture pages 0
Render set 1, pages already captured 218, todo 1
DONE. pages=1 blocks=0
marked blocked: pages 0, block-capture pages 0
Render set: 1, already done: 417, todo: 1
DONE rendering. ok=1 fail=0 total_processed=1
marked blocked: pages 0, block-capture pages 0
Render set 1, pages already captured 218, todo 1
DONE. pages=1 blocks=0
marked blocked: pages 0, block-capture pages 0
Render set: 1, already done: 418, todo: 1
DONE rendering. ok=1 fail=0 total_processed=1
marked blocked: pages 0, block-capture pages 0
Render set 1, pages already captured 218, todo 1
DONE. pages=1 blocks=0
marked blocked: pages 0, block-capture pages 0
Render set: 1, already done: 419, todo: 1
DONE rendering. ok=1 fail=0 total_processed=1
marked blocked: pages 0, block-capture pages 0
Render set 1, pages already captured 218, todo 1
DONE. pages=1 blocks=0
marked blocked: pages 0, block-capture pages 0
Render set: 1, already done: 420, todo: 1
DONE rendering. ok=1 fail=0 total_processed=1
marked blocked: pages 0, block-capture pages 0
Render set 1, pages already captured 218, todo 1
DONE. pages=1 blocks=0
marked blocked: pages 0, block-capture pages 0
Render set: 1, already done: 421, todo: 1
DONE rendering. ok=1 fail=0 total_processed=1
marked blocked: pages 0, block-capture pages 0
Render set 1, pages already captured 218, todo 1
DONE. pages=1 blocks=0
marked blocked: pages 0, block-capture pages 0
Render set: 1, already done: 422, todo: 1
DONE rendering. ok=1 fail=0 total_processed=1
marked blocked: pages 0, block-capture pages 0
Render set 1, pages already captured 218, todo 1
DONE. pages=1 blocks=0
marked blocked: pages 0, block-capture pages 0
Render set: 1, already done: 423, todo: 1
DONE rendering. ok=1 fail=0 total_processed=1
marked blocked: pages 0, block-capture pages 0
Render set 1, pages already captured 218, todo 1
DONE. pages=1 blocks=0
marked blocked: pages 0, block-capture pages 0
Render set: 1, already done: 424, todo: 1
DONE rendering. ok=1 fail=0 total_processed=1
marked blocked: pages 0, block-capture pages 0
Render set 1, pages already captured 218, todo 1
DONE. pages=1 blocks=0
marked blocked: pages 0, block-capture pages 0
Render set: 1, already done: 425, todo: 1
DONE rendering. ok=1 fail=0 total_processed=1
marked blocked: pages 0, block-capture pages 0
Render set 1, pages already captured 218, todo 1
DONE. pages=1 blocks=0
marked blocked: pages 0, block-capture pages 0
06:22:15    offers-Promotions: 180/206
Render set: 1, already done: 426, todo: 1
DONE rendering. ok=1 fail=0 total_processed=1
marked blocked: pages 0, block-capture pages 0
Render set 1, pages already captured 218, todo 1
DONE. pages=1 blocks=0
marked blocked: pages 0, block-capture pages 0
Render set: 1, already done: 427, todo: 1
DONE rendering. ok=1 fail=0 total_processed=1
marked blocked: pages 0, block-capture pages 0
Render set 1, pages already captured 218, todo 1
DONE. pages=1 blocks=0
marked blocked: pages 0, block-capture pages 0
Render set: 1, already done: 428, todo: 1
DONE rendering. ok=1 fail=0 total_processed=1
marked blocked: pages 0, block-capture pages 0
Render set 1, pages already captured 218, todo 1
DONE. pages=1 blocks=0
marked blocked: pages 0, block-capture pages 0
Render set: 1, already done: 429, todo: 1
DONE rendering. ok=1 fail=0 total_processed=1
marked blocked: pages 0, block-capture pages 0
Render set 1, pages already captured 218, todo 1
DONE. pages=1 blocks=0
marked blocked: pages 0, block-capture pages 0
Render set: 1, already done: 430, todo: 1
DONE rendering. ok=1 fail=0 total_processed=1
marked blocked: pages 0, block-capture pages 0
Render set 1, pages already captured 218, todo 1
DONE. pages=1 blocks=0
marked blocked: pages 0, block-capture pages 0
Render set: 1, already done: 431, todo: 1
DONE rendering. ok=1 fail=0 total_processed=1
marked blocked: pages 0, block-capture pages 0
Render set 1, pages already captured 218, todo 1
DONE. pages=1 blocks=0
marked blocked: pages 0, block-capture pages 0
Render set: 1, already done: 432, todo: 1
DONE rendering. ok=1 fail=0 total_processed=1
marked blocked: pages 0, block-capture pages 0
Render set 1, pages already captured 218, todo 1
DONE. pages=1 blocks=0
marked blocked: pages 0, block-capture pages 0
Render set: 1, already done: 433, todo: 1
DONE rendering. ok=1 fail=0 total_processed=1
marked blocked: pages 0, block-capture pages 0
Render set 1, pages already captured 218, todo 1
DONE. pages=1 blocks=0
marked blocked: pages 0, block-capture pages 0
Render set: 1, already done: 434, todo: 1
DONE rendering. ok=1 fail=0 total_processed=1
marked blocked: pages 0, block-capture pages 0
Render set 1, pages already captured 218, todo 1
DONE. pages=1 blocks=0
marked blocked: pages 0, block-capture pages 0
Render set: 1, already done: 435, todo: 1
DONE rendering. ok=1 fail=0 total_processed=1
marked blocked: pages 0, block-capture pages 0
Render set 1, pages already captured 218, todo 1
DONE. pages=1 blocks=0
marked blocked: pages 0, block-capture pages 0
06:28:55    offers-Promotions: 190/206
Render set: 1, already done: 436, todo: 1
DONE rendering. ok=1 fail=0 total_processed=1
marked blocked: pages 0, block-capture pages 0
Render set 1, pages already captured 218, todo 1
DONE. pages=1 blocks=0
marked blocked: pages 0, block-capture pages 0
Render set: 1, already done: 437, todo: 1
DONE rendering. ok=1 fail=0 total_processed=1
marked blocked: pages 0, block-capture pages 0
Render set 1, pages already captured 218, todo 1
DONE. pages=1 blocks=0
marked blocked: pages 0, block-capture pages 0
Render set: 1, already done: 438, todo: 1
DONE rendering. ok=1 fail=0 total_processed=1
marked blocked: pages 0, block-capture pages 0
Render set 1, pages already captured 218, todo 1
DONE. pages=1 blocks=3
marked blocked: pages 0, block-capture pages 0
Render set: 1, already done: 439, todo: 1
DONE rendering. ok=1 fail=0 total_processed=1
marked blocked: pages 0, block-capture pages 0
Render set 1, pages already captured 219, todo 1
DONE. pages=1 blocks=0
marked blocked: pages 0, block-capture pages 0
Render set: 1, already done: 440, todo: 1
DONE rendering. ok=1 fail=0 total_processed=1
marked blocked: pages 0, block-capture pages 0
Render set 1, pages already captured 219, todo 1
DONE. pages=1 blocks=0
marked blocked: pages 0, block-capture pages 0
Render set: 1, already done: 441, todo: 1
DONE rendering. ok=1 fail=0 total_processed=1
marked blocked: pages 0, block-capture pages 0
Render set 1, pages already captured 219, todo 1
DONE. pages=1 blocks=0
marked blocked: pages 0, block-capture pages 0
Render set: 1, already done: 442, todo: 1
DONE rendering. ok=1 fail=0 total_processed=1
marked blocked: pages 0, block-capture pages 0
Render set 1, pages already captured 219, todo 1
DONE. pages=1 blocks=0
marked blocked: pages 0, block-capture pages 0
Render set: 1, already done: 443, todo: 1
DONE rendering. ok=1 fail=0 total_processed=1
marked blocked: pages 0, block-capture pages 0
Render set 1, pages already captured 219, todo 1
DONE. pages=1 blocks=3
marked blocked: pages 0, block-capture pages 0
Render set: 1, already done: 444, todo: 1
DONE rendering. ok=1 fail=0 total_processed=1
marked blocked: pages 0, block-capture pages 0
Render set 1, pages already captured 220, todo 1
DONE. pages=1 blocks=0
marked blocked: pages 0, block-capture pages 0
Render set: 1, already done: 445, todo: 1
DONE rendering. ok=1 fail=0 total_processed=1
marked blocked: pages 0, block-capture pages 0
Render set 1, pages already captured 220, todo 1
DONE. pages=1 blocks=0
marked blocked: pages 0, block-capture pages 0
06:35:35    offers-Promotions: 200/206
Render set: 1, already done: 446, todo: 1
DONE rendering. ok=1 fail=0 total_processed=1
marked blocked: pages 0, block-capture pages 0
Render set 1, pages already captured 220, todo 1
DONE. pages=1 blocks=0
marked blocked: pages 0, block-capture pages 0
Render set: 1, already done: 447, todo: 1
DONE rendering. ok=1 fail=0 total_processed=1
marked blocked: pages 0, block-capture pages 0
Render set 1, pages already captured 220, todo 1
DONE. pages=1 blocks=0
marked blocked: pages 0, block-capture pages 0
Render set: 1, already done: 448, todo: 1
DONE rendering. ok=1 fail=0 total_processed=1
marked blocked: pages 0, block-capture pages 0
Render set 1, pages already captured 220, todo 1
DONE. pages=1 blocks=0
marked blocked: pages 0, block-capture pages 0
Render set: 1, already done: 449, todo: 1
DONE rendering. ok=1 fail=0 total_processed=1
marked blocked: pages 0, block-capture pages 0
Render set 1, pages already captured 220, todo 1
DONE. pages=1 blocks=0
marked blocked: pages 0, block-capture pages 0
Render set: 1, already done: 450, todo: 1
DONE rendering. ok=1 fail=0 total_processed=1
marked blocked: pages 0, block-capture pages 0
Render set 1, pages already captured 220, todo 1
DONE. pages=1 blocks=0
marked blocked: pages 0, block-capture pages 0
Render set: 1, already done: 451, todo: 1
DONE rendering. ok=1 fail=0 total_processed=1
marked blocked: pages 0, block-capture pages 0
Render set 1, pages already captured 220, todo 1
DONE. pages=1 blocks=0
marked blocked: pages 0, block-capture pages 0
06:39:34    ✔ offers-Promotions done — render errors 1/206, block errors 0/206
06:40:35 [32/65] our-fleet — 9 pages
Render set: 1, already done: 452, todo: 1
DONE rendering. ok=1 fail=0 total_processed=1
marked blocked: pages 0, block-capture pages 0
Render set 1, pages already captured 220, todo 1
DONE. pages=1 blocks=1
marked blocked: pages 0, block-capture pages 0
Render set: 1, already done: 453, todo: 1
DONE rendering. ok=1 fail=0 total_processed=1
marked blocked: pages 0, block-capture pages 0
Render set 1, pages already captured 221, todo 1
DONE. pages=1 blocks=1
marked blocked: pages 0, block-capture pages 0
Render set: 1, already done: 454, todo: 1
DONE rendering. ok=1 fail=0 total_processed=1
marked blocked: pages 0, block-capture pages 0
Render set 1, pages already captured 222, todo 1
DONE. pages=1 blocks=1
marked blocked: pages 0, block-capture pages 0
Render set: 1, already done: 455, todo: 1
DONE rendering. ok=1 fail=0 total_processed=1
marked blocked: pages 0, block-capture pages 0
Render set 1, pages already captured 223, todo 1
DONE. pages=1 blocks=1
marked blocked: pages 0, block-capture pages 0
Render set: 1, already done: 456, todo: 1
DONE rendering. ok=1 fail=0 total_processed=1
marked blocked: pages 0, block-capture pages 0
Render set 1, pages already captured 224, todo 1
DONE. pages=1 blocks=1
marked blocked: pages 0, block-capture pages 0
Render set: 1, already done: 457, todo: 1
DONE rendering. ok=1 fail=0 total_processed=1
marked blocked: pages 0, block-capture pages 0
Render set 1, pages already captured 225, todo 1
DONE. pages=1 blocks=1
marked blocked: pages 0, block-capture pages 0
Render set: 1, already done: 458, todo: 1
DONE rendering. ok=1 fail=0 total_processed=1
marked blocked: pages 0, block-capture pages 0
Render set 1, pages already captured 226, todo 1
DONE. pages=1 blocks=1
marked blocked: pages 0, block-capture pages 0
Render set: 1, already done: 459, todo: 1
DONE rendering. ok=1 fail=0 total_processed=1
marked blocked: pages 0, block-capture pages 0
Render set 1, pages already captured 227, todo 1
DONE. pages=1 blocks=1
marked blocked: pages 0, block-capture pages 0
Render set: 1, already done: 460, todo: 1
DONE rendering. ok=1 fail=0 total_processed=1
marked blocked: pages 0, block-capture pages 0
Render set 1, pages already captured 228, todo 1
DONE. pages=1 blocks=1
marked blocked: pages 0, block-capture pages 0
06:47:18    ✔ our-fleet done — render errors 0/9, block errors 0/9
06:48:18 [33/65] passenger-rights — 1 pages
Render set: 1, already done: 461, todo: 1
DONE rendering. ok=1 fail=0 total_processed=1
marked blocked: pages 0, block-capture pages 0
Render set 1, pages already captured 229, todo 1
DONE. pages=1 blocks=18
marked blocked: pages 0, block-capture pages 0
06:49:01    ✔ passenger-rights done — render errors 0/1, block errors 0/1
06:50:01 [34/65] privacy_policy_17DEC19 — 1 pages
Render set: 1, already done: 462, todo: 1
DONE rendering. ok=1 fail=0 total_processed=1
marked blocked: pages 0, block-capture pages 0
Render set 1, pages already captured 230, todo 1
DONE. pages=1 blocks=20
marked blocked: pages 0, block-capture pages 0
06:50:44    ✔ privacy_policy_17DEC19 done — render errors 0/1, block errors 0/1
06:51:44 [35/65] privacy_policy_21MAY18 — 1 pages
Render set: 1, already done: 463, todo: 1
DONE rendering. ok=1 fail=0 total_processed=1
marked blocked: pages 0, block-capture pages 0
Render set 1, pages already captured 231, todo 1
DONE. pages=1 blocks=20
marked blocked: pages 0, block-capture pages 0
06:52:29    ✔ privacy_policy_21MAY18 done — render errors 0/1, block errors 0/1
06:53:29 [36/65] privacy_policy_25OCT24 — 1 pages
Render set: 1, already done: 464, todo: 1
DONE rendering. ok=1 fail=0 total_processed=1
marked blocked: pages 0, block-capture pages 0
Render set 1, pages already captured 232, todo 1
DONE. pages=1 blocks=20
marked blocked: pages 0, block-capture pages 0
06:54:16    ✔ privacy_policy_25OCT24 done — render errors 0/1, block errors 0/1
06:55:16 [37/65] privacy_policy_26DEC24 — 1 pages
Render set: 1, already done: 465, todo: 1
DONE rendering. ok=1 fail=0 total_processed=1
marked blocked: pages 0, block-capture pages 0
Render set 1, pages already captured 233, todo 1
DONE. pages=1 blocks=20
marked blocked: pages 0, block-capture pages 0
06:56:00    ✔ privacy_policy_26DEC24 done — render errors 0/1, block errors 0/1
06:57:01 [38/65] privacy_policy_27MAY22 — 1 pages
Render set: 1, already done: 466, todo: 1
DONE rendering. ok=1 fail=0 total_processed=1
marked blocked: pages 0, block-capture pages 0
Render set 1, pages already captured 234, todo 1
DONE. pages=1 blocks=20
marked blocked: pages 0, block-capture pages 0
06:57:45    ✔ privacy_policy_27MAY22 done — render errors 0/1, block errors 0/1
06:58:45 [39/65] privacy_policy_2DEC20 — 1 pages
Render set: 1, already done: 467, todo: 1
DONE rendering. ok=1 fail=0 total_processed=1
marked blocked: pages 0, block-capture pages 0
Render set 1, pages already captured 235, todo 1
DONE. pages=1 blocks=20
marked blocked: pages 0, block-capture pages 0
06:59:34    ✔ privacy_policy_2DEC20 done — render errors 0/1, block errors 0/1
07:00:34 [40/65] privacy-notice — 1 pages
Render set: 1, already done: 468, todo: 1
DONE rendering. ok=1 fail=0 total_processed=1
marked blocked: pages 0, block-capture pages 0
Render set 1, pages already captured 236, todo 1
DONE. pages=1 blocks=3
marked blocked: pages 0, block-capture pages 0
07:01:15    ✔ privacy-notice done — render errors 0/1, block errors 0/1
07:02:15 [41/65] privacy-policy-17dec19 — 1 pages
Render set: 1, already done: 469, todo: 1
DONE rendering. ok=1 fail=0 total_processed=1
marked blocked: pages 0, block-capture pages 0
Render set 1, pages already captured 237, todo 1
DONE. pages=1 blocks=20
marked blocked: pages 0, block-capture pages 0
07:02:59    ✔ privacy-policy-17dec19 done — render errors 0/1, block errors 0/1
07:03:59 [42/65] privacy-policy-21may18 — 1 pages
Render set: 1, already done: 470, todo: 1
DONE rendering. ok=1 fail=0 total_processed=1
marked blocked: pages 0, block-capture pages 0
Render set 1, pages already captured 238, todo 1
DONE. pages=1 blocks=20
marked blocked: pages 0, block-capture pages 0
07:04:44    ✔ privacy-policy-21may18 done — render errors 0/1, block errors 0/1
07:05:44 [43/65] privacy-policy-25oct24 — 1 pages
Render set: 1, already done: 471, todo: 1
DONE rendering. ok=1 fail=0 total_processed=1
marked blocked: pages 0, block-capture pages 0
Render set 1, pages already captured 239, todo 1
DONE. pages=1 blocks=20
marked blocked: pages 0, block-capture pages 0
07:06:28    ✔ privacy-policy-25oct24 done — render errors 0/1, block errors 0/1
07:07:28 [44/65] privacy-policy-26dec24 — 1 pages
Render set: 1, already done: 472, todo: 1
DONE rendering. ok=1 fail=0 total_processed=1
marked blocked: pages 0, block-capture pages 0
Render set 1, pages already captured 240, todo 1
DONE. pages=1 blocks=20
marked blocked: pages 0, block-capture pages 0
07:08:15    ✔ privacy-policy-26dec24 done — render errors 0/1, block errors 0/1
07:09:15 [45/65] privacy-policy-27may22 — 1 pages
Render set: 1, already done: 473, todo: 1
DONE rendering. ok=1 fail=0 total_processed=1
marked blocked: pages 0, block-capture pages 0
Render set 1, pages already captured 241, todo 1
DONE. pages=1 blocks=20
marked blocked: pages 0, block-capture pages 0
07:10:00    ✔ privacy-policy-27may22 done — render errors 0/1, block errors 0/1
07:11:00 [46/65] privacy-policy-2dec20 — 1 pages
Render set: 1, already done: 474, todo: 1
DONE rendering. ok=1 fail=0 total_processed=1
marked blocked: pages 0, block-capture pages 0
Render set 1, pages already captured 242, todo 1
DONE. pages=1 blocks=20
marked blocked: pages 0, block-capture pages 0
07:11:43    ✔ privacy-policy-2dec20 done — render errors 0/1, block errors 0/1
07:12:43 [47/65] procurement-supplier — 3 pages
Render set: 1, already done: 475, todo: 1
DONE rendering. ok=1 fail=0 total_processed=1
marked blocked: pages 0, block-capture pages 0
Render set 1, pages already captured 243, todo 1
DONE. pages=1 blocks=0
marked blocked: pages 0, block-capture pages 0
Render set: 1, already done: 476, todo: 1
DONE rendering. ok=1 fail=0 total_processed=1
marked blocked: pages 0, block-capture pages 0
Render set 1, pages already captured 243, todo 1
DONE. pages=1 blocks=0
marked blocked: pages 0, block-capture pages 0
Render set: 1, already done: 477, todo: 1
DONE rendering. ok=1 fail=0 total_processed=1
marked blocked: pages 0, block-capture pages 0
Render set 1, pages already captured 243, todo 1
DONE. pages=1 blocks=0
marked blocked: pages 0, block-capture pages 0
07:14:53    ✔ procurement-supplier done — render errors 0/3, block errors 0/3
07:15:53 [48/65] redirect — 11 pages
Render set: 1, already done: 478, todo: 1
DONE rendering. ok=1 fail=0 total_processed=1
marked blocked: pages 0, block-capture pages 0
Render set 1, pages already captured 243, todo 1
DONE. pages=1 blocks=0
marked blocked: pages 0, block-capture pages 0
Render set: 1, already done: 479, todo: 1
DONE rendering. ok=1 fail=0 total_processed=1
marked blocked: pages 0, block-capture pages 0
Render set 1, pages already captured 243, todo 1
DONE. pages=1 blocks=0
marked blocked: pages 0, block-capture pages 0
Render set: 1, already done: 480, todo: 1
DONE rendering. ok=1 fail=0 total_processed=1
marked blocked: pages 0, block-capture pages 0
Render set 1, pages already captured 243, todo 1
DONE. pages=1 blocks=0
marked blocked: pages 0, block-capture pages 0
Render set: 1, already done: 481, todo: 1
DONE rendering. ok=1 fail=0 total_processed=1
marked blocked: pages 0, block-capture pages 0
Render set 1, pages already captured 243, todo 1
DONE. pages=1 blocks=0
marked blocked: pages 0, block-capture pages 0
Render set: 1, already done: 482, todo: 1
DONE rendering. ok=1 fail=0 total_processed=1
marked blocked: pages 0, block-capture pages 0
Render set 1, pages already captured 243, todo 1
DONE. pages=1 blocks=0
marked blocked: pages 0, block-capture pages 0
Render set: 1, already done: 483, todo: 1
DONE rendering. ok=1 fail=0 total_processed=1
marked blocked: pages 0, block-capture pages 0
Render set 1, pages already captured 243, todo 1
DONE. pages=1 blocks=0
marked blocked: pages 0, block-capture pages 0
Render set: 1, already done: 484, todo: 1
DONE rendering. ok=1 fail=0 total_processed=1
marked blocked: pages 0, block-capture pages 0
Render set 1, pages already captured 243, todo 1
DONE. pages=1 blocks=0
marked blocked: pages 0, block-capture pages 0
Render set: 1, already done: 485, todo: 1
DONE rendering. ok=1 fail=0 total_processed=1
marked blocked: pages 0, block-capture pages 0
Render set 1, pages already captured 243, todo 1
DONE. pages=1 blocks=0
marked blocked: pages 0, block-capture pages 0
Render set: 1, already done: 486, todo: 1
DONE rendering. ok=1 fail=0 total_processed=1
marked blocked: pages 0, block-capture pages 0
Render set 1, pages already captured 243, todo 1
DONE. pages=1 blocks=0
marked blocked: pages 0, block-capture pages 0
Render set: 1, already done: 487, todo: 1
DONE rendering. ok=1 fail=0 total_processed=1
marked blocked: pages 0, block-capture pages 0
Render set 1, pages already captured 243, todo 1
DONE. pages=1 blocks=0
marked blocked: pages 0, block-capture pages 0
07:20:49    redirect: 10/11
Render set: 1, already done: 488, todo: 1
DONE rendering. ok=1 fail=0 total_processed=1
marked blocked: pages 0, block-capture pages 0
Render set 1, pages already captured 243, todo 1
DONE. pages=1 blocks=0
marked blocked: pages 0, block-capture pages 0
07:21:17    ✔ redirect done — render errors 0/11, block errors 0/11
07:22:17 [49/65] reservation-ticketing-terms-and-conditions — 1 pages
Render set: 1, already done: 489, todo: 1
DONE rendering. ok=1 fail=0 total_processed=1
marked blocked: pages 0, block-capture pages 0
Render set 1, pages already captured 243, todo 1
DONE. pages=1 blocks=2
marked blocked: pages 0, block-capture pages 0
07:22:58    ✔ reservation-ticketing-terms-and-conditions done — render errors 0/1, block errors 0/1
07:23:58 [50/65] royal-orchid-plus — 7 pages
Render set: 1, already done: 490, todo: 1
DONE rendering. ok=1 fail=0 total_processed=1
marked blocked: pages 0, block-capture pages 0
Render set 1, pages already captured 244, todo 1
DONE. pages=1 blocks=2
marked blocked: pages 0, block-capture pages 0
Render set: 1, already done: 491, todo: 1
DONE rendering. ok=1 fail=0 total_processed=1
marked blocked: pages 0, block-capture pages 0
Render set 1, pages already captured 245, todo 1
DONE. pages=1 blocks=0
marked blocked: pages 0, block-capture pages 0
Render set: 1, already done: 492, todo: 1
DONE rendering. ok=1 fail=0 total_processed=1
marked blocked: pages 0, block-capture pages 0
Render set 1, pages already captured 245, todo 1
DONE. pages=1 blocks=2
marked blocked: pages 0, block-capture pages 0
Render set: 1, already done: 493, todo: 1
DONE rendering. ok=1 fail=0 total_processed=1
marked blocked: pages 0, block-capture pages 0
Render set 1, pages already captured 246, todo 1
DONE. pages=1 blocks=0
marked blocked: pages 0, block-capture pages 0
Render set: 1, already done: 494, todo: 1
DONE rendering. ok=1 fail=0 total_processed=1
marked blocked: pages 0, block-capture pages 0
Render set 1, pages already captured 246, todo 1
DONE. pages=1 blocks=0
marked blocked: pages 0, block-capture pages 0
Render set: 1, already done: 495, todo: 1
DONE rendering. ok=1 fail=0 total_processed=1
marked blocked: pages 0, block-capture pages 0
Render set 1, pages already captured 246, todo 1
DONE. pages=1 blocks=0
marked blocked: pages 0, block-capture pages 0
Render set: 1, already done: 496, todo: 1
DONE rendering. ok=1 fail=0 total_processed=1
marked blocked: pages 0, block-capture pages 0
Render set 1, pages already captured 246, todo 1
DONE. pages=1 blocks=7
marked blocked: pages 0, block-capture pages 0
07:28:39    ✔ royal-orchid-plus done — render errors 0/7, block errors 0/7
07:29:40 [51/65] royal-orchid-plus-terms-and-conditions — 1 pages
Render set: 1, already done: 497, todo: 1
DONE rendering. ok=1 fail=0 total_processed=1
marked blocked: pages 0, block-capture pages 0
Render set 1, pages already captured 247, todo 1
DONE. pages=1 blocks=2
marked blocked: pages 0, block-capture pages 0
07:30:21    ✔ royal-orchid-plus-terms-and-conditions done — render errors 0/1, block errors 0/1
07:31:21 [52/65] search — 1 pages
Render set: 1, already done: 498, todo: 1
marked blocked: pages 0, block-capture pages 0
08:33:56 ▶ start: 65 sub-sections under /th-th/content/
08:33:56 [52/65] search — 1 pages
node:internal/modules/cjs/loader:1568
  throw err;
  ^

Error: Cannot find module '/home/node/.claude/skills/site-analysis-dashboard/scripts/render-pages.js'
    at Module._resolveFilename (node:internal/modules/cjs/loader:1564:15)
    at wrapResolveFilename (node:internal/modules/cjs/loader:1118:27)
    at defaultResolveImplForCJSLoading (node:internal/modules/cjs/loader:1142:10)
    at resolveForCJSWithHooks (node:internal/modules/cjs/loader:1169:12)
    at Module._load (node:internal/modules/cjs/loader:1341:5)
    at wrapModuleLoad (node:internal/modules/cjs/loader:261:19)
    at Module.executeUserEntryPoint [as runMain] (node:internal/modules/run_main:154:5)
    at node:internal/main/run_main_module:33:47 {
  code: 'MODULE_NOT_FOUND',
  requireStack: []
}

Node.js v24.21.0
marked blocked: pages 0, block-capture pages 0
08:34:07    ✔ search done — render errors 0/1, block errors 0/1
08:35:08 [53/65] special-assistance — 10 pages
node:internal/modules/cjs/loader:1568
  throw err;
  ^

Error: Cannot find module '/home/node/.claude/skills/site-analysis-dashboard/scripts/render-pages.js'
    at Module._resolveFilename (node:internal/modules/cjs/loader:1564:15)
    at wrapResolveFilename (node:internal/modules/cjs/loader:1118:27)
    at defaultResolveImplForCJSLoading (node:internal/modules/cjs/loader:1142:10)
    at resolveForCJSWithHooks (node:internal/modules/cjs/loader:1169:12)
    at Module._load (node:internal/modules/cjs/loader:1341:5)
    at wrapModuleLoad (node:internal/modules/cjs/loader:261:19)
    at Module.executeUserEntryPoint [as runMain] (node:internal/modules/run_main:154:5)
    at node:internal/main/run_main_module:33:47 {
  code: 'MODULE_NOT_FOUND',
  requireStack: []
}

Node.js v24.21.0
marked blocked: pages 0, block-capture pages 0
node:internal/modules/cjs/loader:1568
  throw err;
  ^

Error: Cannot find module '/home/node/.claude/skills/site-analysis-dashboard/scripts/render-pages.js'
    at Module._resolveFilename (node:internal/modules/cjs/loader:1564:15)
    at wrapResolveFilename (node:internal/modules/cjs/loader:1118:27)
    at defaultResolveImplForCJSLoading (node:internal/modules/cjs/loader:1142:10)
    at resolveForCJSWithHooks (node:internal/modules/cjs/loader:1169:12)
    at Module._load (node:internal/modules/cjs/loader:1341:5)
    at wrapModuleLoad (node:internal/modules/cjs/loader:261:19)
    at Module.executeUserEntryPoint [as runMain] (node:internal/modules/run_main:154:5)
    at node:internal/main/run_main_module:33:47 {
  code: 'MODULE_NOT_FOUND',
  requireStack: []
}

Node.js v24.21.0
marked blocked: pages 0, block-capture pages 0
node:internal/modules/cjs/loader:1568
  throw err;
  ^

Error: Cannot find module '/home/node/.claude/skills/site-analysis-dashboard/scripts/render-pages.js'
    at Module._resolveFilename (node:internal/modules/cjs/loader:1564:15)
    at wrapResolveFilename (node:internal/modules/cjs/loader:1118:27)
    at defaultResolveImplForCJSLoading (node:internal/modules/cjs/loader:1142:10)
    at resolveForCJSWithHooks (node:internal/modules/cjs/loader:1169:12)
    at Module._load (node:internal/modules/cjs/loader:1341:5)
    at wrapModuleLoad (node:internal/modules/cjs/loader:261:19)
    at Module.executeUserEntryPoint [as runMain] (node:internal/modules/run_main:154:5)
    at node:internal/main/run_main_module:33:47 {
  code: 'MODULE_NOT_FOUND',
  requireStack: []
}

Node.js v24.21.0
marked blocked: pages 0, block-capture pages 0
node:internal/modules/cjs/loader:1568
  throw err;
  ^

Error: Cannot find module '/home/node/.claude/skills/site-analysis-dashboard/scripts/render-pages.js'
    at Module._resolveFilename (node:internal/modules/cjs/loader:1564:15)
    at wrapResolveFilename (node:internal/modules/cjs/loader:1118:27)
    at defaultResolveImplForCJSLoading (node:internal/modules/cjs/loader:1142:10)
    at resolveForCJSWithHooks (node:internal/modules/cjs/loader:1169:12)
    at Module._load (node:internal/modules/cjs/loader:1341:5)
    at wrapModuleLoad (node:internal/modules/cjs/loader:261:19)
    at Module.executeUserEntryPoint [as runMain] (node:internal/modules/run_main:154:5)
    at node:internal/main/run_main_module:33:47 {
  code: 'MODULE_NOT_FOUND',
  requireStack: []
}

Node.js v24.21.0
marked blocked: pages 0, block-capture pages 0
node:internal/modules/cjs/loader:1568
  throw err;
  ^

Error: Cannot find module '/home/node/.claude/skills/site-analysis-dashboard/scripts/render-pages.js'
    at Module._resolveFilename (node:internal/modules/cjs/loader:1564:15)
    at wrapResolveFilename (node:internal/modules/cjs/loader:1118:27)
    at defaultResolveImplForCJSLoading (node:internal/modules/cjs/loader:1142:10)
    at resolveForCJSWithHooks (node:internal/modules/cjs/loader:1169:12)
    at Module._load (node:internal/modules/cjs/loader:1341:5)
    at wrapModuleLoad (node:internal/modules/cjs/loader:261:19)
    at Module.executeUserEntryPoint [as runMain] (node:internal/modules/run_main:154:5)
    at node:internal/main/run_main_module:33:47 {
  code: 'MODULE_NOT_FOUND',
  requireStack: []
}

Node.js v24.21.0
marked blocked: pages 0, block-capture pages 0
node:internal/modules/cjs/loader:1568
  throw err;
  ^

Error: Cannot find module '/home/node/.claude/skills/site-analysis-dashboard/scripts/render-pages.js'
    at Module._resolveFilename (node:internal/modules/cjs/loader:1564:15)
    at wrapResolveFilename (node:internal/modules/cjs/loader:1118:27)
    at defaultResolveImplForCJSLoading (node:internal/modules/cjs/loader:1142:10)
    at resolveForCJSWithHooks (node:internal/modules/cjs/loader:1169:12)
    at Module._load (node:internal/modules/cjs/loader:1341:5)
    at wrapModuleLoad (node:internal/modules/cjs/loader:261:19)
    at Module.executeUserEntryPoint [as runMain] (node:internal/modules/run_main:154:5)
    at node:internal/main/run_main_module:33:47 {
  code: 'MODULE_NOT_FOUND',
  requireStack: []
}

Node.js v24.21.0
marked blocked: pages 0, block-capture pages 0
node:internal/modules/cjs/loader:1568
  throw err;
  ^

Error: Cannot find module '/home/node/.claude/skills/site-analysis-dashboard/scripts/render-pages.js'
    at Module._resolveFilename (node:internal/modules/cjs/loader:1564:15)
    at wrapResolveFilename (node:internal/modules/cjs/loader:1118:27)
    at defaultResolveImplForCJSLoading (node:internal/modules/cjs/loader:1142:10)
    at resolveForCJSWithHooks (node:internal/modules/cjs/loader:1169:12)
    at Module._load (node:internal/modules/cjs/loader:1341:5)
    at wrapModuleLoad (node:internal/modules/cjs/loader:261:19)
    at Module.executeUserEntryPoint [as runMain] (node:internal/modules/run_main:154:5)
    at node:internal/main/run_main_module:33:47 {
  code: 'MODULE_NOT_FOUND',
  requireStack: []
}

Node.js v24.21.0
marked blocked: pages 0, block-capture pages 0
node:internal/modules/cjs/loader:1568
  throw err;
  ^

Error: Cannot find module '/home/node/.claude/skills/site-analysis-dashboard/scripts/render-pages.js'
    at Module._resolveFilename (node:internal/modules/cjs/loader:1564:15)
    at wrapResolveFilename (node:internal/modules/cjs/loader:1118:27)
    at defaultResolveImplForCJSLoading (node:internal/modules/cjs/loader:1142:10)
    at resolveForCJSWithHooks (node:internal/modules/cjs/loader:1169:12)
    at Module._load (node:internal/modules/cjs/loader:1341:5)
    at wrapModuleLoad (node:internal/modules/cjs/loader:261:19)
    at Module.executeUserEntryPoint [as runMain] (node:internal/modules/run_main:154:5)
    at node:internal/main/run_main_module:33:47 {
  code: 'MODULE_NOT_FOUND',
  requireStack: []
}

Node.js v24.21.0
marked blocked: pages 0, block-capture pages 0
node:internal/modules/cjs/loader:1568
  throw err;
  ^

Error: Cannot find module '/home/node/.claude/skills/site-analysis-dashboard/scripts/render-pages.js'
    at Module._resolveFilename (node:internal/modules/cjs/loader:1564:15)
    at wrapResolveFilename (node:internal/modules/cjs/loader:1118:27)
    at defaultResolveImplForCJSLoading (node:internal/modules/cjs/loader:1142:10)
    at resolveForCJSWithHooks (node:internal/modules/cjs/loader:1169:12)
    at Module._load (node:internal/modules/cjs/loader:1341:5)
    at wrapModuleLoad (node:internal/modules/cjs/loader:261:19)
    at Module.executeUserEntryPoint [as runMain] (node:internal/modules/run_main:154:5)
    at node:internal/main/run_main_module:33:47 {
  code: 'MODULE_NOT_FOUND',
  requireStack: []
}

Node.js v24.21.0
marked blocked: pages 0, block-capture pages 0
node:internal/modules/cjs/loader:1568
  throw err;
  ^

Error: Cannot find module '/home/node/.claude/skills/site-analysis-dashboard/scripts/render-pages.js'
    at Module._resolveFilename (node:internal/modules/cjs/loader:1564:15)
    at wrapResolveFilename (node:internal/modules/cjs/loader:1118:27)
    at defaultResolveImplForCJSLoading (node:internal/modules/cjs/loader:1142:10)
    at resolveForCJSWithHooks (node:internal/modules/cjs/loader:1169:12)
    at Module._load (node:internal/modules/cjs/loader:1341:5)
    at wrapModuleLoad (node:internal/modules/cjs/loader:261:19)
    at Module.executeUserEntryPoint [as runMain] (node:internal/modules/run_main:154:5)
    at node:internal/main/run_main_module:33:47 {
  code: 'MODULE_NOT_FOUND',
  requireStack: []
}

Node.js v24.21.0
marked blocked: pages 0, block-capture pages 0
08:36:57    special-assistance: 10/10
08:36:57    ✔ special-assistance done — render errors 0/10, block errors 0/10
08:37:58 [54/65] spend-miles — 8 pages
node:internal/modules/cjs/loader:1568
  throw err;
  ^

Error: Cannot find module '/home/node/.claude/skills/site-analysis-dashboard/scripts/render-pages.js'
    at Module._resolveFilename (node:internal/modules/cjs/loader:1564:15)
    at wrapResolveFilename (node:internal/modules/cjs/loader:1118:27)
    at defaultResolveImplForCJSLoading (node:internal/modules/cjs/loader:1142:10)
    at resolveForCJSWithHooks (node:internal/modules/cjs/loader:1169:12)
    at Module._load (node:internal/modules/cjs/loader:1341:5)
    at wrapModuleLoad (node:internal/modules/cjs/loader:261:19)
    at Module.executeUserEntryPoint [as runMain] (node:internal/modules/run_main:154:5)
    at node:internal/main/run_main_module:33:47 {
  code: 'MODULE_NOT_FOUND',
  requireStack: []
}

Node.js v24.21.0
marked blocked: pages 0, block-capture pages 0
marked blocked: pages 0, block-capture pages 0
08:38:55 ▶ start: 65 sub-sections under /th-th/content/
08:38:55 [52/65] search — 1 pages
Render set: 1, already done: 498, todo: 1
DONE rendering. ok=0 fail=1 total_processed=1
marked blocked: pages 0, block-capture pages 0
08:43:23 ▶ start: 65 sub-sections under /th-th/content/
08:43:24 [52/65] search — 1 pages
08:43:24    ✔ search done — render errors 2/1, block errors 0/1
08:44:24 [53/65] special-assistance — 10 pages
Render set: 1, already done: 499, todo: 1
DONE rendering. ok=1 fail=0 total_processed=1
marked blocked: pages 0, block-capture pages 0
Render set 1, pages already captured 248, todo 1
DONE. pages=1 blocks=7
marked blocked: pages 0, block-capture pages 0
Render set: 1, already done: 500, todo: 1
DONE rendering. ok=1 fail=0 total_processed=1
marked blocked: pages 0, block-capture pages 0
Render set 1, pages already captured 249, todo 1
DONE. pages=1 blocks=2
marked blocked: pages 0, block-capture pages 0
Render set: 1, already done: 501, todo: 1
DONE rendering. ok=1 fail=0 total_processed=1
marked blocked: pages 0, block-capture pages 0
Render set 1, pages already captured 250, todo 1
DONE. pages=1 blocks=0
marked blocked: pages 0, block-capture pages 0
Render set: 1, already done: 502, todo: 1
DONE rendering. ok=1 fail=0 total_processed=1
marked blocked: pages 0, block-capture pages 0
Render set 1, pages already captured 250, todo 1
DONE. pages=1 blocks=9
marked blocked: pages 0, block-capture pages 0
Render set: 1, already done: 503, todo: 1
DONE rendering. ok=1 fail=0 total_processed=1
marked blocked: pages 0, block-capture pages 0
Render set 1, pages already captured 251, todo 1
DONE. pages=1 blocks=2
marked blocked: pages 0, block-capture pages 0
Render set: 1, already done: 504, todo: 1
DONE rendering. ok=1 fail=0 total_processed=1
marked blocked: pages 0, block-capture pages 0
Render set 1, pages already captured 252, todo 1
DONE. pages=1 blocks=3
marked blocked: pages 0, block-capture pages 0
Render set: 1, already done: 505, todo: 1
DONE rendering. ok=1 fail=0 total_processed=1
marked blocked: pages 0, block-capture pages 0
Render set 1, pages already captured 253, todo 1
DONE. pages=1 blocks=2
marked blocked: pages 0, block-capture pages 0
Render set: 1, already done: 506, todo: 1
DONE rendering. ok=1 fail=0 total_processed=1
marked blocked: pages 0, block-capture pages 0
Render set 1, pages already captured 254, todo 1
DONE. pages=1 blocks=0
marked blocked: pages 0, block-capture pages 0
Render set: 1, already done: 507, todo: 1
DONE rendering. ok=1 fail=0 total_processed=1
marked blocked: pages 0, block-capture pages 0
Render set 1, pages already captured 254, todo 1
DONE. pages=1 blocks=1
marked blocked: pages 0, block-capture pages 0
Render set: 1, already done: 508, todo: 1
DONE rendering. ok=1 fail=0 total_processed=1
marked blocked: pages 0, block-capture pages 0
Render set 1, pages already captured 255, todo 1
DONE. pages=1 blocks=1
marked blocked: pages 0, block-capture pages 0
08:51:17    special-assistance: 10/10
08:51:17    ✔ special-assistance done — render errors 0/10, block errors 0/10
08:52:17 [54/65] spend-miles — 8 pages
Render set: 1, already done: 509, todo: 1
DONE rendering. ok=1 fail=0 total_processed=1
marked blocked: pages 0, block-capture pages 0
Render set 1, pages already captured 256, todo 1
DONE. pages=1 blocks=7
marked blocked: pages 0, block-capture pages 0
Render set: 1, already done: 510, todo: 1
DONE rendering. ok=1 fail=0 total_processed=1
marked blocked: pages 0, block-capture pages 0
Render set 1, pages already captured 257, todo 1
DONE. pages=1 blocks=1
marked blocked: pages 0, block-capture pages 0
Render set: 1, already done: 511, todo: 1
DONE rendering. ok=1 fail=0 total_processed=1
marked blocked: pages 0, block-capture pages 0
Render set 1, pages already captured 258, todo 1
DONE. pages=1 blocks=1
marked blocked: pages 0, block-capture pages 0
Render set: 1, already done: 512, todo: 1
DONE rendering. ok=1 fail=0 total_processed=1
marked blocked: pages 0, block-capture pages 0
Render set 1, pages already captured 259, todo 1
DONE. pages=1 blocks=2
marked blocked: pages 0, block-capture pages 0
Render set: 1, already done: 513, todo: 1
DONE rendering. ok=1 fail=0 total_processed=1
marked blocked: pages 0, block-capture pages 0
Render set 1, pages already captured 260, todo 1
DONE. pages=1 blocks=4
marked blocked: pages 0, block-capture pages 0
Render set: 1, already done: 514, todo: 1
DONE rendering. ok=1 fail=0 total_processed=1
marked blocked: pages 0, block-capture pages 0
Render set 1, pages already captured 261, todo 1
DONE. pages=1 blocks=2
marked blocked: pages 0, block-capture pages 0
Render set: 1, already done: 515, todo: 1
DONE rendering. ok=1 fail=0 total_processed=1
marked blocked: pages 0, block-capture pages 0
Render set 1, pages already captured 262, todo 1
DONE. pages=1 blocks=1
marked blocked: pages 0, block-capture pages 0
Render set: 1, already done: 516, todo: 1
DONE rendering. ok=1 fail=0 total_processed=1
marked blocked: pages 0, block-capture pages 0
Render set 1, pages already captured 263, todo 1
DONE. pages=1 blocks=0
marked blocked: pages 0, block-capture pages 0
08:57:45    ✔ spend-miles done — render errors 0/8, block errors 0/8
08:58:45 [55/65] star-alliance — 1 pages
Render set: 1, already done: 517, todo: 1
DONE rendering. ok=1 fail=0 total_processed=1
marked blocked: pages 0, block-capture pages 0
Render set 1, pages already captured 263, todo 1
DONE. pages=1 blocks=1
marked blocked: pages 0, block-capture pages 0
08:59:26    ✔ star-alliance done — render errors 0/1, block errors 0/1
09:00:26 [56/65] status — 2 pages
Render set: 1, already done: 518, todo: 1
DONE rendering. ok=1 fail=0 total_processed=1
marked blocked: pages 0, block-capture pages 0
Render set 1, pages already captured 264, todo 1
DONE. pages=1 blocks=0
marked blocked: pages 0, block-capture pages 0
Render set: 1, already done: 519, todo: 1
DONE rendering. ok=1 fail=0 total_processed=1
marked blocked: pages 0, block-capture pages 0
Render set 1, pages already captured 264, todo 1
DONE. pages=1 blocks=2
marked blocked: pages 0, block-capture pages 0
09:01:47    ✔ status done — render errors 0/2, block errors 0/2
09:02:47 [57/65] status-and-benefits — 1 pages
Render set: 1, already done: 520, todo: 1
DONE rendering. ok=1 fail=0 total_processed=1
marked blocked: pages 0, block-capture pages 0
Render set 1, pages already captured 265, todo 1
DONE. pages=1 blocks=0
marked blocked: pages 0, block-capture pages 0
09:03:29    ✔ status-and-benefits done — render errors 0/1, block errors 0/1
09:04:29 [58/65] sustainable-development — 7 pages
Render set: 1, already done: 521, todo: 1
DONE rendering. ok=1 fail=0 total_processed=1
marked blocked: pages 0, block-capture pages 0
Render set 1, pages already captured 265, todo 1
DONE. pages=1 blocks=0
marked blocked: pages 0, block-capture pages 0
Render set: 1, already done: 522, todo: 1
DONE rendering. ok=1 fail=0 total_processed=1
marked blocked: pages 0, block-capture pages 0
Render set 1, pages already captured 265, todo 1
DONE. pages=1 blocks=0
marked blocked: pages 0, block-capture pages 0
Render set: 1, already done: 523, todo: 1
DONE rendering. ok=1 fail=0 total_processed=1
marked blocked: pages 0, block-capture pages 0
Render set 1, pages already captured 265, todo 1
DONE. pages=1 blocks=2
marked blocked: pages 0, block-capture pages 0
Render set: 1, already done: 524, todo: 1
DONE rendering. ok=1 fail=0 total_processed=1
marked blocked: pages 0, block-capture pages 0
Render set 1, pages already captured 266, todo 1
DONE. pages=1 blocks=2
marked blocked: pages 0, block-capture pages 0
Render set: 1, already done: 525, todo: 1
DONE rendering. ok=1 fail=0 total_processed=1
marked blocked: pages 0, block-capture pages 0
Render set 1, pages already captured 267, todo 1
DONE. pages=1 blocks=1
marked blocked: pages 0, block-capture pages 0
Render set: 1, already done: 526, todo: 1
DONE rendering. ok=1 fail=0 total_processed=1
marked blocked: pages 0, block-capture pages 0
Render set 1, pages already captured 268, todo 1
DONE. pages=1 blocks=2
marked blocked: pages 0, block-capture pages 0
Render set: 1, already done: 527, todo: 1
DONE rendering. ok=1 fail=0 total_processed=1
marked blocked: pages 0, block-capture pages 0
Render set 1, pages already captured 269, todo 1
DONE. pages=1 blocks=6
marked blocked: pages 0, block-capture pages 0
09:09:18    ✔ sustainable-development done — render errors 0/7, block errors 0/7
09:10:19 [59/65] terms-and-conditions — 1 pages
Render set: 1, already done: 528, todo: 1
DONE rendering. ok=1 fail=0 total_processed=1
marked blocked: pages 0, block-capture pages 0
Render set 1, pages already captured 270, todo 1
DONE. pages=1 blocks=1
marked blocked: pages 0, block-capture pages 0
09:11:08    ✔ terms-and-conditions done — render errors 0/1, block errors 0/1
09:12:08 [60/65] terms-of-use — 1 pages
Render set: 1, already done: 529, todo: 1
DONE rendering. ok=1 fail=0 total_processed=1
marked blocked: pages 0, block-capture pages 0
Render set 1, pages already captured 271, todo 1
DONE. pages=1 blocks=2
marked blocked: pages 0, block-capture pages 0
09:12:50    ✔ terms-of-use done — render errors 0/1, block errors 0/1
09:13:50 [61/65] tg-ourhistory — 1 pages
Render set: 1, already done: 530, todo: 1
DONE rendering. ok=1 fail=0 total_processed=1
marked blocked: pages 0, block-capture pages 0
Render set 1, pages already captured 272, todo 1
DONE. pages=1 blocks=1
marked blocked: pages 0, block-capture pages 0
09:14:33    ✔ tg-ourhistory done — render errors 0/1, block errors 0/1
09:15:33 [62/65] the-plan-administrator — 1 pages
Render set: 1, already done: 531, todo: 1
DONE rendering. ok=1 fail=0 total_processed=1
marked blocked: pages 0, block-capture pages 0
Render set 1, pages already captured 273, todo 1
DONE. pages=1 blocks=1
marked blocked: pages 0, block-capture pages 0
09:16:15    ✔ the-plan-administrator done — render errors 0/1, block errors 0/1
09:17:15 [63/65] travel-class — 5 pages
Render set: 1, already done: 532, todo: 1
DONE rendering. ok=1 fail=0 total_processed=1
marked blocked: pages 0, block-capture pages 0
Render set 1, pages already captured 274, todo 1
DONE. pages=1 blocks=4
marked blocked: pages 0, block-capture pages 0
Render set: 1, already done: 533, todo: 1
DONE rendering. ok=1 fail=0 total_processed=1
marked blocked: pages 0, block-capture pages 0
Render set 1, pages already captured 275, todo 1
DONE. pages=1 blocks=2
marked blocked: pages 0, block-capture pages 0
Render set: 1, already done: 534, todo: 1
DONE rendering. ok=1 fail=0 total_processed=1
marked blocked: pages 0, block-capture pages 0
Render set 1, pages already captured 276, todo 1
DONE. pages=1 blocks=2
marked blocked: pages 0, block-capture pages 0
Render set: 1, already done: 535, todo: 1
DONE rendering. ok=1 fail=0 total_processed=1
marked blocked: pages 0, block-capture pages 0
Render set 1, pages already captured 277, todo 1
DONE. pages=1 blocks=2
marked blocked: pages 0, block-capture pages 0
Render set: 1, already done: 536, todo: 1
DONE rendering. ok=1 fail=0 total_processed=1
marked blocked: pages 0, block-capture pages 0
Render set 1, pages already captured 278, todo 1
DONE. pages=1 blocks=2
marked blocked: pages 0, block-capture pages 0
09:20:48    ✔ travel-class done — render errors 0/5, block errors 0/5
09:21:48 [64/65] travel-document — 1 pages
Render set: 1, already done: 537, todo: 1
DONE rendering. ok=1 fail=0 total_processed=1
marked blocked: pages 0, block-capture pages 0
Render set 1, pages already captured 279, todo 1
DONE. pages=1 blocks=2
marked blocked: pages 0, block-capture pages 0
09:22:29    ✔ travel-document done — render errors 0/1, block errors 0/1
09:23:29 [65/65] where-we-fly — 5 pages
Render set: 1, already done: 538, todo: 1
DONE rendering. ok=1 fail=0 total_processed=1
marked blocked: pages 0, block-capture pages 0
Render set 1, pages already captured 280, todo 1
DONE. pages=1 blocks=4
marked blocked: pages 0, block-capture pages 0
Render set: 1, already done: 539, todo: 1
DONE rendering. ok=1 fail=0 total_processed=1
marked blocked: pages 0, block-capture pages 0
Render set 1, pages already captured 281, todo 1
DONE. pages=1 blocks=0
marked blocked: pages 0, block-capture pages 0
Render set: 1, already done: 540, todo: 1
DONE rendering. ok=1 fail=0 total_processed=1
marked blocked: pages 0, block-capture pages 0
Render set 1, pages already captured 281, todo 1
DONE. pages=1 blocks=0
marked blocked: pages 0, block-capture pages 0
Render set: 1, already done: 541, todo: 1
DONE rendering. ok=1 fail=0 total_processed=1
marked blocked: pages 0, block-capture pages 0
Render set 1, pages already captured 281, todo 1
DONE. pages=1 blocks=0
marked blocked: pages 0, block-capture pages 0
Render set: 1, already done: 542, todo: 1
DONE rendering. ok=1 fail=0 total_processed=1
marked blocked: pages 0, block-capture pages 0
Render set 1, pages already captured 281, todo 1
DONE. pages=1 blocks=0
marked blocked: pages 0, block-capture pages 0
09:26:56    ✔ where-we-fly done — render errors 0/5, block errors 0/5
09:27:57 ▶ all sections rendered — running remaining dashboard stages
▶ catalog: /backups/xinzhan/literate-octo-memory/repo/.migration/thaiairways-scope
▶ site: https://www.thaiairways.com/th-th/
▶ [1/12] urls-all.json exists — skip crawl
▶ [3/12] render + fingerprint (resumable)
Render set: 543, already done: 543, todo: 0
DONE rendering. ok=0 fail=0 total_processed=0
▶ [4/12] cluster layouts + detect front-end integrations
node:fs:483
    return binding.readFileUtf8(path, stringToFlags(options.flag));
                   ^

Error: ENOENT: no such file or directory, open '/backups/xinzhan/literate-octo-memory/repo/.migration/thaiairways-scope/groups.json'
    at Object.readFileSync (node:fs:483:20)
    at Object.<anonymous> (/backups/xinzhan/literate-octo-memory/repo/.claude/skills/site-analysis-dashboard/scripts/cluster-layouts.js:20:34)
    at Module._compile (node:internal/modules/cjs/loader:1929:14)
    at Object..js (node:internal/modules/cjs/loader:2060:10)
    at Module.load (node:internal/modules/cjs/loader:1651:32)
    at Module._load (node:internal/modules/cjs/loader:1443:12)
    at wrapModuleLoad (node:internal/modules/cjs/loader:261:19)
    at Module.executeUserEntryPoint [as runMain] (node:internal/modules/run_main:154:5)
    at node:internal/main/run_main_module:33:47 {
  errno: -2,
  code: 'ENOENT',
  syscall: 'open',
  path: '/backups/xinzhan/literate-octo-memory/repo/.migration/thaiairways-scope/groups.json'
}

Node.js v24.21.0
▶ [5/12] capture block instances (resumable)
Render set 543, pages already captured 281, todo 262
  [w0] 20/262 pages (blocks captured=15) https://www.thaiairways.com/th-th/content/board-of-directors
  [w0] 40/262 pages (blocks captured=35) https://www.thaiairways.com/th-th/content/government/reserva
  [w0] 60/262 pages (blocks captured=55) https://www.thaiairways.com/th-th/content/more-services/insu
  [w0] 80/262 pages (blocks captured=75) https://www.thaiairways.com/th-th/content/offers-Promotions/
  [w0] 100/262 pages (blocks captured=95) https://www.thaiairways.com/th-th/content/offers-Promotions/
  [w0] 120/262 pages (blocks captured=115) https://www.thaiairways.com/th-th/content/offers-Promotions/
  [w0] 140/262 pages (blocks captured=135) https://www.thaiairways.com/th-th/content/offers-Promotions/
  [w0] 160/262 pages (blocks captured=155) https://www.thaiairways.com/th-th/content/offers-Promotions/
  [w0] 180/262 pages (blocks captured=175) https://www.thaiairways.com/th-th/content/offers-Promotions/
  [w0] 200/262 pages (blocks captured=195) https://www.thaiairways.com/th-th/content/offers-Promotions/
  [w0] 220/262 pages (blocks captured=215) https://www.thaiairways.com/th-th/content/offers-Promotions/
  [w0] 240/262 pages (blocks captured=235) https://www.thaiairways.com/th-th/content/redirect/gift-mile
  [w0] 260/262 pages (blocks captured=255) https://www.thaiairways.com/th-th/content/where-we-fly/europ
DONE. pages=262 blocks=257
▶ [6/12] consolidate block variants
Total block instances: 1110
Total variants: 138

=== Base type -> variants / instances ===
 586 inst   62 variants   text
 379 inst   40 variants   unknown
  76 inst    7 variants   cards
  21 inst    7 variants   media
  20 inst    4 variants   columns
  16 inst    7 variants   tabs
   4 inst    3 variants   accordion
   3 inst    3 variants   table
   2 inst    2 variants   form
   2 inst    2 variants   iframe-embed
   1 inst    1 variants   list

=== Top 20 variants ===
 291 x   text          pages=132   p||aN,iN
 255 x   unknown       pages=255   div|aN.div1|img,hd,aN,iN
  50 x   cards         pages=  7   a|div2.h41|img,aN,iN
  36 x   text          pages= 36   h2||aN,iN
  32 x   unknown       pages= 18   ul|liN|aN,iN
  30 x   text          pages=  4   a|div1.img1|img,aN,iN
  29 x   text          pages=  7   ul|liN|lst,aN,iN
  27 x   text          pages=  9   p|br1|aN,iN
  25 x   text          pages=  7   p|strong1|aN,iN
  19 x   text          pages= 13   p|aN|aN,iN
  18 x   cards         pages=  4   a|div1.h41|img,aN,iN
  16 x   unknown       pages=  4   p|br1.strong2|aN,iN
  14 x   columns       pages= 14   div|div3|img,lst,aN,iN
  14 x   text          pages= 14   h2|p1|aN,iN
  14 x   text          pages=  6   p|br1.strong1|aN,iN
  14 x   unknown       pages= 14   div|img1.span1|img,aN,iN
  10 x   text          pages=  6   ul|liN|aN,iN
   9 x   media         pages=  1   div|div1.h41|img,aN,iN
   6 x   unknown       pages=  4   ol|liN|aN,iN
   6 x   unknown       pages=  1   a|div1.img1|img,aN,iN
▶ [7/12] capture template screenshots
node:fs:483
    return binding.readFileUtf8(path, stringToFlags(options.flag));
                   ^

Error: ENOENT: no such file or directory, open '/backups/xinzhan/literate-octo-memory/repo/.migration/thaiairways-scope/layouts.json'
    at Object.readFileSync (node:fs:483:20)
    at Object.<anonymous> (/backups/xinzhan/literate-octo-memory/repo/.claude/skills/site-analysis-dashboard/scripts/capture-shots.js:12:31)
    at Module._compile (node:internal/modules/cjs/loader:1929:14)
    at Object..js (node:internal/modules/cjs/loader:2060:10)
    at Module.load (node:internal/modules/cjs/loader:1651:32)
    at Module._load (node:internal/modules/cjs/loader:1443:12)
    at wrapModuleLoad (node:internal/modules/cjs/loader:261:19)
    at Module.executeUserEntryPoint [as runMain] (node:internal/modules/run_main:154:5)
    at node:internal/main/run_main_module:33:47 {
  errno: -2,
  code: 'ENOENT',
  syscall: 'open',
  path: '/backups/xinzhan/literate-octo-memory/repo/.migration/thaiairways-scope/layouts.json'
}

Node.js v24.21.0
▶ [8/12] build methodology diagrams
diagram: cards-diagram.jpg ← A block that IS a standard type (Cards)
diagram: unknown-diagram.jpg ← A block that is NOT a standard type (Unknown)
done
▶ [9/12] compute URL-coverage categorisation
inspection.json: 10 template groups | full: 0 sampled: 0 excluded: 10
pages — inspected: 0 skipped: 559 non-200: 0 of 559 urls

=== Template groups (by size) ===
  G00   256  excluded  /{locale}/{section}/{page}/{path…}/{path…}  Locale deep pages
  G01   118  excluded  /{locale}/{section}/{page}/{path…}  Locale deep pages
  G02    83  excluded  /{locale}/{section}/{page}/{slug}  Locale deep pages
  G03    56  excluded  /{locale}/{section}/{page}        Locale sub-pages
  G04    21  excluded  /{locale}/{section}/{slug}        Locale sub-pages
  G05     8  excluded  /{locale}/{section}/{id}/{slug}   Locale deep pages
  G06     6  excluded  /{locale}/{section}/{id}/{path…}  Locale deep pages
  G07     5  excluded  /{locale}/{section}/{page}/{id}/{path…}  Locale deep pages
  G08     5  excluded  /{locale}/{section}/{id}/{id}/{path…}  Locale deep pages
  G09     1  excluded  /{locale}                         Locale homepages
▶ [10/12] capture backend API calls (sample=40, resumable)
Backend sample 40, already done 0, todo 40
  10/40 (ok=10 empty-fail=0)
  20/40 (ok=20 empty-fail=0)
  30/40 (ok=30 empty-fail=0)
  40/40 (ok=40 empty-fail=0)
DONE backend capture. pages=40 ok=40
▶ [10b] consolidate backend integrations -> backend.json
Sampled pages: 40 | first-party domain: thaiairways.com
Probable backend integrations: 7 | unclassified hosts: 5

=== By category ===
  2 First-party platform
  2 Advertising
  1 First-party forms
  1 Analytics
  1 Consent

=== Services (by page coverage) ===
 40pg  First-party forms           Www: Forms / Lead API
  5pg  Analytics                   Google Analytics (GA4)
  4pg  First-party platform        Www: Content / App API
  4pg  First-party platform        Www: Other first-party API
  3pg  Consent                     OneTrust/consent (3rd-party)
  3pg  Advertising                 Google Ads / DoubleClick
  1pg  Advertising                 Meta Conversions
▶ [11/12] compute supplementary data
node:fs:483
    return binding.readFileUtf8(path, stringToFlags(options.flag));
                   ^

Error: ENOENT: no such file or directory, open '/backups/xinzhan/literate-octo-memory/repo/.migration/thaiairways-scope/layouts.json'
    at Object.readFileSync (node:fs:483:20)
    at rd (/backups/xinzhan/literate-octo-memory/repo/.claude/skills/site-analysis-dashboard/scripts/compute-data.js:20:33)
    at Object.<anonymous> (/backups/xinzhan/literate-octo-memory/repo/.claude/skills/site-analysis-dashboard/scripts/compute-data.js:26:17)
    at Module._compile (node:internal/modules/cjs/loader:1929:14)
    at Object..js (node:internal/modules/cjs/loader:2060:10)
    at Module.load (node:internal/modules/cjs/loader:1651:32)
    at Module._load (node:internal/modules/cjs/loader:1443:12)
    at wrapModuleLoad (node:internal/modules/cjs/loader:261:19)
    at Module.executeUserEntryPoint [as runMain] (node:internal/modules/run_main:154:5)
    at node:internal/main/run_main_module:33:47 {
  errno: -2,
  code: 'ENOENT',
  syscall: 'open',
  path: '/backups/xinzhan/literate-octo-memory/repo/.migration/thaiairways-scope/layouts.json'
}

Node.js v24.21.0
▶ [12/12] build dashboard
node:fs:621
  return binding.open(
                 ^

Error: ENOENT: no such file or directory, open '/backups/xinzhan/literate-octo-memory/repo/.migration/thaiairways-scope/groups.json'
    at Object.openSync (node:fs:621:18)
    at Object.readFileSync (node:fs:487:35)
    at Object.<anonymous> (/backups/xinzhan/literate-octo-memory/repo/.claude/skills/site-analysis-dashboard/scripts/build-dashboard.js:23:30)
    at Module._compile (node:internal/modules/cjs/loader:1929:14)
    at Object..js (node:internal/modules/cjs/loader:2060:10)
    at Module.load (node:internal/modules/cjs/loader:1651:32)
    at Module._load (node:internal/modules/cjs/loader:1443:12)
    at wrapModuleLoad (node:internal/modules/cjs/loader:261:19)
    at Module.executeUserEntryPoint [as runMain] (node:internal/modules/run_main:154:5)
    at node:internal/main/run_main_module:33:47 {
  errno: -2,
  code: 'ENOENT',
  syscall: 'open',
  path: '/backups/xinzhan/literate-octo-memory/repo/.migration/thaiairways-scope/groups.json'
}

Node.js v24.21.0
✅ done.
10:17:31 ▶ pipeline finished (exit 0)
marked blocked: pages 0, block-capture pages 0
03:58:58 ▶ start: 65 sub-sections under /th-th/content/
03:58:58 [1/65] about-royal-orchid-plus — 10 pages
Render set: 1, already done: 284, todo: 1
DONE rendering. ok=1 fail=0 total_processed=1
marked blocked: pages 0, block-capture pages 0
Render set 1, pages already captured 284, todo 1
DONE. pages=1 blocks=6
marked blocked: pages 0, block-capture pages 0
Render set: 1, already done: 285, todo: 1
DONE rendering. ok=1 fail=0 total_processed=1
marked blocked: pages 0, block-capture pages 0
Render set 1, pages already captured 285, todo 1
DONE. pages=1 blocks=4
marked blocked: pages 0, block-capture pages 0
04:00:34    about-royal-orchid-plus: 10/10
04:00:34    ✔ about-royal-orchid-plus done — render errors 0/10, block errors 0/10
04:01:34 [3/65] baggage — 10 pages
Render set: 1, already done: 286, todo: 1
DONE rendering. ok=1 fail=0 total_processed=1
marked blocked: pages 0, block-capture pages 0
Render set 1, pages already captured 286, todo 1
DONE. pages=1 blocks=5
marked blocked: pages 0, block-capture pages 0
Render set: 1, already done: 287, todo: 1
DONE rendering. ok=1 fail=0 total_processed=1
marked blocked: pages 0, block-capture pages 0
Render set 1, pages already captured 287, todo 1
DONE. pages=1 blocks=5
marked blocked: pages 0, block-capture pages 0
Render set: 1, already done: 288, todo: 1
DONE rendering. ok=1 fail=0 total_processed=1
marked blocked: pages 0, block-capture pages 0
Render set 1, pages already captured 288, todo 1
DONE. pages=1 blocks=1
marked blocked: pages 0, block-capture pages 0
Render set: 1, already done: 289, todo: 1
DONE rendering. ok=1 fail=0 total_processed=1
marked blocked: pages 0, block-capture pages 0
Render set 1, pages already captured 289, todo 1
DONE. pages=1 blocks=5
marked blocked: pages 0, block-capture pages 0
04:04:44    baggage: 10/10
04:04:44    ✔ baggage done — render errors 0/10, block errors 0/10
04:05:44 [4/65] board-of-directors — 20 pages
Render set: 1, already done: 290, todo: 1
DONE rendering. ok=1 fail=0 total_processed=1
marked blocked: pages 0, block-capture pages 0
Render set 1, pages already captured 290, todo 1
DONE. pages=1 blocks=4
marked blocked: pages 0, block-capture pages 0
Render set: 1, already done: 291, todo: 1
DONE rendering. ok=1 fail=0 total_processed=1
marked blocked: pages 0, block-capture pages 0
Render set 1, pages already captured 291, todo 1
DONE. pages=1 blocks=4
marked blocked: pages 0, block-capture pages 0
Render set: 1, already done: 292, todo: 1
DONE rendering. ok=1 fail=0 total_processed=1
marked blocked: pages 0, block-capture pages 0
Render set 1, pages already captured 292, todo 1
DONE. pages=1 blocks=5
marked blocked: pages 0, block-capture pages 0
Render set: 1, already done: 293, todo: 1
DONE rendering. ok=1 fail=0 total_processed=1
marked blocked: pages 0, block-capture pages 0
Render set 1, pages already captured 293, todo 1
DONE. pages=1 blocks=5
marked blocked: pages 0, block-capture pages 0
Render set: 1, already done: 294, todo: 1
DONE rendering. ok=1 fail=0 total_processed=1
marked blocked: pages 0, block-capture pages 0
Render set 1, pages already captured 294, todo 1
DONE. pages=1 blocks=4
marked blocked: pages 0, block-capture pages 0
Render set: 1, already done: 295, todo: 1
DONE rendering. ok=1 fail=0 total_processed=1
marked blocked: pages 0, block-capture pages 0
Render set 1, pages already captured 295, todo 1
DONE. pages=1 blocks=3
marked blocked: pages 0, block-capture pages 0
Render set: 1, already done: 296, todo: 1
DONE rendering. ok=1 fail=0 total_processed=1
marked blocked: pages 0, block-capture pages 0
Render set 1, pages already captured 296, todo 1
DONE. pages=1 blocks=4
marked blocked: pages 0, block-capture pages 0
Render set: 1, already done: 297, todo: 1
DONE rendering. ok=1 fail=0 total_processed=1
marked blocked: pages 0, block-capture pages 0
Render set 1, pages already captured 297, todo 1
DONE. pages=1 blocks=4
marked blocked: pages 0, block-capture pages 0
Render set: 1, already done: 298, todo: 1
DONE rendering. ok=1 fail=0 total_processed=1
marked blocked: pages 0, block-capture pages 0
Render set 1, pages already captured 298, todo 1
DONE. pages=1 blocks=1
marked blocked: pages 0, block-capture pages 0
04:12:50    board-of-directors: 10/20
Render set: 1, already done: 299, todo: 1
DONE rendering. ok=1 fail=0 total_processed=1
marked blocked: pages 0, block-capture pages 0
Render set 1, pages already captured 299, todo 1
DONE. pages=1 blocks=5
marked blocked: pages 0, block-capture pages 0
Render set: 1, already done: 300, todo: 1
DONE rendering. ok=1 fail=0 total_processed=1
marked blocked: pages 0, block-capture pages 0
Render set 1, pages already captured 300, todo 1
DONE. pages=1 blocks=4
marked blocked: pages 0, block-capture pages 0
Render set: 1, already done: 301, todo: 1
DONE rendering. ok=1 fail=0 total_processed=1
marked blocked: pages 0, block-capture pages 0
Render set 1, pages already captured 301, todo 1
DONE. pages=1 blocks=5
marked blocked: pages 0, block-capture pages 0
Render set: 1, already done: 302, todo: 1
DONE rendering. ok=1 fail=0 total_processed=1
marked blocked: pages 0, block-capture pages 0
Render set 1, pages already captured 302, todo 1
DONE. pages=1 blocks=5
marked blocked: pages 0, block-capture pages 0
Render set: 1, already done: 303, todo: 1
DONE rendering. ok=1 fail=0 total_processed=1
marked blocked: pages 0, block-capture pages 0
Render set 1, pages already captured 303, todo 1
DONE. pages=1 blocks=5
marked blocked: pages 0, block-capture pages 0
Render set: 1, already done: 304, todo: 1
DONE rendering. ok=1 fail=0 total_processed=1
marked blocked: pages 0, block-capture pages 0
Render set 1, pages already captured 304, todo 1
DONE. pages=1 blocks=5
marked blocked: pages 0, block-capture pages 0
Render set: 1, already done: 305, todo: 1
DONE rendering. ok=1 fail=0 total_processed=1
marked blocked: pages 0, block-capture pages 0
Render set 1, pages already captured 305, todo 1
DONE. pages=1 blocks=5
marked blocked: pages 0, block-capture pages 0
Render set: 1, already done: 306, todo: 1
DONE rendering. ok=1 fail=0 total_processed=1
marked blocked: pages 0, block-capture pages 0
Render set 1, pages already captured 306, todo 1
DONE. pages=1 blocks=4
marked blocked: pages 0, block-capture pages 0
Render set: 1, already done: 307, todo: 1
DONE rendering. ok=1 fail=0 total_processed=1
marked blocked: pages 0, block-capture pages 0
Render set 1, pages already captured 307, todo 1
DONE. pages=1 blocks=5
marked blocked: pages 0, block-capture pages 0
Render set: 1, already done: 308, todo: 1
DONE rendering. ok=1 fail=0 total_processed=1
marked blocked: pages 0, block-capture pages 0
Render set 1, pages already captured 308, todo 1
DONE. pages=1 blocks=6
marked blocked: pages 0, block-capture pages 0
04:20:43    board-of-directors: 20/20
04:20:43    ✔ board-of-directors done — render errors 0/20, block errors 0/20
04:21:43 [6/65] book-flight — 2 pages
Render set: 1, already done: 309, todo: 1
DONE rendering. ok=1 fail=0 total_processed=1
marked blocked: pages 0, block-capture pages 0
Render set 1, pages already captured 309, todo 1
DONE. pages=1 blocks=1
marked blocked: pages 0, block-capture pages 0
04:22:25    ✔ book-flight done — render errors 0/2, block errors 0/2
04:23:25 [16/65] earn-miles — 54 pages
Render set: 1, already done: 310, todo: 1
DONE rendering. ok=1 fail=0 total_processed=1
marked blocked: pages 0, block-capture pages 0
Render set 1, pages already captured 310, todo 1
DONE. pages=1 blocks=4
marked blocked: pages 0, block-capture pages 0
Render set: 1, already done: 311, todo: 1
DONE rendering. ok=1 fail=0 total_processed=1
marked blocked: pages 0, block-capture pages 0
Render set 1, pages already captured 311, todo 1
DONE. pages=1 blocks=7
marked blocked: pages 0, block-capture pages 0
Render set: 1, already done: 312, todo: 1
DONE rendering. ok=1 fail=0 total_processed=1
marked blocked: pages 0, block-capture pages 0
Render set 1, pages already captured 312, todo 1
DONE. pages=1 blocks=4
marked blocked: pages 0, block-capture pages 0
Render set: 1, already done: 313, todo: 1
DONE rendering. ok=1 fail=0 total_processed=1
marked blocked: pages 0, block-capture pages 0
Render set 1, pages already captured 313, todo 1
DONE. pages=1 blocks=5
marked blocked: pages 0, block-capture pages 0
04:26:35    earn-miles: 10/54
Render set: 1, already done: 314, todo: 1
DONE rendering. ok=1 fail=0 total_processed=1
marked blocked: pages 0, block-capture pages 0
Render set 1, pages already captured 314, todo 1
DONE. pages=1 blocks=6
marked blocked: pages 0, block-capture pages 0
04:27:26    earn-miles: 20/54
04:27:29    earn-miles: 30/54
Render set: 1, already done: 315, todo: 1
DONE rendering. ok=1 fail=0 total_processed=1
marked blocked: pages 0, block-capture pages 0
Render set 1, pages already captured 315, todo 1
DONE. pages=1 blocks=5
marked blocked: pages 0, block-capture pages 0
04:28:20    earn-miles: 40/54
04:28:23    earn-miles: 50/54
Render set: 1, already done: 316, todo: 1
DONE rendering. ok=1 fail=0 total_processed=1
marked blocked: pages 0, block-capture pages 0
Render set 1, pages already captured 316, todo 1
DONE. pages=1 blocks=5
marked blocked: pages 0, block-capture pages 0
04:29:10    ✔ earn-miles done — render errors 0/54, block errors 0/54
04:30:11 [18/65] good-corporate-governance — 11 pages
Render set: 1, already done: 317, todo: 1
DONE rendering. ok=1 fail=0 total_processed=1
marked blocked: pages 0, block-capture pages 0
Render set 1, pages already captured 317, todo 1
DONE. pages=1 blocks=4
marked blocked: pages 0, block-capture pages 0
Render set: 1, already done: 318, todo: 1
DONE rendering. ok=1 fail=0 total_processed=1
marked blocked: pages 0, block-capture pages 0
Render set 1, pages already captured 318, todo 1
DONE. pages=1 blocks=5
marked blocked: pages 0, block-capture pages 0
Render set: 1, already done: 319, todo: 1
DONE rendering. ok=1 fail=0 total_processed=1
marked blocked: pages 0, block-capture pages 0
Render set 1, pages already captured 319, todo 1
DONE. pages=1 blocks=5
marked blocked: pages 0, block-capture pages 0
04:32:36    good-corporate-governance: 10/11
Render set: 1, already done: 320, todo: 1
DONE rendering. ok=1 fail=0 total_processed=1
marked blocked: pages 0, block-capture pages 0
Render set 1, pages already captured 320, todo 1
DONE. pages=1 blocks=0
marked blocked: pages 0, block-capture pages 0
04:33:23    ✔ good-corporate-governance done — render errors 0/11, block errors 0/11
04:34:23 [19/65] government — 17 pages
Render set: 1, already done: 321, todo: 1
DONE rendering. ok=1 fail=0 total_processed=1
marked blocked: pages 0, block-capture pages 0
Render set 1, pages already captured 320, todo 1
DONE. pages=1 blocks=0
marked blocked: pages 0, block-capture pages 0
Render set: 1, already done: 322, todo: 1
DONE rendering. ok=1 fail=0 total_processed=1
marked blocked: pages 0, block-capture pages 0
Render set 1, pages already captured 320, todo 1
DONE. pages=1 blocks=1
marked blocked: pages 0, block-capture pages 0
Render set: 1, already done: 323, todo: 1
DONE rendering. ok=1 fail=0 total_processed=1
marked blocked: pages 0, block-capture pages 0
Render set 1, pages already captured 321, todo 1
DONE. pages=1 blocks=9
marked blocked: pages 0, block-capture pages 0
04:36:42    government: 10/17
Render set: 1, already done: 324, todo: 1
DONE rendering. ok=1 fail=0 total_processed=1
marked blocked: pages 0, block-capture pages 0
Render set 1, pages already captured 322, todo 1
DONE. pages=1 blocks=4
marked blocked: pages 0, block-capture pages 0
Render set: 1, already done: 325, todo: 1
DONE rendering. ok=1 fail=0 total_processed=1
marked blocked: pages 0, block-capture pages 0
Render set 1, pages already captured 323, todo 1
DONE. pages=1 blocks=4
marked blocked: pages 0, block-capture pages 0
Render set: 1, already done: 326, todo: 1
DONE rendering. ok=1 fail=0 total_processed=1
marked blocked: pages 0, block-capture pages 0
Render set 1, pages already captured 324, todo 1
DONE. pages=1 blocks=4
marked blocked: pages 0, block-capture pages 0
04:39:02    ✔ government done — render errors 0/17, block errors 0/17
04:40:02 [21/65] help — 5 pages
Render set: 1, already done: 327, todo: 1
DONE rendering. ok=1 fail=0 total_processed=1
marked blocked: pages 0, block-capture pages 0
Render set 1, pages already captured 325, todo 1
DONE. pages=1 blocks=6
marked blocked: pages 0, block-capture pages 0
Render set: 1, already done: 328, todo: 1
DONE rendering. ok=1 fail=0 total_processed=1
marked blocked: pages 0, block-capture pages 0
Render set 1, pages already captured 326, todo 1
DONE. pages=1 blocks=4
marked blocked: pages 0, block-capture pages 0
04:41:40    ✔ help done — render errors 0/5, block errors 0/5
04:42:41 [22/65] historical_changed_of_privacy_notice — 1 pages
Render set: 1, already done: 329, todo: 1
DONE rendering. ok=1 fail=0 total_processed=1
marked blocked: pages 0, block-capture pages 0
Render set 1, pages already captured 327, todo 1
DONE. pages=1 blocks=3
marked blocked: pages 0, block-capture pages 0
04:43:27    ✔ historical_changed_of_privacy_notice done — render errors 0/1, block errors 0/1
04:44:27 [25/65] junior-sky-explorer — 1 pages
Render set: 1, already done: 330, todo: 1
DONE rendering. ok=1 fail=0 total_processed=1
marked blocked: pages 0, block-capture pages 0
Render set 1, pages already captured 328, todo 1
DONE. pages=1 blocks=13
marked blocked: pages 0, block-capture pages 0
04:45:16    ✔ junior-sky-explorer done — render errors 0/1, block errors 0/1
04:46:16 [28/65] more-services — 20 pages
Render set: 1, already done: 331, todo: 1
DONE rendering. ok=1 fail=0 total_processed=1
marked blocked: pages 0, block-capture pages 0
Render set 1, pages already captured 329, todo 1
DONE. pages=1 blocks=5
marked blocked: pages 0, block-capture pages 0
Render set: 1, already done: 332, todo: 1
DONE rendering. ok=1 fail=0 total_processed=1
marked blocked: pages 0, block-capture pages 0
Render set 1, pages already captured 330, todo 1
DONE. pages=1 blocks=4
marked blocked: pages 0, block-capture pages 0
Render set: 1, already done: 333, todo: 1
DONE rendering. ok=1 fail=0 total_processed=1
marked blocked: pages 0, block-capture pages 0
Render set 1, pages already captured 331, todo 1
DONE. pages=1 blocks=5
marked blocked: pages 0, block-capture pages 0
Render set: 1, already done: 334, todo: 1
DONE rendering. ok=1 fail=0 total_processed=1
marked blocked: pages 0, block-capture pages 0
Render set 1, pages already captured 332, todo 1
DONE. pages=1 blocks=5
marked blocked: pages 0, block-capture pages 0
04:49:32    more-services: 10/20
Render set: 1, already done: 335, todo: 1
DONE rendering. ok=1 fail=0 total_processed=1
marked blocked: pages 0, block-capture pages 0
Render set 1, pages already captured 333, todo 1
DONE. pages=1 blocks=4
marked blocked: pages 0, block-capture pages 0
Render set: 1, already done: 336, todo: 1
DONE rendering. ok=1 fail=0 total_processed=1
marked blocked: pages 0, block-capture pages 0
Render set 1, pages already captured 334, todo 1
DONE. pages=1 blocks=4
marked blocked: pages 0, block-capture pages 0
Render set: 1, already done: 337, todo: 1
DONE rendering. ok=1 fail=0 total_processed=1
marked blocked: pages 0, block-capture pages 0
Render set 1, pages already captured 335, todo 1
DONE. pages=1 blocks=4
marked blocked: pages 0, block-capture pages 0
Render set: 1, already done: 338, todo: 1
DONE rendering. ok=1 fail=0 total_processed=1
marked blocked: pages 0, block-capture pages 0
Render set 1, pages already captured 336, todo 1
DONE. pages=1 blocks=4
marked blocked: pages 0, block-capture pages 0
Render set: 1, already done: 339, todo: 1
DONE rendering. ok=1 fail=0 total_processed=1
marked blocked: pages 0, block-capture pages 0
Render set 1, pages already captured 337, todo 1
DONE. pages=1 blocks=4
marked blocked: pages 0, block-capture pages 0
Render set: 1, already done: 340, todo: 1
DONE rendering. ok=1 fail=0 total_processed=1
marked blocked: pages 0, block-capture pages 0
Render set 1, pages already captured 338, todo 1
DONE. pages=1 blocks=5
marked blocked: pages 0, block-capture pages 0
Render set: 1, already done: 341, todo: 1
DONE rendering. ok=1 fail=0 total_processed=1
marked blocked: pages 0, block-capture pages 0
Render set 1, pages already captured 339, todo 1
DONE. pages=1 blocks=4
marked blocked: pages 0, block-capture pages 0
Render set: 1, already done: 342, todo: 1
DONE rendering. ok=1 fail=0 total_processed=1
marked blocked: pages 0, block-capture pages 0
Render set 1, pages already captured 340, todo 1
DONE. pages=1 blocks=4
marked blocked: pages 0, block-capture pages 0
04:55:58    more-services: 20/20
04:55:58    ✔ more-services done — render errors 0/20, block errors 0/20
04:56:58 [31/65] offers-Promotions — 206 pages
04:57:01    offers-Promotions: 10/206
Render set: 1, already done: 342, todo: 1
DONE rendering. ok=1 fail=0 total_processed=1
marked blocked: pages 0, block-capture pages 0
Render set 1, pages already captured 340, todo 1
DONE. pages=1 blocks=1
marked blocked: pages 0, block-capture pages 0
Render set: 1, already done: 343, todo: 1
DONE rendering. ok=1 fail=0 total_processed=1
marked blocked: pages 0, block-capture pages 0
Render set 1, pages already captured 341, todo 1
DONE. pages=1 blocks=0
marked blocked: pages 0, block-capture pages 0
Render set: 1, already done: 344, todo: 1
DONE rendering. ok=1 fail=0 total_processed=1
marked blocked: pages 0, block-capture pages 0
Render set 1, pages already captured 341, todo 1
DONE. pages=1 blocks=0
marked blocked: pages 0, block-capture pages 0
Render set: 1, already done: 345, todo: 1
DONE rendering. ok=1 fail=0 total_processed=1
marked blocked: pages 0, block-capture pages 0
Render set 1, pages already captured 341, todo 1
DONE. pages=1 blocks=0
marked blocked: pages 0, block-capture pages 0
Render set: 1, already done: 346, todo: 1
DONE rendering. ok=1 fail=0 total_processed=1
marked blocked: pages 0, block-capture pages 0
Render set 1, pages already captured 341, todo 1
DONE. pages=1 blocks=9
marked blocked: pages 0, block-capture pages 0
05:00:52    offers-Promotions: 20/206
Render set: 1, already done: 347, todo: 1
DONE rendering. ok=1 fail=0 total_processed=1
marked blocked: pages 0, block-capture pages 0
Render set 1, pages already captured 342, todo 1
DONE. pages=1 blocks=2
marked blocked: pages 0, block-capture pages 0
Render set: 1, already done: 348, todo: 1
DONE rendering. ok=1 fail=0 total_processed=1
marked blocked: pages 0, block-capture pages 0
Render set 1, pages already captured 343, todo 1
DONE. pages=1 blocks=6
marked blocked: pages 0, block-capture pages 0
Render set: 1, already done: 349, todo: 1
DONE rendering. ok=1 fail=0 total_processed=1
marked blocked: pages 0, block-capture pages 0
Render set 1, pages already captured 344, todo 1
DONE. pages=1 blocks=4
marked blocked: pages 0, block-capture pages 0
Render set: 1, already done: 350, todo: 1
DONE rendering. ok=1 fail=0 total_processed=1
marked blocked: pages 0, block-capture pages 0
Render set 1, pages already captured 345, todo 1
DONE. pages=1 blocks=4
marked blocked: pages 0, block-capture pages 0
Render set: 1, already done: 351, todo: 1
DONE rendering. ok=1 fail=0 total_processed=1
marked blocked: pages 0, block-capture pages 0
Render set 1, pages already captured 346, todo 1
DONE. pages=1 blocks=0
marked blocked: pages 0, block-capture pages 0
Render set: 1, already done: 352, todo: 1
DONE rendering. ok=1 fail=0 total_processed=1
marked blocked: pages 0, block-capture pages 0
Render set 1, pages already captured 346, todo 1
DONE. pages=1 blocks=5
marked blocked: pages 0, block-capture pages 0
Render set: 1, already done: 353, todo: 1
DONE rendering. ok=1 fail=0 total_processed=1
marked blocked: pages 0, block-capture pages 0
Render set 1, pages already captured 347, todo 1
DONE. pages=1 blocks=0
marked blocked: pages 0, block-capture pages 0
Render set: 1, already done: 354, todo: 1
DONE rendering. ok=1 fail=0 total_processed=1
marked blocked: pages 0, block-capture pages 0
Render set 1, pages already captured 347, todo 1
DONE. pages=1 blocks=4
marked blocked: pages 0, block-capture pages 0
Render set: 1, already done: 355, todo: 1
DONE rendering. ok=1 fail=0 total_processed=1
marked blocked: pages 0, block-capture pages 0
Render set 1, pages already captured 348, todo 1
DONE. pages=1 blocks=0
marked blocked: pages 0, block-capture pages 0
Render set: 1, already done: 356, todo: 1
DONE rendering. ok=1 fail=0 total_processed=1
marked blocked: pages 0, block-capture pages 0
Render set 1, pages already captured 348, todo 1
DONE. pages=1 blocks=0
marked blocked: pages 0, block-capture pages 0
05:08:35    offers-Promotions: 30/206
Render set: 1, already done: 357, todo: 1
DONE rendering. ok=1 fail=0 total_processed=1
marked blocked: pages 0, block-capture pages 0
Render set 1, pages already captured 348, todo 1
DONE. pages=1 blocks=0
marked blocked: pages 0, block-capture pages 0
Render set: 1, already done: 358, todo: 1
DONE rendering. ok=1 fail=0 total_processed=1
marked blocked: pages 0, block-capture pages 0
Render set 1, pages already captured 348, todo 1
DONE. pages=1 blocks=0
marked blocked: pages 0, block-capture pages 0
Render set: 1, already done: 359, todo: 1
DONE rendering. ok=1 fail=0 total_processed=1
marked blocked: pages 0, block-capture pages 0
Render set 1, pages already captured 348, todo 1
DONE. pages=1 blocks=2
marked blocked: pages 0, block-capture pages 0
Render set: 1, already done: 360, todo: 1
DONE rendering. ok=1 fail=0 total_processed=1
marked blocked: pages 0, block-capture pages 0
Render set 1, pages already captured 349, todo 1
DONE. pages=1 blocks=0
marked blocked: pages 0, block-capture pages 0
Render set: 1, already done: 361, todo: 1
DONE rendering. ok=1 fail=0 total_processed=1
marked blocked: pages 0, block-capture pages 0
Render set 1, pages already captured 349, todo 1
DONE. pages=1 blocks=0
marked blocked: pages 0, block-capture pages 0
Render set: 1, already done: 362, todo: 1
DONE rendering. ok=1 fail=0 total_processed=1
marked blocked: pages 0, block-capture pages 0
Render set 1, pages already captured 349, todo 1
DONE. pages=1 blocks=0
marked blocked: pages 0, block-capture pages 0
Render set: 1, already done: 363, todo: 1
DONE rendering. ok=1 fail=0 total_processed=1
marked blocked: pages 0, block-capture pages 0
Render set 1, pages already captured 349, todo 1
DONE. pages=1 blocks=0
marked blocked: pages 0, block-capture pages 0
Render set: 1, already done: 364, todo: 1
DONE rendering. ok=1 fail=0 total_processed=1
marked blocked: pages 0, block-capture pages 0
Render set 1, pages already captured 349, todo 1
DONE. pages=1 blocks=4
marked blocked: pages 0, block-capture pages 0
Render set: 1, already done: 365, todo: 1
DONE rendering. ok=1 fail=0 total_processed=1
marked blocked: pages 0, block-capture pages 0
Render set 1, pages already captured 350, todo 1
DONE. pages=1 blocks=8
marked blocked: pages 0, block-capture pages 0
Render set: 1, already done: 366, todo: 1
DONE rendering. ok=1 fail=0 total_processed=1
marked blocked: pages 0, block-capture pages 0
Render set 1, pages already captured 351, todo 1
DONE. pages=1 blocks=0
marked blocked: pages 0, block-capture pages 0
05:16:12    offers-Promotions: 40/206
Render set: 1, already done: 367, todo: 1
DONE rendering. ok=1 fail=0 total_processed=1
marked blocked: pages 0, block-capture pages 0
Render set 1, pages already captured 351, todo 1
DONE. pages=1 blocks=0
marked blocked: pages 0, block-capture pages 0
Render set: 1, already done: 368, todo: 1
DONE rendering. ok=1 fail=0 total_processed=1
marked blocked: pages 0, block-capture pages 0
Render set 1, pages already captured 351, todo 1
DONE. pages=1 blocks=0
marked blocked: pages 0, block-capture pages 0
Render set: 1, already done: 369, todo: 1
DONE rendering. ok=1 fail=0 total_processed=1
marked blocked: pages 0, block-capture pages 0
Render set 1, pages already captured 351, todo 1
DONE. pages=1 blocks=0
marked blocked: pages 0, block-capture pages 0
Render set: 1, already done: 370, todo: 1
DONE rendering. ok=1 fail=0 total_processed=1
marked blocked: pages 0, block-capture pages 0
Render set 1, pages already captured 351, todo 1
DONE. pages=1 blocks=0
marked blocked: pages 0, block-capture pages 0
Render set: 1, already done: 371, todo: 1
DONE rendering. ok=1 fail=0 total_processed=1
marked blocked: pages 0, block-capture pages 0
Render set 1, pages already captured 351, todo 1
DONE. pages=1 blocks=0
marked blocked: pages 0, block-capture pages 0
Render set: 1, already done: 372, todo: 1
DONE rendering. ok=1 fail=0 total_processed=1
marked blocked: pages 0, block-capture pages 0
Render set 1, pages already captured 351, todo 1
DONE. pages=1 blocks=0
marked blocked: pages 0, block-capture pages 0
Render set: 1, already done: 373, todo: 1
DONE rendering. ok=1 fail=0 total_processed=1
marked blocked: pages 0, block-capture pages 0
Render set 1, pages already captured 351, todo 1
DONE. pages=1 blocks=0
marked blocked: pages 0, block-capture pages 0
Render set: 1, already done: 374, todo: 1
DONE rendering. ok=1 fail=0 total_processed=1
marked blocked: pages 0, block-capture pages 0
Render set 1, pages already captured 351, todo 1
DONE. pages=1 blocks=6
marked blocked: pages 0, block-capture pages 0
Render set: 1, already done: 375, todo: 1
DONE rendering. ok=1 fail=0 total_processed=1
marked blocked: pages 0, block-capture pages 0
Render set 1, pages already captured 352, todo 1
DONE. pages=1 blocks=3
marked blocked: pages 0, block-capture pages 0
Render set: 1, already done: 376, todo: 1
DONE rendering. ok=1 fail=0 total_processed=1
marked blocked: pages 0, block-capture pages 0
Render set 1, pages already captured 353, todo 1
DONE. pages=1 blocks=1
marked blocked: pages 0, block-capture pages 0
05:23:43    offers-Promotions: 50/206
Render set: 1, already done: 377, todo: 1
DONE rendering. ok=1 fail=0 total_processed=1
marked blocked: pages 0, block-capture pages 0
Render set 1, pages already captured 354, todo 1
DONE. pages=1 blocks=3
marked blocked: pages 0, block-capture pages 0
Render set: 1, already done: 378, todo: 1
DONE rendering. ok=1 fail=0 total_processed=1
marked blocked: pages 0, block-capture pages 0
Render set 1, pages already captured 355, todo 1
DONE. pages=1 blocks=6
marked blocked: pages 0, block-capture pages 0
Render set: 1, already done: 379, todo: 1
DONE rendering. ok=1 fail=0 total_processed=1
marked blocked: pages 0, block-capture pages 0
Render set 1, pages already captured 356, todo 1
DONE. pages=1 blocks=5
marked blocked: pages 0, block-capture pages 0
Render set: 1, already done: 380, todo: 1
DONE rendering. ok=1 fail=0 total_processed=1
marked blocked: pages 0, block-capture pages 0
Render set 1, pages already captured 357, todo 1
DONE. pages=1 blocks=2
marked blocked: pages 0, block-capture pages 0
Render set: 1, already done: 381, todo: 1
DONE rendering. ok=1 fail=0 total_processed=1
marked blocked: pages 0, block-capture pages 0
Render set 1, pages already captured 358, todo 1
DONE. pages=1 blocks=0
marked blocked: pages 0, block-capture pages 0
Render set: 1, already done: 382, todo: 1
DONE rendering. ok=1 fail=0 total_processed=1
marked blocked: pages 0, block-capture pages 0
Render set 1, pages already captured 358, todo 1
DONE. pages=1 blocks=2
marked blocked: pages 0, block-capture pages 0
Render set: 1, already done: 383, todo: 1
DONE rendering. ok=1 fail=0 total_processed=1
marked blocked: pages 0, block-capture pages 0
Render set 1, pages already captured 359, todo 1
DONE. pages=1 blocks=0
marked blocked: pages 0, block-capture pages 0
Render set: 1, already done: 384, todo: 1
DONE rendering. ok=1 fail=0 total_processed=1
marked blocked: pages 0, block-capture pages 0
Render set 1, pages already captured 359, todo 1
DONE. pages=1 blocks=4
marked blocked: pages 0, block-capture pages 0
05:30:12    offers-Promotions: 60/206
Render set: 1, already done: 385, todo: 1
DONE rendering. ok=1 fail=0 total_processed=1
marked blocked: pages 0, block-capture pages 0
Render set 1, pages already captured 360, todo 1
DONE. pages=1 blocks=15
marked blocked: pages 0, block-capture pages 0
Render set: 1, already done: 386, todo: 1
DONE rendering. ok=1 fail=0 total_processed=1
marked blocked: pages 0, block-capture pages 0
Render set 1, pages already captured 361, todo 1
DONE. pages=1 blocks=5
marked blocked: pages 0, block-capture pages 0
Render set: 1, already done: 387, todo: 1
DONE rendering. ok=1 fail=0 total_processed=1
marked blocked: pages 0, block-capture pages 0
Render set 1, pages already captured 362, todo 1
DONE. pages=1 blocks=0
marked blocked: pages 0, block-capture pages 0
Render set: 1, already done: 388, todo: 1
DONE rendering. ok=1 fail=0 total_processed=1
marked blocked: pages 0, block-capture pages 0
Render set 1, pages already captured 362, todo 1
DONE. pages=1 blocks=6
marked blocked: pages 0, block-capture pages 0
Render set: 1, already done: 389, todo: 1
DONE rendering. ok=1 fail=0 total_processed=1
marked blocked: pages 0, block-capture pages 0
Render set 1, pages already captured 363, todo 1
DONE. pages=1 blocks=12
marked blocked: pages 0, block-capture pages 0
Render set: 1, already done: 390, todo: 1
DONE rendering. ok=1 fail=0 total_processed=1
marked blocked: pages 0, block-capture pages 0
Render set 1, pages already captured 364, todo 1
DONE. pages=1 blocks=0
marked blocked: pages 0, block-capture pages 0
Render set: 1, already done: 391, todo: 1
DONE rendering. ok=1 fail=0 total_processed=1
marked blocked: pages 0, block-capture pages 0
Render set 1, pages already captured 364, todo 1
DONE. pages=1 blocks=0
marked blocked: pages 0, block-capture pages 0
Render set: 1, already done: 392, todo: 1
DONE rendering. ok=1 fail=0 total_processed=1
marked blocked: pages 0, block-capture pages 0
Render set 1, pages already captured 364, todo 1
DONE. pages=1 blocks=0
marked blocked: pages 0, block-capture pages 0
Render set: 1, already done: 393, todo: 1
DONE rendering. ok=1 fail=0 total_processed=1
marked blocked: pages 0, block-capture pages 0
Render set 1, pages already captured 364, todo 1
DONE. pages=1 blocks=0
marked blocked: pages 0, block-capture pages 0
05:37:26    offers-Promotions: 70/206
Render set: 1, already done: 394, todo: 1
DONE rendering. ok=1 fail=0 total_processed=1
marked blocked: pages 0, block-capture pages 0
Render set 1, pages already captured 364, todo 1
DONE. pages=1 blocks=0
marked blocked: pages 0, block-capture pages 0
Render set: 1, already done: 395, todo: 1
DONE rendering. ok=1 fail=0 total_processed=1
marked blocked: pages 0, block-capture pages 0
Render set 1, pages already captured 364, todo 1
DONE. pages=1 blocks=0
marked blocked: pages 0, block-capture pages 0
Render set: 1, already done: 396, todo: 1
DONE rendering. ok=1 fail=0 total_processed=1
marked blocked: pages 0, block-capture pages 0
Render set 1, pages already captured 364, todo 1
DONE. pages=1 blocks=4
marked blocked: pages 0, block-capture pages 0
Render set: 1, already done: 397, todo: 1
DONE rendering. ok=1 fail=0 total_processed=1
marked blocked: pages 0, block-capture pages 0
Render set 1, pages already captured 365, todo 1
DONE. pages=1 blocks=0
marked blocked: pages 0, block-capture pages 0
Render set: 1, already done: 398, todo: 1
DONE rendering. ok=1 fail=0 total_processed=1
marked blocked: pages 0, block-capture pages 0
Render set 1, pages already captured 365, todo 1
DONE. pages=1 blocks=4
marked blocked: pages 0, block-capture pages 0
Render set: 1, already done: 399, todo: 1
DONE rendering. ok=1 fail=0 total_processed=1
marked blocked: pages 0, block-capture pages 0
Render set 1, pages already captured 366, todo 1
DONE. pages=1 blocks=0
marked blocked: pages 0, block-capture pages 0
Render set: 1, already done: 400, todo: 1
DONE rendering. ok=1 fail=0 total_processed=1
marked blocked: pages 0, block-capture pages 0
Render set 1, pages already captured 366, todo 1
DONE. pages=1 blocks=0
marked blocked: pages 0, block-capture pages 0
Render set: 1, already done: 401, todo: 1
DONE rendering. ok=1 fail=0 total_processed=1
marked blocked: pages 0, block-capture pages 0
Render set 1, pages already captured 366, todo 1
DONE. pages=1 blocks=2
marked blocked: pages 0, block-capture pages 0
Render set: 1, already done: 402, todo: 1
DONE rendering. ok=1 fail=0 total_processed=1
marked blocked: pages 0, block-capture pages 0
Render set 1, pages already captured 367, todo 1
DONE. pages=1 blocks=3
marked blocked: pages 0, block-capture pages 0
Render set: 1, already done: 403, todo: 1
DONE rendering. ok=1 fail=0 total_processed=1
marked blocked: pages 0, block-capture pages 0
Render set 1, pages already captured 368, todo 1
DONE. pages=1 blocks=3
marked blocked: pages 0, block-capture pages 0
05:45:31    offers-Promotions: 80/206
Render set: 1, already done: 404, todo: 1
DONE rendering. ok=1 fail=0 total_processed=1
marked blocked: pages 0, block-capture pages 0
Render set 1, pages already captured 369, todo 1
DONE. pages=1 blocks=0
marked blocked: pages 0, block-capture pages 0
Render set: 1, already done: 405, todo: 1
DONE rendering. ok=1 fail=0 total_processed=1
marked blocked: pages 0, block-capture pages 0
Render set 1, pages already captured 369, todo 1
DONE. pages=1 blocks=9
marked blocked: pages 0, block-capture pages 0
Render set: 1, already done: 406, todo: 1
DONE rendering. ok=1 fail=0 total_processed=1
marked blocked: pages 0, block-capture pages 0
Render set 1, pages already captured 370, todo 1
DONE. pages=1 blocks=2
marked blocked: pages 0, block-capture pages 0
Render set: 1, already done: 407, todo: 1
DONE rendering. ok=1 fail=0 total_processed=1
marked blocked: pages 0, block-capture pages 0
Render set 1, pages already captured 371, todo 1
DONE. pages=1 blocks=8
marked blocked: pages 0, block-capture pages 0
Render set: 1, already done: 408, todo: 1
DONE rendering. ok=1 fail=0 total_processed=1
marked blocked: pages 0, block-capture pages 0
Render set 1, pages already captured 372, todo 1
DONE. pages=1 blocks=3
marked blocked: pages 0, block-capture pages 0
Render set: 1, already done: 409, todo: 1
DONE rendering. ok=1 fail=0 total_processed=1
marked blocked: pages 0, block-capture pages 0
Render set 1, pages already captured 373, todo 1
DONE. pages=1 blocks=4
marked blocked: pages 0, block-capture pages 0
Render set: 1, already done: 410, todo: 1
DONE rendering. ok=1 fail=0 total_processed=1
marked blocked: pages 0, block-capture pages 0
Render set 1, pages already captured 374, todo 1
DONE. pages=1 blocks=0
marked blocked: pages 0, block-capture pages 0
Render set: 1, already done: 411, todo: 1
DONE rendering. ok=1 fail=0 total_processed=1
marked blocked: pages 0, block-capture pages 0
Render set 1, pages already captured 374, todo 1
DONE. pages=1 blocks=0
marked blocked: pages 0, block-capture pages 0
Render set: 1, already done: 412, todo: 1
DONE rendering. ok=1 fail=0 total_processed=1
marked blocked: pages 0, block-capture pages 0
Render set 1, pages already captured 374, todo 1
DONE. pages=1 blocks=10
marked blocked: pages 0, block-capture pages 0
05:52:55    offers-Promotions: 90/206
Render set: 1, already done: 413, todo: 1
DONE rendering. ok=1 fail=0 total_processed=1
marked blocked: pages 0, block-capture pages 0
Render set 1, pages already captured 375, todo 1
DONE. pages=1 blocks=0
marked blocked: pages 0, block-capture pages 0
Render set: 1, already done: 414, todo: 1
DONE rendering. ok=1 fail=0 total_processed=1
marked blocked: pages 0, block-capture pages 0
Render set 1, pages already captured 375, todo 1
DONE. pages=1 blocks=0
marked blocked: pages 0, block-capture pages 0
Render set: 1, already done: 415, todo: 1
DONE rendering. ok=1 fail=0 total_processed=1
marked blocked: pages 0, block-capture pages 0
Render set 1, pages already captured 375, todo 1
DONE. pages=1 blocks=7
marked blocked: pages 0, block-capture pages 0
Render set: 1, already done: 416, todo: 1
DONE rendering. ok=1 fail=0 total_processed=1
marked blocked: pages 0, block-capture pages 0
Render set 1, pages already captured 376, todo 1
DONE. pages=1 blocks=5
marked blocked: pages 0, block-capture pages 0
Render set: 1, already done: 417, todo: 1
DONE rendering. ok=1 fail=0 total_processed=1
marked blocked: pages 0, block-capture pages 0
Render set 1, pages already captured 377, todo 1
DONE. pages=1 blocks=6
marked blocked: pages 0, block-capture pages 0
Render set: 1, already done: 418, todo: 1
DONE rendering. ok=1 fail=0 total_processed=1
marked blocked: pages 0, block-capture pages 0
Render set 1, pages already captured 378, todo 1
DONE. pages=1 blocks=2
marked blocked: pages 0, block-capture pages 0
Render set: 1, already done: 419, todo: 1
DONE rendering. ok=1 fail=0 total_processed=1
marked blocked: pages 0, block-capture pages 0
Render set 1, pages already captured 379, todo 1
DONE. pages=1 blocks=4
marked blocked: pages 0, block-capture pages 0
Render set: 1, already done: 420, todo: 1
DONE rendering. ok=1 fail=0 total_processed=1
marked blocked: pages 0, block-capture pages 0
Render set 1, pages already captured 380, todo 1
DONE. pages=1 blocks=5
marked blocked: pages 0, block-capture pages 0
Render set: 1, already done: 421, todo: 1
DONE rendering. ok=1 fail=0 total_processed=1
marked blocked: pages 0, block-capture pages 0
Render set 1, pages already captured 381, todo 1
DONE. pages=1 blocks=9
marked blocked: pages 0, block-capture pages 0
Render set: 1, already done: 422, todo: 1
DONE rendering. ok=1 fail=0 total_processed=1
marked blocked: pages 0, block-capture pages 0
Render set 1, pages already captured 382, todo 1
DONE. pages=1 blocks=2
marked blocked: pages 0, block-capture pages 0
06:00:58    offers-Promotions: 100/206
Render set: 1, already done: 423, todo: 1
DONE rendering. ok=1 fail=0 total_processed=1
marked blocked: pages 0, block-capture pages 0
Render set 1, pages already captured 383, todo 1
DONE. pages=1 blocks=0
marked blocked: pages 0, block-capture pages 0
Render set: 1, already done: 424, todo: 1
DONE rendering. ok=1 fail=0 total_processed=1
marked blocked: pages 0, block-capture pages 0
Render set 1, pages already captured 383, todo 1
DONE. pages=1 blocks=0
marked blocked: pages 0, block-capture pages 0
Render set: 1, already done: 425, todo: 1
DONE rendering. ok=1 fail=0 total_processed=1
marked blocked: pages 0, block-capture pages 0
Render set 1, pages already captured 383, todo 1
DONE. pages=1 blocks=8
marked blocked: pages 0, block-capture pages 0
Render set: 1, already done: 426, todo: 1
DONE rendering. ok=1 fail=0 total_processed=1
marked blocked: pages 0, block-capture pages 0
Render set 1, pages already captured 384, todo 1
DONE. pages=1 blocks=0
marked blocked: pages 0, block-capture pages 0
Render set: 1, already done: 427, todo: 1
DONE rendering. ok=1 fail=0 total_processed=1
marked blocked: pages 0, block-capture pages 0
Render set 1, pages already captured 384, todo 1
DONE. pages=1 blocks=6
marked blocked: pages 0, block-capture pages 0
Render set: 1, already done: 428, todo: 1
DONE rendering. ok=1 fail=0 total_processed=1
marked blocked: pages 0, block-capture pages 0
Render set 1, pages already captured 385, todo 1
DONE. pages=1 blocks=6
marked blocked: pages 0, block-capture pages 0
06:05:53    offers-Promotions: 110/206
Render set: 1, already done: 429, todo: 1
DONE rendering. ok=1 fail=0 total_processed=1
marked blocked: pages 0, block-capture pages 0
Render set 1, pages already captured 386, todo 1
DONE. pages=1 blocks=9
marked blocked: pages 0, block-capture pages 0
Render set: 1, already done: 430, todo: 1
DONE rendering. ok=1 fail=0 total_processed=1
marked blocked: pages 0, block-capture pages 0
Render set 1, pages already captured 387, todo 1
DONE. pages=1 blocks=2
marked blocked: pages 0, block-capture pages 0
Render set: 1, already done: 431, todo: 1
DONE rendering. ok=1 fail=0 total_processed=1
marked blocked: pages 0, block-capture pages 0
Render set 1, pages already captured 388, todo 1
DONE. pages=1 blocks=0
marked blocked: pages 0, block-capture pages 0
Render set: 1, already done: 432, todo: 1
DONE rendering. ok=1 fail=0 total_processed=1
marked blocked: pages 0, block-capture pages 0
Render set 1, pages already captured 388, todo 1
DONE. pages=1 blocks=0
marked blocked: pages 0, block-capture pages 0
Render set: 1, already done: 433, todo: 1
DONE rendering. ok=1 fail=0 total_processed=1
marked blocked: pages 0, block-capture pages 0
Render set 1, pages already captured 388, todo 1
DONE. pages=1 blocks=0
marked blocked: pages 0, block-capture pages 0
Render set: 1, already done: 434, todo: 1
DONE rendering. ok=1 fail=0 total_processed=1
marked blocked: pages 0, block-capture pages 0
Render set 1, pages already captured 388, todo 1
DONE. pages=1 blocks=2
marked blocked: pages 0, block-capture pages 0
06:10:40    offers-Promotions: 120/206
Render set: 1, already done: 435, todo: 1
DONE rendering. ok=1 fail=0 total_processed=1
marked blocked: pages 0, block-capture pages 0
Render set 1, pages already captured 389, todo 1
DONE. pages=1 blocks=4
marked blocked: pages 0, block-capture pages 0
Render set: 1, already done: 436, todo: 1
DONE rendering. ok=1 fail=0 total_processed=1
marked blocked: pages 0, block-capture pages 0
Render set 1, pages already captured 390, todo 1
DONE. pages=1 blocks=0
marked blocked: pages 0, block-capture pages 0
Render set: 1, already done: 437, todo: 1
DONE rendering. ok=1 fail=0 total_processed=1
marked blocked: pages 0, block-capture pages 0
Render set 1, pages already captured 390, todo 1
DONE. pages=1 blocks=4
marked blocked: pages 0, block-capture pages 0
Render set: 1, already done: 438, todo: 1
DONE rendering. ok=1 fail=0 total_processed=1
marked blocked: pages 0, block-capture pages 0
Render set 1, pages already captured 391, todo 1
DONE. pages=1 blocks=0
marked blocked: pages 0, block-capture pages 0
Render set: 1, already done: 439, todo: 1
DONE rendering. ok=1 fail=0 total_processed=1
marked blocked: pages 0, block-capture pages 0
Render set 1, pages already captured 391, todo 1
DONE. pages=1 blocks=17
marked blocked: pages 0, block-capture pages 0
Render set: 1, already done: 440, todo: 1
DONE rendering. ok=1 fail=0 total_processed=1
marked blocked: pages 0, block-capture pages 0
Render set 1, pages already captured 392, todo 1
DONE. pages=1 blocks=9
marked blocked: pages 0, block-capture pages 0
Render set: 1, already done: 441, todo: 1
DONE rendering. ok=1 fail=0 total_processed=1
marked blocked: pages 0, block-capture pages 0
Render set 1, pages already captured 393, todo 1
DONE. pages=1 blocks=0
marked blocked: pages 0, block-capture pages 0
Render set: 1, already done: 442, todo: 1
DONE rendering. ok=1 fail=0 total_processed=1
marked blocked: pages 0, block-capture pages 0
Render set 1, pages already captured 393, todo 1
DONE. pages=1 blocks=8
marked blocked: pages 0, block-capture pages 0
06:17:06    offers-Promotions: 130/206
Render set: 1, already done: 443, todo: 1
DONE rendering. ok=1 fail=0 total_processed=1
marked blocked: pages 0, block-capture pages 0
Render set 1, pages already captured 394, todo 1
DONE. pages=1 blocks=6
marked blocked: pages 0, block-capture pages 0
Render set: 1, already done: 444, todo: 1
DONE rendering. ok=1 fail=0 total_processed=1
marked blocked: pages 0, block-capture pages 0
Render set 1, pages already captured 395, todo 1
DONE. pages=1 blocks=5
marked blocked: pages 0, block-capture pages 0
Render set: 1, already done: 445, todo: 1
DONE rendering. ok=1 fail=0 total_processed=1
marked blocked: pages 0, block-capture pages 0
Render set 1, pages already captured 396, todo 1
DONE. pages=1 blocks=4
marked blocked: pages 0, block-capture pages 0
Render set: 1, already done: 446, todo: 1
DONE rendering. ok=1 fail=0 total_processed=1
marked blocked: pages 0, block-capture pages 0
Render set 1, pages already captured 397, todo 1
DONE. pages=1 blocks=2
marked blocked: pages 0, block-capture pages 0
Render set: 1, already done: 447, todo: 1
DONE rendering. ok=1 fail=0 total_processed=1
marked blocked: pages 0, block-capture pages 0
Render set 1, pages already captured 398, todo 1
DONE. pages=1 blocks=0
marked blocked: pages 0, block-capture pages 0
Render set: 1, already done: 448, todo: 1
DONE rendering. ok=1 fail=0 total_processed=1
marked blocked: pages 0, block-capture pages 0
Render set 1, pages already captured 398, todo 1
DONE. pages=1 blocks=3
marked blocked: pages 0, block-capture pages 0
Render set: 1, already done: 449, todo: 1
DONE rendering. ok=1 fail=0 total_processed=1
marked blocked: pages 0, block-capture pages 0
Render set 1, pages already captured 399, todo 1
DONE. pages=1 blocks=8
marked blocked: pages 0, block-capture pages 0
Render set: 1, already done: 450, todo: 1
DONE rendering. ok=1 fail=0 total_processed=1
marked blocked: pages 0, block-capture pages 0
Render set 1, pages already captured 400, todo 1
DONE. pages=1 blocks=9
marked blocked: pages 0, block-capture pages 0
Render set: 1, already done: 451, todo: 1
DONE rendering. ok=1 fail=0 total_processed=1
marked blocked: pages 0, block-capture pages 0
Render set 1, pages already captured 401, todo 1
DONE. pages=1 blocks=10
marked blocked: pages 0, block-capture pages 0
Render set: 1, already done: 452, todo: 1
DONE rendering. ok=1 fail=0 total_processed=1
marked blocked: pages 0, block-capture pages 0
Render set 1, pages already captured 402, todo 1
DONE. pages=1 blocks=0
marked blocked: pages 0, block-capture pages 0
06:25:23    offers-Promotions: 140/206
Render set: 1, already done: 453, todo: 1
DONE rendering. ok=1 fail=0 total_processed=1
marked blocked: pages 0, block-capture pages 0
Render set 1, pages already captured 402, todo 1
DONE. pages=1 blocks=8
marked blocked: pages 0, block-capture pages 0
Render set: 1, already done: 454, todo: 1
DONE rendering. ok=1 fail=0 total_processed=1
marked blocked: pages 0, block-capture pages 0
Render set 1, pages already captured 403, todo 1
DONE. pages=1 blocks=2
marked blocked: pages 0, block-capture pages 0
Render set: 1, already done: 455, todo: 1
DONE rendering. ok=1 fail=0 total_processed=1
marked blocked: pages 0, block-capture pages 0
Render set 1, pages already captured 404, todo 1
DONE. pages=1 blocks=3
marked blocked: pages 0, block-capture pages 0
Render set: 1, already done: 456, todo: 1
DONE rendering. ok=1 fail=0 total_processed=1
marked blocked: pages 0, block-capture pages 0
Render set 1, pages already captured 405, todo 1
DONE. pages=1 blocks=2
marked blocked: pages 0, block-capture pages 0
Render set: 1, already done: 457, todo: 1
DONE rendering. ok=1 fail=0 total_processed=1
marked blocked: pages 0, block-capture pages 0
Render set 1, pages already captured 406, todo 1
DONE. pages=1 blocks=0
marked blocked: pages 0, block-capture pages 0
Render set: 1, already done: 458, todo: 1
DONE rendering. ok=1 fail=0 total_processed=1
marked blocked: pages 0, block-capture pages 0
Render set 1, pages already captured 406, todo 1
DONE. pages=1 blocks=2
marked blocked: pages 0, block-capture pages 0
Render set: 1, already done: 459, todo: 1
DONE rendering. ok=1 fail=0 total_processed=1
marked blocked: pages 0, block-capture pages 0
Render set 1, pages already captured 407, todo 1
DONE. pages=1 blocks=8
marked blocked: pages 0, block-capture pages 0
Render set: 1, already done: 460, todo: 1
DONE rendering. ok=1 fail=0 total_processed=1
marked blocked: pages 0, block-capture pages 0
Render set 1, pages already captured 408, todo 1
DONE. pages=1 blocks=7
marked blocked: pages 0, block-capture pages 0
Render set: 1, already done: 461, todo: 1
DONE rendering. ok=1 fail=0 total_processed=1
marked blocked: pages 0, block-capture pages 0
Render set 1, pages already captured 409, todo 1
DONE. pages=1 blocks=8
marked blocked: pages 0, block-capture pages 0
06:32:49    offers-Promotions: 150/206
Render set: 1, already done: 462, todo: 1
DONE rendering. ok=1 fail=0 total_processed=1
marked blocked: pages 0, block-capture pages 0
Render set 1, pages already captured 410, todo 1
DONE. pages=1 blocks=1
marked blocked: pages 0, block-capture pages 0
Render set: 1, already done: 463, todo: 1
DONE rendering. ok=1 fail=0 total_processed=1
marked blocked: pages 0, block-capture pages 0
Render set 1, pages already captured 411, todo 1
DONE. pages=1 blocks=7
marked blocked: pages 0, block-capture pages 0
Render set: 1, already done: 464, todo: 1
DONE rendering. ok=1 fail=0 total_processed=1
marked blocked: pages 0, block-capture pages 0
Render set 1, pages already captured 412, todo 1
DONE. pages=1 blocks=0
marked blocked: pages 0, block-capture pages 0
Render set: 1, already done: 465, todo: 1
DONE rendering. ok=1 fail=0 total_processed=1
marked blocked: pages 0, block-capture pages 0
Render set 1, pages already captured 412, todo 1
DONE. pages=1 blocks=8
marked blocked: pages 0, block-capture pages 0
Render set: 1, already done: 466, todo: 1
DONE rendering. ok=1 fail=0 total_processed=1
marked blocked: pages 0, block-capture pages 0
Render set 1, pages already captured 413, todo 1
DONE. pages=1 blocks=0
marked blocked: pages 0, block-capture pages 0
Render set: 1, already done: 467, todo: 1
DONE rendering. ok=1 fail=0 total_processed=1
marked blocked: pages 0, block-capture pages 0
Render set 1, pages already captured 413, todo 1
DONE. pages=1 blocks=0
marked blocked: pages 0, block-capture pages 0
Render set: 1, already done: 468, todo: 1
DONE rendering. ok=1 fail=0 total_processed=1
marked blocked: pages 0, block-capture pages 0
Render set 1, pages already captured 413, todo 1
DONE. pages=1 blocks=5
marked blocked: pages 0, block-capture pages 0
Render set: 1, already done: 469, todo: 1
DONE rendering. ok=1 fail=0 total_processed=1
marked blocked: pages 0, block-capture pages 0
Render set 1, pages already captured 414, todo 1
DONE. pages=1 blocks=0
marked blocked: pages 0, block-capture pages 0
Render set: 1, already done: 470, todo: 1
DONE rendering. ok=1 fail=0 total_processed=1
marked blocked: pages 0, block-capture pages 0
Render set 1, pages already captured 414, todo 1
DONE. pages=1 blocks=6
marked blocked: pages 0, block-capture pages 0
Render set: 1, already done: 471, todo: 1
DONE rendering. ok=1 fail=0 total_processed=1
marked blocked: pages 0, block-capture pages 0
Render set 1, pages already captured 415, todo 1
DONE. pages=1 blocks=8
marked blocked: pages 0, block-capture pages 0
06:41:00    offers-Promotions: 160/206
Render set: 1, already done: 472, todo: 1
DONE rendering. ok=1 fail=0 total_processed=1
marked blocked: pages 0, block-capture pages 0
Render set 1, pages already captured 416, todo 1
DONE. pages=1 blocks=2
marked blocked: pages 0, block-capture pages 0
Render set: 1, already done: 473, todo: 1
DONE rendering. ok=1 fail=0 total_processed=1
marked blocked: pages 0, block-capture pages 0
Render set 1, pages already captured 417, todo 1
DONE. pages=1 blocks=8
marked blocked: pages 0, block-capture pages 0
Render set: 1, already done: 474, todo: 1
DONE rendering. ok=1 fail=0 total_processed=1
marked blocked: pages 0, block-capture pages 0
Render set 1, pages already captured 418, todo 1
DONE. pages=1 blocks=2
marked blocked: pages 0, block-capture pages 0
Render set: 1, already done: 475, todo: 1
DONE rendering. ok=1 fail=0 total_processed=1
marked blocked: pages 0, block-capture pages 0
Render set 1, pages already captured 419, todo 1
DONE. pages=1 blocks=2
marked blocked: pages 0, block-capture pages 0
Render set: 1, already done: 476, todo: 1
DONE rendering. ok=1 fail=0 total_processed=1
marked blocked: pages 0, block-capture pages 0
Render set 1, pages already captured 420, todo 1
DONE. pages=1 blocks=4
marked blocked: pages 0, block-capture pages 0
Render set: 1, already done: 477, todo: 1
DONE rendering. ok=1 fail=0 total_processed=1
marked blocked: pages 0, block-capture pages 0
Render set 1, pages already captured 421, todo 1
DONE. pages=1 blocks=3
marked blocked: pages 0, block-capture pages 0
Render set: 1, already done: 478, todo: 1
DONE rendering. ok=1 fail=0 total_processed=1
marked blocked: pages 0, block-capture pages 0
Render set 1, pages already captured 422, todo 1
DONE. pages=1 blocks=0
marked blocked: pages 0, block-capture pages 0
06:46:38    offers-Promotions: 170/206
Render set: 1, already done: 479, todo: 1
DONE rendering. ok=1 fail=0 total_processed=1
marked blocked: pages 0, block-capture pages 0
Render set 1, pages already captured 422, todo 1
DONE. pages=1 blocks=0
marked blocked: pages 0, block-capture pages 0
Render set: 1, already done: 480, todo: 1
DONE rendering. ok=1 fail=0 total_processed=1
marked blocked: pages 0, block-capture pages 0
Render set 1, pages already captured 422, todo 1
DONE. pages=1 blocks=0
marked blocked: pages 0, block-capture pages 0
Render set: 1, already done: 481, todo: 1
DONE rendering. ok=1 fail=0 total_processed=1
marked blocked: pages 0, block-capture pages 0
Render set 1, pages already captured 422, todo 1
DONE. pages=1 blocks=0
marked blocked: pages 0, block-capture pages 0
Render set: 1, already done: 482, todo: 1
DONE rendering. ok=1 fail=0 total_processed=1
marked blocked: pages 0, block-capture pages 0
Render set 1, pages already captured 422, todo 1
DONE. pages=1 blocks=2
marked blocked: pages 0, block-capture pages 0
Render set: 1, already done: 483, todo: 1
DONE rendering. ok=1 fail=0 total_processed=1
marked blocked: pages 0, block-capture pages 0
Render set 1, pages already captured 423, todo 1
DONE. pages=1 blocks=0
marked blocked: pages 0, block-capture pages 0
Render set: 1, already done: 484, todo: 1
DONE rendering. ok=1 fail=0 total_processed=1
marked blocked: pages 0, block-capture pages 0
Render set 1, pages already captured 423, todo 1
DONE. pages=1 blocks=0
marked blocked: pages 0, block-capture pages 0
Render set: 1, already done: 485, todo: 1
DONE rendering. ok=1 fail=0 total_processed=1
marked blocked: pages 0, block-capture pages 0
Render set 1, pages already captured 423, todo 1
DONE. pages=1 blocks=0
marked blocked: pages 0, block-capture pages 0
Render set: 1, already done: 486, todo: 1
DONE rendering. ok=1 fail=0 total_processed=1
marked blocked: pages 0, block-capture pages 0
Render set 1, pages already captured 423, todo 1
DONE. pages=1 blocks=1
marked blocked: pages 0, block-capture pages 0
Render set: 1, already done: 487, todo: 1
DONE rendering. ok=1 fail=0 total_processed=1
marked blocked: pages 0, block-capture pages 0
Render set 1, pages already captured 424, todo 1
DONE. pages=1 blocks=0
marked blocked: pages 0, block-capture pages 0
Render set: 1, already done: 488, todo: 1
DONE rendering. ok=1 fail=0 total_processed=1
marked blocked: pages 0, block-capture pages 0
Render set 1, pages already captured 424, todo 1
DONE. pages=1 blocks=0
marked blocked: pages 0, block-capture pages 0
06:54:38    offers-Promotions: 180/206
Render set: 1, already done: 489, todo: 1
DONE rendering. ok=1 fail=0 total_processed=1
marked blocked: pages 0, block-capture pages 0
Render set 1, pages already captured 424, todo 1
DONE. pages=1 blocks=0
marked blocked: pages 0, block-capture pages 0
Render set: 1, already done: 490, todo: 1
DONE rendering. ok=1 fail=0 total_processed=1
marked blocked: pages 0, block-capture pages 0
Render set 1, pages already captured 424, todo 1
DONE. pages=1 blocks=0
marked blocked: pages 0, block-capture pages 0
Render set: 1, already done: 491, todo: 1
DONE rendering. ok=1 fail=0 total_processed=1
marked blocked: pages 0, block-capture pages 0
Render set 1, pages already captured 424, todo 1
DONE. pages=1 blocks=0
marked blocked: pages 0, block-capture pages 0
Render set: 1, already done: 492, todo: 1
DONE rendering. ok=1 fail=0 total_processed=1
marked blocked: pages 0, block-capture pages 0
Render set 1, pages already captured 424, todo 1
DONE. pages=1 blocks=2
marked blocked: pages 0, block-capture pages 0
Render set: 1, already done: 493, todo: 1
DONE rendering. ok=1 fail=0 total_processed=1
marked blocked: pages 0, block-capture pages 0
Render set 1, pages already captured 425, todo 1
DONE. pages=1 blocks=4
marked blocked: pages 0, block-capture pages 0
Render set: 1, already done: 494, todo: 1
DONE rendering. ok=1 fail=0 total_processed=1
marked blocked: pages 0, block-capture pages 0
Render set 1, pages already captured 426, todo 1
DONE. pages=1 blocks=0
marked blocked: pages 0, block-capture pages 0
Render set: 1, already done: 495, todo: 1
DONE rendering. ok=1 fail=0 total_processed=1
marked blocked: pages 0, block-capture pages 0
Render set 1, pages already captured 426, todo 1
DONE. pages=1 blocks=0
marked blocked: pages 0, block-capture pages 0
Render set: 1, already done: 496, todo: 1
DONE rendering. ok=1 fail=0 total_processed=1
marked blocked: pages 0, block-capture pages 0
Render set 1, pages already captured 426, todo 1
DONE. pages=1 blocks=5
marked blocked: pages 0, block-capture pages 0
Render set: 1, already done: 497, todo: 1
DONE rendering. ok=1 fail=0 total_processed=1
marked blocked: pages 0, block-capture pages 0
Render set 1, pages already captured 427, todo 1
DONE. pages=1 blocks=0
marked blocked: pages 0, block-capture pages 0
Render set: 1, already done: 498, todo: 1
DONE rendering. ok=1 fail=0 total_processed=1
marked blocked: pages 0, block-capture pages 0
Render set 1, pages already captured 427, todo 1
DONE. pages=1 blocks=4
marked blocked: pages 0, block-capture pages 0
07:02:29    offers-Promotions: 190/206
Render set: 1, already done: 499, todo: 1
DONE rendering. ok=1 fail=0 total_processed=1
marked blocked: pages 0, block-capture pages 0
Render set 1, pages already captured 428, todo 1
DONE. pages=1 blocks=0
marked blocked: pages 0, block-capture pages 0
Render set: 1, already done: 500, todo: 1
DONE rendering. ok=1 fail=0 total_processed=1
marked blocked: pages 0, block-capture pages 0
Render set 1, pages already captured 428, todo 1
DONE. pages=1 blocks=5
marked blocked: pages 0, block-capture pages 0
Render set: 1, already done: 501, todo: 1
DONE rendering. ok=1 fail=0 total_processed=1
marked blocked: pages 0, block-capture pages 0
Render set 1, pages already captured 429, todo 1
DONE. pages=1 blocks=0
marked blocked: pages 0, block-capture pages 0
Render set: 1, already done: 502, todo: 1
DONE rendering. ok=1 fail=0 total_processed=1
marked blocked: pages 0, block-capture pages 0
Render set 1, pages already captured 429, todo 1
DONE. pages=1 blocks=0
marked blocked: pages 0, block-capture pages 0
Render set: 1, already done: 503, todo: 1
DONE rendering. ok=1 fail=0 total_processed=1
marked blocked: pages 0, block-capture pages 0
Render set 1, pages already captured 429, todo 1
DONE. pages=1 blocks=0
marked blocked: pages 0, block-capture pages 0
Render set: 1, already done: 504, todo: 1
DONE rendering. ok=1 fail=0 total_processed=1
marked blocked: pages 0, block-capture pages 0
Render set 1, pages already captured 429, todo 1
DONE. pages=1 blocks=0
marked blocked: pages 0, block-capture pages 0
Render set: 1, already done: 505, todo: 1
DONE rendering. ok=1 fail=0 total_processed=1
marked blocked: pages 0, block-capture pages 0
Render set 1, pages already captured 429, todo 1
DONE. pages=1 blocks=4
marked blocked: pages 0, block-capture pages 0
Render set: 1, already done: 506, todo: 1
DONE rendering. ok=1 fail=0 total_processed=1
marked blocked: pages 0, block-capture pages 0
Render set 1, pages already captured 430, todo 1
DONE. pages=1 blocks=3
marked blocked: pages 0, block-capture pages 0
07:08:51    offers-Promotions: 200/206
Render set: 1, already done: 507, todo: 1
DONE rendering. ok=1 fail=0 total_processed=1
marked blocked: pages 0, block-capture pages 0
Render set 1, pages already captured 431, todo 1
DONE. pages=1 blocks=0
marked blocked: pages 0, block-capture pages 0
Render set: 1, already done: 508, todo: 1
DONE rendering. ok=1 fail=0 total_processed=1
marked blocked: pages 0, block-capture pages 0
Render set 1, pages already captured 431, todo 1
DONE. pages=1 blocks=0
marked blocked: pages 0, block-capture pages 0
Render set: 1, already done: 509, todo: 1
DONE rendering. ok=1 fail=0 total_processed=1
marked blocked: pages 0, block-capture pages 0
Render set 1, pages already captured 431, todo 1
DONE. pages=1 blocks=0
marked blocked: pages 0, block-capture pages 0
Render set: 1, already done: 510, todo: 1
DONE rendering. ok=1 fail=0 total_processed=1
marked blocked: pages 0, block-capture pages 0
Render set 1, pages already captured 431, todo 1
DONE. pages=1 blocks=0
marked blocked: pages 0, block-capture pages 0
Render set: 1, already done: 511, todo: 1
DONE rendering. ok=1 fail=0 total_processed=1
marked blocked: pages 0, block-capture pages 0
Render set 1, pages already captured 431, todo 1
DONE. pages=1 blocks=0
marked blocked: pages 0, block-capture pages 0
Render set: 1, already done: 512, todo: 1
DONE rendering. ok=1 fail=0 total_processed=1
marked blocked: pages 0, block-capture pages 0
Render set 1, pages already captured 431, todo 1
DONE. pages=1 blocks=4
marked blocked: pages 0, block-capture pages 0
07:13:39    ✔ offers-Promotions done — render errors 0/206, block errors 0/206
07:14:39 [47/65] procurement-supplier — 3 pages
Render set: 1, already done: 513, todo: 1
DONE rendering. ok=1 fail=0 total_processed=1
marked blocked: pages 0, block-capture pages 0
Render set 1, pages already captured 432, todo 1
DONE. pages=1 blocks=10
marked blocked: pages 0, block-capture pages 0
Render set: 1, already done: 514, todo: 1
DONE rendering. ok=1 fail=0 total_processed=1
marked blocked: pages 0, block-capture pages 0
Render set 1, pages already captured 433, todo 1
DONE. pages=1 blocks=4
marked blocked: pages 0, block-capture pages 0
Render set: 1, already done: 515, todo: 1
DONE rendering. ok=1 fail=0 total_processed=1
marked blocked: pages 0, block-capture pages 0
Render set 1, pages already captured 434, todo 1
DONE. pages=1 blocks=6
marked blocked: pages 0, block-capture pages 0
07:17:04    ✔ procurement-supplier done — render errors 0/3, block errors 0/3
07:18:04 [48/65] redirect — 11 pages
Render set: 1, already done: 517, todo: 1
DONE rendering. ok=1 fail=0 total_processed=1
marked blocked: pages 0, block-capture pages 0
Render set 1, pages already captured 435, todo 1
DONE. pages=1 blocks=1
marked blocked: pages 0, block-capture pages 0
Render set: 1, already done: 518, todo: 1
DONE rendering. ok=1 fail=0 total_processed=1
marked blocked: pages 0, block-capture pages 0
Render set 1, pages already captured 436, todo 1
DONE. pages=1 blocks=1
marked blocked: pages 0, block-capture pages 0
Render set: 1, already done: 519, todo: 1
DONE rendering. ok=1 fail=0 total_processed=1
marked blocked: pages 1, block-capture pages 0
07:19:48    ⚠ render Cloudflare block (try 1/4): /th-th/content/redirect/sign-up/ — cooling down 300s
Render set: 1, already done: 519, todo: 1
DONE rendering. ok=1 fail=0 total_processed=1
marked blocked: pages 1, block-capture pages 0
07:25:08    ⚠ render Cloudflare block (try 2/4): /th-th/content/redirect/sign-up/ — cooling down 600s
marked blocked: pages 0, block-capture pages 0
07:28:41 ▶ start: 65 sub-sections under /th-th/content/
07:28:41 [48/65] redirect — 11 pages
Render set: 1, already done: 520, todo: 1
DONE rendering. ok=1 fail=0 total_processed=1
marked blocked: pages 0, block-capture pages 0
Render set 1, pages already captured 437, todo 1
DONE. pages=1 blocks=0
marked blocked: pages 0, block-capture pages 0
Render set: 1, already done: 521, todo: 1
DONE rendering. ok=1 fail=0 total_processed=1
marked blocked: pages 0, block-capture pages 0
Render set 1, pages already captured 437, todo 1
DONE. pages=1 blocks=1
marked blocked: pages 0, block-capture pages 0
Render set: 1, already done: 522, todo: 1
DONE rendering. ok=1 fail=0 total_processed=1
marked blocked: pages 0, block-capture pages 0
Render set 1, pages already captured 438, todo 1
DONE. pages=1 blocks=1
marked blocked: pages 0, block-capture pages 0
Render set: 1, already done: 523, todo: 1
DONE rendering. ok=1 fail=0 total_processed=1
marked blocked: pages 0, block-capture pages 0
Render set 1, pages already captured 439, todo 1
DONE. pages=1 blocks=1
marked blocked: pages 0, block-capture pages 0
Render set: 1, already done: 524, todo: 1
DONE rendering. ok=1 fail=0 total_processed=1
marked blocked: pages 0, block-capture pages 0
Render set 1, pages already captured 440, todo 1
DONE. pages=1 blocks=1
marked blocked: pages 0, block-capture pages 0
Render set: 1, already done: 525, todo: 1
DONE rendering. ok=1 fail=0 total_processed=1
marked blocked: pages 1, block-capture pages 0
07:32:31    ✖ render shows site-side Service Notice (not Cloudflare): /th-th/content/redirect/feedback/
Render set: 1, already done: 526, todo: 1
DONE rendering. ok=1 fail=0 total_processed=1
marked blocked: pages 1, block-capture pages 0
07:32:57    ✖ render shows site-side Service Notice (not Cloudflare): /th-th/content/redirect/miles-calculator/
07:32:57    redirect: 10/11
Render set: 1, already done: 527, todo: 1
DONE rendering. ok=1 fail=0 total_processed=1
marked blocked: pages 0, block-capture pages 0
Render set 1, pages already captured 441, todo 1
DONE. pages=1 blocks=0
marked blocked: pages 0, block-capture pages 0
07:33:39    ✔ redirect done — render errors 3/11, block errors 0/11
07:34:39 [50/65] royal-orchid-plus — 7 pages
Render set: 1, already done: 528, todo: 1
DONE rendering. ok=1 fail=0 total_processed=1
marked blocked: pages 0, block-capture pages 0
Render set 1, pages already captured 441, todo 1
DONE. pages=1 blocks=6
marked blocked: pages 0, block-capture pages 0
Render set: 1, already done: 529, todo: 1
DONE rendering. ok=1 fail=0 total_processed=1
marked blocked: pages 0, block-capture pages 0
Render set 1, pages already captured 442, todo 1
DONE. pages=1 blocks=2
marked blocked: pages 0, block-capture pages 0
Render set: 1, already done: 530, todo: 1
DONE rendering. ok=1 fail=0 total_processed=1
marked blocked: pages 0, block-capture pages 0
Render set 1, pages already captured 443, todo 1
DONE. pages=1 blocks=5
marked blocked: pages 0, block-capture pages 0
Render set: 1, already done: 531, todo: 1
DONE rendering. ok=1 fail=0 total_processed=1
marked blocked: pages 0, block-capture pages 0
Render set 1, pages already captured 444, todo 1
DONE. pages=1 blocks=6
marked blocked: pages 0, block-capture pages 0
07:37:54    ✔ royal-orchid-plus done — render errors 0/7, block errors 0/7
07:38:54 [53/65] special-assistance — 10 pages
Render set: 1, already done: 532, todo: 1
DONE rendering. ok=1 fail=0 total_processed=1
marked blocked: pages 0, block-capture pages 0
Render set 1, pages already captured 445, todo 1
DONE. pages=1 blocks=6
marked blocked: pages 0, block-capture pages 0
Render set: 1, already done: 533, todo: 1
DONE rendering. ok=1 fail=0 total_processed=1
marked blocked: pages 0, block-capture pages 0
Render set 1, pages already captured 446, todo 1
DONE. pages=1 blocks=10
marked blocked: pages 0, block-capture pages 0
07:40:33    special-assistance: 10/10
07:40:33    ✔ special-assistance done — render errors 0/10, block errors 0/10
07:41:33 [54/65] spend-miles — 8 pages
Render set: 1, already done: 534, todo: 1
DONE rendering. ok=1 fail=0 total_processed=1
marked blocked: pages 0, block-capture pages 0
Render set 1, pages already captured 447, todo 1
DONE. pages=1 blocks=3
marked blocked: pages 0, block-capture pages 0
07:42:22    ✔ spend-miles done — render errors 0/8, block errors 0/8
07:43:22 [56/65] status — 2 pages
Render set: 1, already done: 535, todo: 1
DONE rendering. ok=1 fail=0 total_processed=1
marked blocked: pages 0, block-capture pages 0
Render set 1, pages already captured 448, todo 1
DONE. pages=1 blocks=2
marked blocked: pages 0, block-capture pages 0
07:44:09    ✔ status done — render errors 0/2, block errors 0/2
07:45:09 [57/65] status-and-benefits — 1 pages
Render set: 1, already done: 536, todo: 1
DONE rendering. ok=1 fail=0 total_processed=1
marked blocked: pages 0, block-capture pages 0
Render set 1, pages already captured 449, todo 1
DONE. pages=1 blocks=7
marked blocked: pages 0, block-capture pages 0
07:45:59    ✔ status-and-benefits done — render errors 0/1, block errors 0/1
07:46:59 [58/65] sustainable-development — 7 pages
Render set: 1, already done: 537, todo: 1
DONE rendering. ok=1 fail=0 total_processed=1
marked blocked: pages 0, block-capture pages 0
Render set 1, pages already captured 450, todo 1
DONE. pages=1 blocks=3
marked blocked: pages 0, block-capture pages 0
Render set: 1, already done: 538, todo: 1
DONE rendering. ok=1 fail=0 total_processed=1
marked blocked: pages 0, block-capture pages 0
Render set 1, pages already captured 451, todo 1
DONE. pages=1 blocks=6
marked blocked: pages 0, block-capture pages 0
07:48:33    ✔ sustainable-development done — render errors 0/7, block errors 0/7
07:49:33 [65/65] where-we-fly — 5 pages
Render set: 1, already done: 539, todo: 1
DONE rendering. ok=1 fail=0 total_processed=1
marked blocked: pages 0, block-capture pages 0
Render set 1, pages already captured 452, todo 1
DONE. pages=1 blocks=5
marked blocked: pages 0, block-capture pages 0
Render set: 1, already done: 540, todo: 1
DONE rendering. ok=1 fail=0 total_processed=1
marked blocked: pages 0, block-capture pages 0
Render set 1, pages already captured 453, todo 1
DONE. pages=1 blocks=5
marked blocked: pages 0, block-capture pages 0
Render set: 1, already done: 541, todo: 1
DONE rendering. ok=1 fail=0 total_processed=1
marked blocked: pages 0, block-capture pages 0
Render set 1, pages already captured 454, todo 1
DONE. pages=1 blocks=5
marked blocked: pages 0, block-capture pages 0
Render set: 1, already done: 542, todo: 1
DONE rendering. ok=1 fail=0 total_processed=1
marked blocked: pages 0, block-capture pages 0
Render set 1, pages already captured 455, todo 1
DONE. pages=1 blocks=5
marked blocked: pages 0, block-capture pages 0
07:52:52    ✔ where-we-fly done — render errors 0/5, block errors 0/5
07:53:52 ▶ all sections rendered — running remaining dashboard stages
07:53:52 ▶ [4] cluster layouts + front-end integrations
Rendered pages clustered: 538
Distinct layout signatures: 80

=== Layout templates (est. full-population pages) ===
  103 pp  rendered=103   minimal-page     (empty)                                        |  th-th(103)
   63 pp  rendered= 63   article-text     text>text>text                                 |  th-th(63)
   50 pp  rendered= 50   article-text     text>text                                      |  th-th(50)
   44 pp  rendered= 44   article-text     text                                           |  th-th(44)
   29 pp  rendered= 29   article-text     text>text>text>text>text>text>text>text>text>t |  th-th(29)
   23 pp  rendered= 23   columns          columns>text                                   |  th-th(23)
   21 pp  rendered= 21   article-text     text>text>text>text                            |  th-th(21)
   13 pp  rendered= 13   article-text     text>text>text>text>text>text                  |  th-th(13)
   13 pp  rendered= 13   article-text     text>text>text>text>text>text>text>text        |  th-th(13)
   13 pp  rendered= 13   data-table       table                                          |  th-th(13)
   12 pp  rendered= 12   media            media                                          |  th-th(12)
   11 pp  rendered= 11   article-text     text>text>text>text>text>text>text             |  th-th(11)
   10 pp  rendered= 10   article-text     text>text>text>text>text                       |  th-th(10)
    9 pp  rendered=  9   media-article    text>media                                     |  th-th(9)
    8 pp  rendered=  8   article-text     text>text>text>text>text>text>text>text>text   |  th-th(8)
    8 pp  rendered=  8   tabbed-page      text>tabs                                      |  th-th(8)
    6 pp  rendered=  6   article-text     text>text>text>text>text>text>text>text>text>t |  th-th(6)
    5 pp  rendered=  5   article-text     text>text>text>text>text>text>text>text>text>t |  th-th(5)
    4 pp  rendered=  4   card-grid        cards>cards>cards>cards                        |  th-th(4)
    4 pp  rendered=  4   card-grid        text>text>cards                                |  th-th(4)
    4 pp  rendered=  4   article-text     text>text>text>text>text>text>text>text>text>t |  th-th(4)
    4 pp  rendered=  4   card-grid        cards                                          |  th-th(4)
    3 pp  rendered=  3   card-grid        cards>cards>cards                              |  th-th(3)
    3 pp  rendered=  3   card-grid        text>cards                                     |  th-th(3)
    3 pp  rendered=  3   card-grid        cards>cards>cards>cards>cards>cards>cards      |  th-th(3)
    3 pp  rendered=  3   form-page        nav>form                                       |  th-th(3)
    3 pp  rendered=  3   media-article    text>media>text>media                          |  th-th(3)
    3 pp  rendered=  3   article-text     text>text>text>text>text>text>text>text>text>t |  th-th(3)
    3 pp  rendered=  3   carousel-page    text>carousel                                  |  th-th(3)
    2 pp  rendered=  2   tabbed-page      list>text>list>media>tabs                      |  th-th(2)

=== Third-party integrations detected ===
 4551 Google Tag Manager
 3662 Meta (Facebook) Pixel
 1599 Twitter/X Pixel
 1177 CDN/JS libs
  164 Google Analytics
    2 Other third-party: thaiairways.3dseatmapvr.com

=== Global objects ===
 537 dataLayer
 537 gtag
 537 google_tag_manager
 537 fbq
  83 ga
  81 _gaq
07:53:53 ▶ [6] consolidate block variants
Total block instances: 1680
Total variants: 227

=== Base type -> variants / instances ===
 886 inst   76 variants   text
 264 inst   59 variants   unknown
 143 inst   19 variants   cards
 108 inst   10 variants   columns
  83 inst    1 variants   breadcrumbs
  37 inst   11 variants   table
  36 inst    9 variants   accordion
  34 inst   13 variants   form
  34 inst    4 variants   iframe-embed
  26 inst   10 variants   media
  20 inst   11 variants   tabs
   6 inst    2 variants   carousel
   2 inst    1 variants   video
   1 inst    1 variants   list

=== Top 20 variants ===
 352 x   text          pages=159   p||aN,iN
  83 x   breadcrumbs   pages= 83   div|nav1|lst,aN,iN
  82 x   unknown       pages= 44   ul|liN|aN,iN
  51 x   text          pages= 33   ul|liN|aN,iN
  50 x   cards         pages=  7   a|div2.h41|img,aN,iN
  46 x   text          pages= 24   ul|liN|lst,aN,iN
  43 x   text          pages= 21   p|br1|aN,iN
  41 x   text          pages= 21   p|strong1|aN,iN
  38 x   columns       pages= 35   div|div1.link1.script1|img,aN,iN
  36 x   text          pages= 36   h2||aN,iN
  32 x   columns       pages= 31   div|div1.link1.script1|img,hd,aN,iN
  31 x   iframe-embed  pages= 31   div|div1.link1.script2|img,lst,ifr,aN,iN
  31 x   text          pages= 31   div|div1.link1.script1|hd,aN,iN
  30 x   text          pages=  4   a|div1.img1|img,aN,iN
  29 x   cards         pages= 29   div|div1.link1.script2|img,lst,aN,iN
  29 x   text          pages= 25   div|div1|aN,iN
  25 x   unknown       pages= 13   p|br1.strong2|aN,iN
  24 x   text          pages= 18   p|aN|aN,iN
  23 x   text          pages= 12   p|br1.strong1|aN,iN
  21 x   text          pages= 21   div|div1.link1.script1|aN,iN
07:53:53 ▶ [7] template screenshots
✓ t00_minimal-page.jpg  (1075KB)  https://www.thaiairways.com/th-th/content/baggage/excess-bag
✓ t01_article-text.jpg  (409KB)  https://www.thaiairways.com/th-th/content/board-of-directors
✓ t02_article-text.jpg  (325KB)  https://www.thaiairways.com/th-th/content/baggage/
✓ t05_columns.jpg  (151KB)  https://www.thaiairways.com/th-th/content/check-in-counter-c
✓ t09_data-table.jpg  (289KB)  https://www.thaiairways.com/th-th/content/about-royal-orchid
✓ t10_media.jpg  (519KB)  https://www.thaiairways.com/th-th/content/news-and-announcem
✓ t13_media-article.jpg  (292KB)  https://www.thaiairways.com/th-th/content/more-services/roya
✓ t15_tabbed-page.jpg  (234KB)  https://www.thaiairways.com/th-th/content/in-flight-experien
✓ t18_card-grid.jpg  (136KB)  https://www.thaiairways.com/th-th/content/government/where-w
✓ t19_card-grid.jpg  (309KB)  https://www.thaiairways.com/th-th/content/news-and-announcem
✓ t25_form-page.jpg  (35KB)  https://www.thaiairways.com/th-th/content/book-flight/
✓ t26_media-article.jpg  (36KB)  https://www.thaiairways.com/th-th/content/earn-miles/credit-
✓ t28_carousel-page.jpg  (36KB)  https://www.thaiairways.com/th-th/content/offers-Promotions/
✓ t29_tabbed-page.jpg  (36KB)  https://www.thaiairways.com/th-th/content/airport-informatio
✓ t30_form-page.jpg  (36KB)  https://www.thaiairways.com/th-th/content/in-flight-experien
✓ t31_data-table.jpg  (36KB)  https://www.thaiairways.com/th-th/content/news-and-announcem
✓ t46_accordion-page.jpg  (36KB)  https://www.thaiairways.com/th-th/content/help/faq/
✓ t57_columns.jpg  (36KB)  https://www.thaiairways.com/th-th/content/sustainable-develo
✓ t65_carousel-page.jpg  (368KB)  https://www.thaiairways.com/th-th/content/offers-Promotions/
✓ t77_media.jpg  (93KB)  https://www.thaiairways.com/th-th/content/procurement-suppli
DONE shots: 20/20
07:59:47 ▶ [8] methodology diagrams
diagram: cards-diagram.jpg ← A block that IS a standard type (Cards)
diagram: unknown-diagram.jpg ← A block that is NOT a standard type (Unknown)
done
07:59:50 ▶ [9] URL coverage
inspection.json: 10 template groups | full: 0 sampled: 0 excluded: 10
pages — inspected: 0 skipped: 559 non-200: 0 of 559 urls

=== Template groups (by size) ===
  G00   256  excluded  /{locale}/{section}/{page}/{path…}/{path…}  Locale deep pages
  G01   118  excluded  /{locale}/{section}/{page}/{path…}  Locale deep pages
  G02    83  excluded  /{locale}/{section}/{page}/{slug}  Locale deep pages
  G03    56  excluded  /{locale}/{section}/{page}        Locale sub-pages
  G04    21  excluded  /{locale}/{section}/{slug}        Locale sub-pages
  G05     8  excluded  /{locale}/{section}/{id}/{slug}   Locale deep pages
  G06     6  excluded  /{locale}/{section}/{id}/{path…}  Locale deep pages
  G07     5  excluded  /{locale}/{section}/{page}/{id}/{path…}  Locale deep pages
  G08     5  excluded  /{locale}/{section}/{id}/{id}/{path…}  Locale deep pages
  G09     1  excluded  /{locale}                         Locale homepages
07:59:50 ▶ [11] supplementary data
compute-data: live pages 559 | structure groups 22 | docs 0 | url groups 8 | layout heatmap rows 11 | block heatmap rows 14 | integrations 6
07:59:50 ▶ [12] build dashboard
written: /backups/xinzhan/literate-octo-memory/repo/.migration/reports/thaiairways-com-site-analysis-dashboard.html 25.07 MB
templates: 11 galleries: Cards:19, Columns:10, Carousel:2, Accordion:9, Tabs:11, Table:11, Form:13, Media:10, Video:1, Embed:4, Breadcrumbs:1, List:1, Text:76, Unknown / Custom:59
IMAGES: 227 TEMPLATE_SHOTS: 11
07:59:55 ▶ pipeline finished
